[w4] 20/9065 007-0681-000 elapsed=2.0m
[w2] 20/9065 007-0648-000 elapsed=2.0m
[w1] 20/9066 007-0638-000 elapsed=2.1m
[w0] 20/9066 007-0637-000 elapsed=2.1m
[w3] 20/9065 007-0679-000 elapsed=2.2m
[w0] 40/9066 007-1528-000 elapsed=3.6m
[w1] 40/9066 007-1540-000 elapsed=3.6m
[w4] 40/9065 007-1571-000 elapsed=3.7m
[w2] 40/9065 007-1548-000 elapsed=3.7m
[w3] 40/9065 007-1566-000 elapsed=3.9m
[w0] 60/9066 07751b94a88a elapsed=5.0m
[w1] 60/9066 0790515cf5af elapsed=5.1m
[w4] 60/9065 07e827469099 elapsed=5.2m
[w3] 60/9065 07e827469099-600 elapsed=5.3m
[w2] 60/9065 07a0be6b347f elapsed=5.4m
[w1] 80/9066 10599_right-600 elapsed=6.6m
[w0] 80/9066 10591_right-600 elapsed=7.0m
[w4] 80/9065 10624_right-600 elapsed=7.0m
[w3] 80/9065 10609_left-600 elapsed=7.0m
[w2] 80/9065 10603_left-600 elapsed=7.1m
[w1] 100/9066 11605_left-600 elapsed=8.1m
[w0] 100/9066 1158_right-600 elapsed=8.4m
[w4] 100/9065 11674_left-600 elapsed=8.4m
[w2] 100/9065 11634_right-600 elapsed=8.5m
[w3] 100/9065 11636_right-600 elapsed=8.5m
[w1] 120/9066 12661_left-600 elapsed=9.6m
[w0] 120/9066 12656_left-600 elapsed=9.7m
[w2] 120/9065 12668_left-600 elapsed=9.8m
[w4] 120/9065 12687_right-600 elapsed=9.9m
[w3] 120/9065 12687_left-600 elapsed=9.9m
[w1] 140/9066 13532_left-600 elapsed=11.1m
[w0] 140/9066 13530_right-600 elapsed=11.2m
[w2] 140/9065 13539_right-600 elapsed=11.3m
[w4] 140/9065 13545_right-600 elapsed=11.4m
[w3] 140/9065 13543_right-600 elapsed=11.4m
[w1] 160/9066 14591_left-600 elapsed=12.6m
[w0] 160/9066 14583_right-600 elapsed=12.7m
[w2] 160/9065 14595_left-600 elapsed=12.8m
[w3] 160/9065 14611_left-600 elapsed=13.0m
[w4] 160/9065 14616_left-600 elapsed=13.0m
[w1] 180/9066 15426_left-600 elapsed=14.0m
[w0] 180/9066 15419_right-600 elapsed=14.0m
[w2] 180/9065 15435_right-600 elapsed=14.2m
[w4] 180/9065 15444_left-600 elapsed=14.3m
[w3] 180/9065 15436_left-600 elapsed=14.4m
[w1] 200/9066 16542_right-600 elapsed=15.5m
[w0] 200/9066 16480_right-600 elapsed=15.5m
[w2] 200/9065 16554_right-600 elapsed=15.6m
[w4] 200/9065 165634a6167e elapsed=15.8m
[w3] 200/9065 16559_left-600 elapsed=16.0m
[w1] 220/9066 17464_left-600 elapsed=17.1m
[w0] 220/9066 17452_left-600 elapsed=17.1m
[w2] 220/9065 17503_right-600 elapsed=17.1m
[w4] 220/9065 17549_left-600 elapsed=17.3m
[w3] 220/9065 17517_right-600 elapsed=17.6m
[w1] 240/9066 18559_left-600 elapsed=18.6m
[w2] 240/9065 18560_left-600 elapsed=18.6m
[w0] 240/9066 18551_left-600 elapsed=18.6m
[w4] 240/9065 18621b9ca978 elapsed=18.8m
[w3] 240/9065 18597_left-600 elapsed=19.2m
[w0] 260/9066 19451_right-600 elapsed=20.1m
[w2] 260/9065 19464_right-600 elapsed=20.2m
[w1] 260/9066 19461_right-600 elapsed=20.2m
[w4] 260/9065 19505_left-600 elapsed=20.3m
[w3] 260/9065 19473_left-600 elapsed=20.7m
[w1] 280/9066 20051130_54030_0400_PP elapsed=21.7m
[w2] 280/9065 20051130_59793_0400_PP elapsed=21.9m
[w0] 280/9066 20051117_37042_0400_PP elapsed=21.9m
[w4] 280/9065 20051130_60715_0400_PP elapsed=22.0m
[w3] 280/9065 20051130_60040_0400_PP elapsed=22.3m
[w1] 300/9066 20170207175247017 elapsed=23.3m
[w0] 300/9066 20170207145129242 elapsed=23.5m
[w2] 300/9065 20170208110425349 elapsed=23.5m
[w4] 300/9065 20170208135854881 elapsed=23.7m
[w3] 300/9065 20170208134713854 elapsed=23.8m
[w2] 320/9065 20170226204323282 elapsed=25.1m
[w1] 320/9066 20170226093758363 elapsed=25.1m
[w0] 320/9066 20170226093322210 elapsed=25.1m
[w4] 320/9065 20170226215047840 elapsed=25.4m
[w3] 320/9065 20170226214404210 elapsed=25.6m
[w0] 340/9066 20170327111957345 elapsed=26.5m
[w1] 340/9066 20170327140449496 elapsed=26.6m
[w2] 340/9065 20170327160227390 elapsed=26.6m
[w4] 340/9065 20170327164504431 elapsed=26.9m
[w3] 340/9065 20170327160649463 elapsed=27.1m
[w0] 360/9066 20170410103559297 elapsed=28.0m
[w1] 360/9066 20170410111317874 elapsed=28.1m
[w2] 360/9065 20170410120121151 elapsed=28.4m
[w4] 360/9065 20170410135203932 elapsed=28.4m
[w3] 360/9065 20170410133949207 elapsed=28.8m
[w0] 380/9066 20170426085909496 elapsed=29.5m
[w1] 380/9066 20170426091057515 elapsed=29.7m
[w2] 380/9065 20170427081426172 elapsed=29.8m
[w4] 380/9065 20170427084114239 elapsed=30.1m
[w3] 380/9065 20170427084113100 elapsed=30.4m
[w0] 400/9066 20170429210836701 elapsed=31.1m
[w1] 400/9066 20170429211011053 elapsed=31.3m
[w2] 400/9065 20170429211115482 elapsed=31.3m
[w4] 400/9065 20170429212530143 elapsed=31.7m
[w3] 400/9065 20170429212332747 elapsed=32.0m
[w0] 420/9066 20437_left-600 elapsed=32.6m
[w2] 420/9065 20459_left-600 elapsed=32.8m
[w1] 420/9066 20448_left-600 elapsed=32.9m
[w4] 420/9065 20489_left-600 elapsed=33.1m
[w3] 420/9065 20480_right-600 elapsed=33.5m
[w0] 440/9066 21628_right-600 elapsed=34.1m
[w2] 440/9065 21657_left-600 elapsed=34.3m
[w1] 440/9066 21641_left-600 elapsed=34.4m
[w4] 440/9065 2167_right-600 elapsed=34.7m
[w3] 440/9065 21670_right-600 elapsed=35.0m
[w0] 460/9066 2284_left-600 elapsed=35.7m
[w2] 460/9065 22884_right-600 elapsed=35.8m
[w1] 460/9066 22872_right-600 elapsed=36.0m
[w4] 460/9065 22891_left-600 elapsed=36.2m
[w3] 460/9065 22885_left-600 elapsed=36.6m
[w2] 480/9065 23921_left-600 elapsed=37.2m
[w0] 480/9066 23911_right-600 elapsed=37.3m
[w1] 480/9066 23912_left-600 elapsed=37.5m
[w4] 480/9065 23952_left-600 elapsed=37.7m
[w3] 480/9065 23948_right-600 elapsed=38.1m
[w0] 500/9066 25197_left-600 elapsed=38.7m
[w2] 500/9065 25237_right-600 elapsed=38.8m
[w1] 500/9066 2521_right-600 elapsed=39.0m
[w4] 500/9065 25245_right-600 elapsed=39.1m
[w3] 500/9065 25243_left-600 elapsed=39.6m
[w0] 520/9066 26292_right-600 elapsed=40.2m
[w2] 520/9065 26331_left-600 elapsed=40.2m
[w1] 520/9066 26329_left-600 elapsed=40.4m
[w4] 520/9065 26371_right-600 elapsed=40.6m
[w3] 520/9065 26370_left-600 elapsed=41.1m
[w0] 540/9066 27298_right-600 elapsed=41.7m
[w2] 540/9065 27329_left-600 elapsed=41.8m
[w1] 540/9066 27315_left-600 elapsed=42.0m
[w4] 540/9065 27351_left-600 elapsed=42.2m
[w3] 540/9065 27331_left-600 elapsed=42.6m
[w0] 560/9066 28384_right-600 elapsed=43.1m
[w1] 560/9066 28388_left-600 elapsed=43.3m
[w2] 560/9065 28392_right-600 elapsed=43.4m
[w4] 560/9065 283c3aeba594 elapsed=43.7m
[w3] 560/9065 28399_right-600 elapsed=44.1m
[w0] 580/9066 2931_left-600 elapsed=44.6m
[w1] 580/9066 29323_left-600 elapsed=44.9m
[w2] 580/9065 29334_right-600 elapsed=45.0m
[w4] 580/9065 29356_left-600 elapsed=45.4m
[w3] 580/9065 29347_right-600 elapsed=45.7m
[w0] 600/9066 2db0cd3e30da elapsed=46.1m
[w1] 600/9066 2ef4a04aed1b elapsed=46.6m
[w2] 600/9065 2ef955d6d9ff elapsed=46.6m
[w4] 600/9065 2f7fbdcc9a4b elapsed=47.1m
[w3] 600/9065 2f143453bb71 elapsed=47.5m
[w0] 620/9066 30971_right-600 elapsed=47.6m
[w2] 620/9065 30db694bee42 elapsed=48.2m
[w1] 620/9066 30990_right-600 elapsed=48.4m
[w4] 620/9065 31023_left-600 elapsed=48.6m
[w3] 620/9065 31011_left-600 elapsed=49.2m
[w0] 640/9066 32201_left-600 elapsed=49.3m
[w2] 640/9065 32227_left-600 elapsed=49.7m
[w1] 640/9066 32222_right-600 elapsed=49.9m
[w4] 640/9065 32244_left-600 elapsed=50.1m
[w3] 640/9065 32240_left-600 elapsed=50.7m
[w0] 660/9066 33123_right-600 elapsed=50.9m
[w2] 660/9065 33142_right-600 elapsed=51.3m
[w1] 660/9066 33127_right-600 elapsed=51.3m
[w4] 660/9065 33196_right-600 elapsed=51.6m
[w3] 660/9065 33178_right-600 elapsed=52.3m
[w0] 680/9066 34336_right-600 elapsed=52.5m
[w2] 680/9065 34359_right-600 elapsed=52.7m
[w1] 680/9066 34337_left-600 elapsed=53.0m
[w4] 680/9065 34381_left-600 elapsed=53.1m
[w3] 680/9065 34365_right-600 elapsed=53.7m
[w0] 700/9066 35214_right-600 elapsed=54.0m
[w2] 700/9065 35226_left-600 elapsed=54.2m
[w1] 700/9066 35225_right-600 elapsed=54.4m
[w4] 700/9065 35240_right-600 elapsed=54.7m
[w3] 700/9065 35231_right-600 elapsed=55.2m
[w0] 720/9066 36240_right-600 elapsed=55.5m
[w2] 720/9065 36248_left-600 elapsed=55.6m
[w1] 720/9066 36241_left-600 elapsed=55.8m
[w4] 720/9065 36277_right-600 elapsed=56.5m
[w3] 720/9065 36270_right-600 elapsed=56.7m
[w0] 740/9066 37348_right-600 elapsed=57.0m
[w2] 740/9065 37374_left-600 elapsed=57.1m
[w1] 740/9066 37358_left-600 elapsed=57.2m
[w4] 740/9065 37396_left-600 elapsed=58.0m
[w3] 740/9065 37394_right-600 elapsed=58.2m
[w0] 760/9066 38395_left-600 elapsed=58.6m
[w2] 760/9065 3840_left-600 elapsed=58.7m
[w1] 760/9066 38404_right-600 elapsed=58.7m
[w4] 760/9065 38476_left-600 elapsed=59.4m
[w3] 760/9065 38421_right-600 elapsed=59.7m
[w0] 780/9066 39323_left-600 elapsed=60.1m
[w2] 780/9065 39355_left-600 elapsed=60.1m
[w1] 780/9066 39333_left-600 elapsed=60.3m
[w4] 780/9065 39368_left-600 elapsed=61.0m
[w3] 780/9065 39363_left-600 elapsed=61.2m
[w2] 800/9065 40125_right-600 elapsed=61.5m
[w0] 800/9066 4010_left-600 elapsed=61.7m
[w1] 800/9066 40114_left-600 elapsed=61.8m
[w4] 800/9065 40142_right-600 elapsed=62.5m
[w3] 800/9065 40137_left-600 elapsed=62.7m
[w2] 820/9065 41162_right-600 elapsed=62.9m
[w1] 820/9066 41150_right-600 elapsed=63.3m
[w0] 820/9066 41150_left-600 elapsed=63.3m
[w4] 820/9065 41181_left-600 elapsed=64.0m
[w3] 820/9065 41172_right-600 elapsed=64.0m
[w2] 840/9065 42261_left-600 elapsed=64.4m
[w1] 840/9066 42259_right-600 elapsed=64.8m
[w0] 840/9066 42248_right-600 elapsed=64.8m
[w3] 840/9065 42270_left-600 elapsed=65.4m
[w4] 840/9065 42295_right-600 elapsed=65.4m
[w2] 860/9065 43306_left-600 elapsed=65.9m
[w1] 860/9066 432_left-600 elapsed=66.3m
[w0] 860/9066 43296_left-600 elapsed=66.4m
[w3] 860/9065 43321_right-600 elapsed=66.8m
[w4] 860/9065 43357_right-600 elapsed=67.0m
[w2] 880/9065 44304_right-600 elapsed=67.4m
[w1] 880/9066 44290_right-600 elapsed=67.8m
[w0] 880/9066 44269_right-600 elapsed=67.9m
[w3] 880/9065 44318_left-600 elapsed=68.2m
[w4] 880/9065 44318_right-600 elapsed=68.6m
[w2] 900/9065 4e231670b48c elapsed=68.9m
[w1] 900/9066 4dd4a4bf2421 elapsed=69.3m
[w0] 900/9066 4d3de40ced3a elapsed=69.5m
[w3] 900/9065 4e54ccfd49b2 elapsed=69.7m
[w4] 900/9065 4e85aa647534-600 elapsed=70.2m
[w2] 920/9065 5607_left-600 elapsed=70.4m
[w1] 920/9066 55f7f018c61c elapsed=71.0m
[w0] 920/9066 55f7f018c61c-600 elapsed=71.1m
[w3] 920/9065 5607_right-600 elapsed=71.4m
[w4] 920/9065 5612_left-600 elapsed=71.8m
[w2] 940/9065 6229_left-600 elapsed=72.1m
[w1] 940/9066 6225_left-600 elapsed=72.6m
[w0] 940/9066 6214_left-600 elapsed=72.7m
[w3] 940/9065 6232_left-600 elapsed=72.9m
[w4] 940/9065 6248_right-600 elapsed=73.4m
[w2] 960/9065 6872_left-600 elapsed=73.6m
[w1] 960/9066 686_left-600 elapsed=74.2m
[w0] 960/9066 6869_left-600 elapsed=74.2m
[w3] 960/9065 6880_right-600 elapsed=74.5m
[w4] 960/9065 6881_left-600 elapsed=75.2m
[w2] 980/9065 7368_left-600 elapsed=75.3m
[w1] 980/9066 7361_right-600 elapsed=75.6m
[w0] 980/9066 735836b1ffa6 elapsed=75.6m
[w3] 980/9065 7406_right-600 elapsed=75.9m
[w4] 20/8089 79ade634c633 elapsed=1.0m
[w2] 20/8070 8416_left-600 elapsed=1.0m
[w0] 20/8078 8153_right-600 elapsed=1.0m
[w1] 20/8078 81704925f759 elapsed=1.1m
[w3] 20/8084 7f0ffeb0a333 elapsed=1.1m
[w2] 40/8070 8d9516ea3587 elapsed=1.9m
[w4] 20/8050 8e2a3978c244-600 elapsed=0.9m
[w2] 20/8030 9585_right-600 elapsed=1.0m
[w3] 20/8046 9036_left-600 elapsed=1.0m
[w1] 20/8041 91f3c4c1e72b elapsed=1.1m
[w0] 20/8040 9219_right-600 elapsed=1.1m
[w4] 40/8050 9604_left-600 elapsed=1.8m
[w1] 40/8041 9a159d4674cd elapsed=1.8m
[w3] 40/8046 9747_left-600 elapsed=1.8m
[w0] 40/8040 9ae54843c69a elapsed=1.9m
[w2] 40/8030 GF-454792eb6e05-600 elapsed=1.9m
[w4] 60/8050 GF-51a078d6d43a-600 elapsed=2.7m
[w3] 60/8046 GF-80ed04a84a16-600 elapsed=2.7m
[w1] 60/8041 GF-c85b79d70079-600 elapsed=2.7m
[w0] 60/8040 GF-d29b37d110f3-600 elapsed=2.8m
[w2] 60/8030 IM000580 elapsed=3.2m
[w3] 80/8046 IM002300 elapsed=3.8m
[w4] 80/8050 IM000712 elapsed=3.8m
[w0] 80/8040 IM004553 elapsed=3.9m
[w1] 80/8041 IM004270 elapsed=3.9m
[w2] 80/8030 a8dea22ef903 elapsed=4.0m
[w4] 100/8050 a95d9d61ddd4 elapsed=4.6m
[w3] 100/8046 ab88081e5654 elapsed=4.7m
[w1] 100/8041 b085caa513a8 elapsed=4.7m
[w0] 100/8040 b11dcdcbc8c8 elapsed=4.7m
[w2] 100/8030 bc7bf19b84e3 elapsed=4.8m
[w4] 120/8050 bd06028eb7dd elapsed=5.4m
[w3] 120/8046 bffca6eeb2bf elapsed=5.5m
[w1] 120/8041 c704bd669f36 elapsed=5.6m
[w0] 120/8040 c97472ef2c66 elapsed=5.6m
[w2] 120/8030 d4bc001f7224 elapsed=5.7m
[w4] 140/8050 d6130f2ec903 elapsed=6.3m
[w3] 140/8046 da0a83f074f3-600 elapsed=6.3m
[w1] 140/8041 e0d229db881a elapsed=6.4m
[w0] 140/8040 e160a3b19911 elapsed=6.5m
[w2] 140/8030 eabf421f94d0 elapsed=6.6m
[w3] 160/8046 ef476be214d4 elapsed=7.2m
[w4] 160/8050 ebd96d853918 elapsed=7.2m
[w1] 160/8041 f4c7ae514c54 elapsed=7.3m
[w0] 160/8040 f4ea2a2cfbb9 elapsed=7.4m
[w2] 160/8030 007-0347-000 elapsed=7.5m
[w3] 180/8046 007-1900-100 elapsed=8.1m
[w1] 180/8041 007-2127-100 elapsed=8.2m
[w4] 180/8050 007-0713-000 elapsed=8.2m
[w0] 180/8040 007-2157-100 elapsed=8.3m
[w2] 180/8030 007-2532-100 elapsed=8.3m
[w3] 200/8046 007-2711-100 elapsed=8.8m
[w4] 200/8050 007-2549-100 elapsed=9.0m
[w1] 200/8041 007-3042-100 elapsed=9.0m
[w0] 200/8040 007-3051-100 elapsed=9.1m
[w2] 200/8030 0369f3efe69b-GF-600-HB elapsed=9.2m
[w3] 220/8046 07929d32b5b3-600-HFF elapsed=9.7m
[w4] 220/8050 0369f3efe69b-GF-600 elapsed=9.8m
[w1] 220/8041 0d310aba6373-GF-600-HFF elapsed=9.8m
[w2] 220/8030 1027_left-600-HB elapsed=10.0m
[w0] 220/8040 0dc031c94225-GF-600-HFF elapsed=10.1m
[w3] 240/8046 10567_right-600-HB elapsed=10.5m
[w1] 240/8041 1078_left-600-FS elapsed=10.6m
[w4] 240/8050 10297_right-600-HB elapsed=10.7m
[w2] 240/8030 11257_left-600-HB elapsed=10.7m
[w3] 260/8046 11322_left-600-FS elapsed=11.2m
[w1] 260/8041 11517_left-600-FS elapsed=11.4m
[w2] 260/8030 11980_left-600-HB elapsed=11.4m
[w4] 260/8050 11263_left-600-FA elapsed=11.5m
[w3] 280/8046 12144_left-600-HB elapsed=12.0m
[w1] 280/8041 12392_left-600-HB elapsed=12.1m
[w2] 280/8030 12903_right-600-HFF elapsed=12.2m
[w4] 280/8050 11983_left-600-FA elapsed=12.2m
[w3] 300/8046 13229_left-600-HB elapsed=12.7m
[w1] 300/8041 13434_right-600 elapsed=12.8m
[w2] 300/8030 13891_right-600 elapsed=12.8m
[w4] 300/8050 12927_left-600-FS elapsed=12.9m
[w3] 320/8046 14068_left-600-HFF elapsed=13.4m
[w1] 320/8041 14248_right-600-FA elapsed=13.5m
[w2] 320/8030 14615_right-600-HFF elapsed=13.6m
[w4] 320/8050 13945_right-600-HFF elapsed=13.6m
[w3] 340/8046 14805_right-600-HB elapsed=14.1m
[w1] 340/8041 14989_left-600-FS elapsed=14.3m
[w2] 340/8030 15552_right-600-HB elapsed=14.3m
[w4] 340/8050 14641_right-600-FA elapsed=14.3m
[w3] 360/8046 15681_right-600-HB elapsed=14.9m
[w4] 360/8050 15552_right-600 elapsed=15.0m
[w2] 360/8030 16252_right-600-FS elapsed=15.0m
[w1] 360/8041 15885_right-600-FS elapsed=15.1m
[w3] 380/8046 16439_right-600 elapsed=15.6m
[w1] 380/8041 16576_left-600-HB elapsed=15.7m
[w4] 380/8050 16270_left-600 elapsed=15.8m
[w2] 380/8030 17009_left-600-HB elapsed=15.8m
[w3] 400/8046 17264_left-600-HFF elapsed=16.4m
[w1] 400/8041 17461_left-600-HB elapsed=16.4m
[w4] 400/8050 17037_right-600-FA elapsed=16.5m
[w2] 400/8030 1776_left-600-HFF elapsed=16.5m
[w3] 420/8046 1784_left-600 elapsed=17.1m
[w4] 420/8050 17785_left-600-FS elapsed=17.2m
[w1] 420/8041 18014_right-600-HB elapsed=17.2m
[w2] 420/8030 18433_left-600 elapsed=17.2m
[w3] 440/8046 18614_left-600-HFF elapsed=17.8m
[w2] 440/8030 19278_left-600-FS elapsed=17.9m
[w1] 440/8041 18933_left-600-HFF elapsed=17.9m
[w4] 440/8050 18438_right-600 elapsed=18.0m
[w3] 460/8046 19462_left-600-HFF elapsed=18.4m
[w1] 460/8041 19660_right-600-FA elapsed=18.6m
[w2] 460/8030 19e350c7c83c elapsed=18.6m
[w3] 480/8046 1c3a6b4449e9 elapsed=19.0m
[w2] 480/8030 20060529_56853_0100_PP elapsed=19.2m
[w1] 480/8041 20051116_44718_0400_PP elapsed=19.2m
[w3] 500/8046 20170510082538687 elapsed=19.6m
[w2] 500/8030 20784_left-600-HB elapsed=19.8m
[w1] 500/8041 20275_right-600 elapsed=19.8m
[w3] 520/8046 20954_right-600-HFF elapsed=20.2m
[w2] 520/8030 21731_right-600 elapsed=20.4m
[w1] 520/8041 21294_right-600-FS elapsed=20.4m
[w3] 540/8046 2195_right-600-FS elapsed=20.8m
[w2] 540/8030 22640_right-600-HFF elapsed=21.0m
[w1] 540/8041 22171_right-600-FS elapsed=21.0m
[w3] 560/8046 22821_right-600-HFF elapsed=21.5m
[w2] 560/8030 23483_left-600 elapsed=21.6m
[w1] 560/8041 23001_right-600-FS elapsed=21.7m
[w3] 580/8046 23640_left-600-FS elapsed=22.1m
[w2] 580/8030 24341_right-600-HB elapsed=22.3m
[w1] 580/8041 23852_right-600 elapsed=22.3m
[w3] 600/8046 24599_right-600-FS elapsed=22.8m
[w2] 600/8030 25211_right-600-FS elapsed=22.9m
[w1] 600/8041 24838_left-600 elapsed=22.9m
[w3] 620/8046 25387_right-600-HB elapsed=23.4m
[w2] 620/8030 26140_right-600-FS elapsed=23.5m
[w1] 620/8041 25551_right-600-FS elapsed=23.6m
[w3] 640/8046 26433_right-600 elapsed=24.0m
[w2] 640/8030 27223_left-600-HFF elapsed=24.1m
[w1] 640/8041 26665_left-600-FA elapsed=24.2m
[w3] 660/8046 27410_left-600-HFF elapsed=24.7m
[w2] 660/8030 28068_right-600 elapsed=24.7m
[w1] 660/8041 27731_left-600-HFF elapsed=24.8m
[w3] 680/8046 28455_right-600-FA elapsed=25.3m
[w2] 680/8030 29133_right-600-HFF elapsed=25.4m
[w1] 680/8041 2858_left-600 elapsed=25.5m
[w3] 700/8046 29322_left-600 elapsed=26.0m
[w2] 700/8030 2a08ed6bbcbc-GF-600-HB elapsed=26.0m
[w1] 700/8041 29623_left-600-FA elapsed=26.1m
[w3] 720/8046 2f4e81787d9b-GF-600-HFF elapsed=26.6m
[w2] 720/8030 30595_left-600 elapsed=26.7m
[w1] 720/8041 30164_right-600-FA elapsed=26.8m
[w3] 740/8046 30785_right-600-FS elapsed=27.3m
[w2] 740/8030 31389_left-600-HFF elapsed=27.4m
[w1] 740/8041 31035_left-600-FS elapsed=27.4m
[w3] 760/8046 31598_right-600-FS elapsed=27.9m
[w2] 760/8030 32298_left-600-FS elapsed=28.2m
[w1] 760/8041 31789_right-600 elapsed=28.3m
[w2] 780/8030 33163_right-600-FS elapsed=29.5m
[w3] 780/8046 32418_left-600 elapsed=29.5m
[w1] 780/8041 32631_left-600-FA elapsed=29.6m
[w3] 800/8046 33376_right-600-FA elapsed=30.1m
[w2] 800/8030 33b893e18eb3-GF-600-HB elapsed=30.1m
[w1] 800/8041 33535_left-600-FA elapsed=30.2m
[w3] 820/8046 34147_left-600-FS elapsed=30.7m
[w2] 820/8030 34718_left-600-HFF elapsed=30.7m
[w1] 820/8041 34454_left-600-HB elapsed=30.9m
[w3] 840/8046 34990_left-600-HB elapsed=31.3m
[w2] 840/8030 35807_right-600 elapsed=31.4m
[w1] 840/8041 35314_left-600-HFF elapsed=31.5m
[w3] 860/8046 35aa7f5c2ec0 elapsed=31.9m
[w1] 860/8041 36162_left-600 elapsed=32.1m
[w2] 860/8030 36675_right-600-FS elapsed=32.1m
[w3] 880/8046 36728_right-600-HB elapsed=32.6m
[w1] 880/8041 36958_left-600-HB elapsed=32.7m
[w2] 880/8030 37361_left-600-FA elapsed=32.7m
[w3] 900/8046 37669_right-600-HB elapsed=33.3m
[w2] 900/8030 38164_left-600-HB elapsed=33.3m
[w1] 900/8041 3782_left-600 elapsed=33.3m
[w3] 920/8046 38240_left-600-HB elapsed=33.8m
[w2] 920/8030 3894_left-600-FS elapsed=33.9m
[w1] 920/8041 384631079d1e-GF-600-HB elapsed=33.9m
[w3] 940/8046 39033_left-600-HB elapsed=34.4m
[w2] 940/8030 39791_right-600-HB elapsed=34.5m
[w1] 940/8041 39369_right-600-FA elapsed=34.5m
[w3] 960/8046 39938_right-600-HB elapsed=35.0m
[w2] 960/8030 40426_right-600-HB elapsed=35.2m
[w1] 960/8041 40083_right-600-FS elapsed=35.2m
[w3] 980/8046 40667_left-600-HFF elapsed=35.6m
[w2] 980/8030 41318_left-600 elapsed=35.8m
[w1] 980/8041 40848_left-600-HB elapsed=35.9m
[w3] 1000/8046 41538_left-600-HB elapsed=36.2m
[w2] 1000/8030 42364_right-600 elapsed=36.4m
[w1] 1000/8041 41854_right-600 elapsed=36.5m
[w3] 1020/8046 4249_left-600 elapsed=36.8m
[w2] 1020/8030 4304_right-600 elapsed=37.0m
[w1] 1020/8041 42665_left-600-HFF elapsed=37.1m
[w3] 1040/8046 43161_right-600-FA elapsed=37.4m
[w2] 1040/8030 43747_right-600-HFF elapsed=37.6m
[w1] 1040/8041 43314_left-600-FS elapsed=37.7m
[w3] 1060/8046 44017_right-600-HFF elapsed=38.1m
[w2] 1060/8030 4769_left-600-FA elapsed=38.3m
[w1] 1060/8041 4424_right-600 elapsed=38.3m
[w3] 1080/8046 4848_right-600 elapsed=38.7m
[w2] 1080/8030 5062_left-600-FS elapsed=38.9m
[w1] 1080/8041 4964_left-600-HB elapsed=38.9m
[w3] 1100/8046 513b0a4651fa-600-HFF elapsed=39.4m
[w2] 1100/8030 5506_left-600-FS elapsed=39.5m
[w1] 1100/8041 5274_right-600-HB elapsed=39.6m
[w3] 1120/8046 5637_left-600-HFF elapsed=40.0m
[w1] 1120/8041 578109578b46-600 elapsed=40.2m
[w2] 1120/8030 595446774178-GF-600 elapsed=40.2m
[w3] 1140/8046 5b068765e846-600 elapsed=40.7m
[w1] 1140/8041 6028a575dc27 elapsed=40.8m
[w2] 1140/8030 6374_left-600-FA elapsed=40.8m
[w3] 1160/8046 64678182d8a8-GF-600 elapsed=41.4m
[w1] 1160/8041 665ce639a331-GF-600-HB elapsed=41.4m
[w2] 1160/8030 6_left-600-HFF elapsed=41.5m
[w3] 1180/8046 6ea07d19b4ce-600-HB elapsed=42.0m
[w1] 1180/8041 7322_left-600-HFF elapsed=42.1m
[w2] 1180/8030 76be29bb30b2-600-FS elapsed=42.1m
[w3] 1200/8046 77a9538b8362-600-HB elapsed=42.7m
[w1] 1200/8041 7a3ea1779b13 elapsed=42.7m
[w2] 1200/8030 8147_right-600-HFF elapsed=42.8m
[w3] 1220/8046 82ac8463fadd-600-FS elapsed=43.3m
[w1] 1220/8041 8513_right-600-FA elapsed=43.4m
[w2] 1220/8030 8900_left-600-FS elapsed=43.4m
[w3] 1240/8046 89d9c071a56f-600-FS elapsed=43.9m
[w1] 1240/8041 8fc09fecd22f-GF-600-FA elapsed=44.0m
[w2] 1240/8030 9366_left-600 elapsed=44.0m
[w3] 1260/8046 94372043d55b elapsed=44.6m
[w1] 1260/8041 9670_left-600-FA elapsed=44.6m
[w2] 1260/8030 9933_left-600-FA elapsed=44.6m
[w3] 1280/8046 9ed666e982cd-GF-600-FA elapsed=45.2m
[w1] 1280/8041 IM003146 elapsed=45.3m
[w2] 1280/8030 a8c950a99107-GF-600-FA elapsed=45.3m
[w1] 1300/8041 b6a0e348a01e-GF-600-FS elapsed=45.9m
[w3] 1300/8046 af133a85ea0c-600-HFF elapsed=45.9m
[w2] 1300/8030 c027e5482e8c-GF-600-HFF elapsed=46.0m
[w2] 1320/8030 d1cad012a254-GF-600-FS elapsed=46.6m
[w3] 1320/8046 c40976189f22-600-FS elapsed=46.6m
[w1] 1320/8041 c96f743915b5-GF-600 elapsed=46.7m
[w2] 1340/8030 ee78ce914066-600-HFF elapsed=47.3m
[w1] 1340/8041 dbd062558b81-GF-600-FS elapsed=47.3m
[w3] 1340/8046 d66b6f333dc7 elapsed=47.5m
[w2] 1360/8030 007-2055-100 elapsed=47.9m
[w1] 1360/8041 fe674c2f73f5-600-HB elapsed=48.1m
[w3] 1360/8046 f5650eb52640 elapsed=48.3m
[w2] 1380/8030 007-3215-100 elapsed=48.5m
[w1] 1380/8041 007-2615-100 elapsed=48.6m
[w3] 1380/8046 007-2315-100 elapsed=49.0m
[w2] 1400/8030 007-3766-200 elapsed=49.0m
[w1] 1400/8041 007-3520-200 elapsed=49.3m
[w2] 1420/8030 007-4360-200 elapsed=49.5m
[w3] 1400/8046 007-3380-200 elapsed=49.6m
[w1] 1420/8041 007-4020-200 elapsed=49.8m
[w2] 1440/8030 007-4916-300 elapsed=50.1m
[w3] 1420/8046 007-3868-200 elapsed=50.1m
[w1] 1440/8041 007-4606-200 elapsed=50.4m
[w3] 1440/8046 007-4480-200 elapsed=50.6m
[w2] 1460/8030 007-5416-300 elapsed=50.8m
[w1] 1460/8041 007-5149-300 elapsed=51.0m
[w3] 1460/8046 007-5013-300 elapsed=51.2m
[w2] 1480/8030 007-6156-300 elapsed=51.5m
[w1] 1480/8041 007-5740-300 elapsed=51.7m
[w3] 1480/8046 007-5553-300 elapsed=51.9m
[w2] 1500/8030 0ac436400db4 elapsed=52.2m
[w1] 1500/8041 007-8406-603 elapsed=52.5m
[w3] 1500/8046 007-6272-300 elapsed=52.7m
[w2] 1520/8030 10806_right-600 elapsed=52.8m
[w1] 1520/8041 10183_left-600-ALL elapsed=53.3m
[w3] 1520/8046 0fb560f9adb2 elapsed=53.3m
[w2] 1540/8030 1177d583c807 elapsed=53.4m
[w1] 1540/8041 11254_right-600-ALL elapsed=53.8m
[w3] 1540/8046 11069_left-600-ALL elapsed=53.9m
[w2] 1560/8030 12650_right-600-ALL elapsed=54.0m
[w1] 1560/8041 1216_right-600-ALL elapsed=54.4m
[w3] 1560/8046 1198_left-600-ALL elapsed=54.5m
[w2] 1580/8030 13706_left-600 elapsed=54.7m
[w1] 1580/8041 13207_left-600 elapsed=55.0m
[w3] 1580/8046 12875_left-600-ALL elapsed=55.1m
[w2] 1600/8030 1460_right-600 elapsed=55.3m
[w1] 1600/8041 14172_left-600-ALL elapsed=55.6m
[w3] 1600/8046 13915_right-600-ALL elapsed=55.7m
[w2] 1620/8030 15476_left-600-ALL elapsed=55.8m
[w1] 1620/8041 14ee87d6cc42 elapsed=56.2m
[w3] 1620/8046 14811_left-600-ALL elapsed=56.3m
[w2] 1640/8030 16629_left-600-ALL elapsed=56.5m
[w1] 1640/8041 16031_right-600-ALL elapsed=56.8m
[w3] 1640/8046 15703_left-600 elapsed=56.9m
[w2] 1660/8030 17757_right-600 elapsed=57.1m
[w1] 1660/8041 17188c13e635-600-ALL elapsed=57.4m
[w3] 1660/8046 16886_right-600 elapsed=57.6m
[w2] 1680/8030 18796_left-600 elapsed=57.7m
[w1] 1680/8041 18273_right-600-ALL elapsed=58.0m
[w3] 1680/8046 18024_left-600 elapsed=58.2m
[w2] 1700/8030 19756_right-600-ALL elapsed=58.3m
[w1] 1700/8041 19272_left-600 elapsed=58.7m
[w3] 1700/8046 19043_left-600 elapsed=58.8m
[w2] 1720/8030 20060522_45248_0100_PP elapsed=58.9m
[w1] 1720/8041 1f0e223b8055 elapsed=59.4m
[w3] 1720/8046 1b8ad0afe9fb-600 elapsed=59.4m
[w2] 1740/8030 20170607085936158 elapsed=59.5m
[w1] 1740/8041 20170516092409004 elapsed=60.0m
[w3] 1740/8046 20170502144544291 elapsed=60.1m
[w2] 1760/8030 20404ec7b518-600 elapsed=60.1m
[w1] 1760/8041 20170620193521303 elapsed=60.7m
[w2] 1780/8030 21149_right-600-ALL elapsed=60.7m
[w3] 1760/8046 20170612142011722 elapsed=60.8m
[w1] 1780/8041 20777_left-600 elapsed=61.3m
[w2] 1800/8030 22026_left-600-ALL elapsed=61.3m
[w3] 1780/8046 20505_left-600 elapsed=61.4m
[w1] 1800/8041 21544_right-600-ALL elapsed=61.9m
[w2] 1820/8030 22749_right-600-ALL elapsed=62.0m
[w3] 1800/8046 21343_right-600-ALL elapsed=62.1m
[w1] 1820/8041 22359_left-600 elapsed=62.5m
[w2] 1840/8030 23958_left-600 elapsed=62.6m
[w3] 1820/8046 22178_right-600 elapsed=62.7m
[w1] 1840/8041 23325_left-600 elapsed=63.2m
[w2] 1860/8030 24826_right-600 elapsed=63.2m
[w3] 1840/8046 23019_left-600-ALL elapsed=63.3m
[w2] 1880/8030 25851_left-600-ALL elapsed=63.8m
[w1] 1860/8041 24387_right-600-ALL elapsed=63.8m
[w3] 1860/8046 24127_left-600 elapsed=63.9m
[w1] 1880/8041 25390_left-600 elapsed=64.4m
[w2] 1900/8030 26788_left-600 elapsed=64.4m
[w3] 1880/8046 25089_left-600 elapsed=64.5m
[w1] 1900/8041 26328_right-600-ALL elapsed=65.1m
[w2] 1920/8030 27630_left-600-ALL elapsed=65.1m
[w3] 1900/8046 26088_right-600-ALL elapsed=65.1m
[w1] 1920/8041 27212_left-600 elapsed=65.7m
[w2] 1940/8030 28369_left-600 elapsed=65.7m
[w3] 1920/8046 27004_left-600-ALL elapsed=65.8m
[w1] 1940/8041 27991_right-600-ALL elapsed=66.3m
[w2] 1960/8030 29209_left-600 elapsed=66.3m
[w3] 1940/8046 27810_left-600 elapsed=66.4m
[w1] 1960/8041 28825_left-600-ALL elapsed=66.9m
[w2] 1980/8030 30241_left-600-ALL elapsed=67.0m
[w3] 1960/8046 28562_left-600-ALL elapsed=67.1m
[w1] 1980/8041 29832_right-600 elapsed=67.6m
[w2] 2000/8030 31123_right-600 elapsed=67.6m
[w3] 1980/8046 2945_right-600 elapsed=67.7m
[w2] 2020/8030 31881_right-600-ALL elapsed=68.2m
[w1] 2000/8041 30676_left-600-ALL elapsed=68.2m
[w3] 2000/8046 30378_right-600 elapsed=68.4m
[w2] 2040/8030 32733_right-600-ALL elapsed=68.8m
[w1] 2020/8041 31438_right-600-ALL elapsed=68.8m
[w3] 2020/8046 31286_right-600 elapsed=69.1m
[w2] 2060/8030 34113_left-600 elapsed=69.4m
[w1] 2040/8041 32284_right-600 elapsed=69.5m
[w3] 2040/8046 32015_left-600-ALL elapsed=69.7m
[w2] 2080/8030 35254_left-600-ALL elapsed=70.0m
[w1] 2060/8041 33503_right-600-ALL elapsed=70.1m
[w3] 2060/8046 33026_right-600 elapsed=70.3m
[w2] 2100/8030 36274_right-600 elapsed=70.7m
[w1] 2080/8041 3467_right-600-ALL elapsed=70.8m
[w3] 2080/8046 3432_left-600 elapsed=70.9m
[w2] 2120/8030 37303_right-600 elapsed=71.3m
[w1] 2100/8041 35834_right-600-ALL elapsed=71.4m
[w3] 2100/8046 354b8911d6ed elapsed=71.5m
[w2] 2140/8030 38295_right-600 elapsed=71.9m
[w1] 2120/8041 36817_left-600-ALL elapsed=72.0m
[w3] 2120/8046 36507_left-600-ALL elapsed=72.1m
[w2] 2160/8030 39147_right-600 elapsed=72.5m
[w1] 2140/8041 37766_left-600 elapsed=72.6m
[w3] 2140/8046 3748349334f6 elapsed=72.8m
[w2] 2180/8030 3c53198519f7 elapsed=73.2m
[w1] 2160/8041 38784_left-600 elapsed=73.2m
[w3] 2160/8046 3847_right-600-ALL elapsed=73.4m
[w2] 2200/8030 4082_right-600 elapsed=73.8m
[w1] 2180/8041 39583_left-600-ALL elapsed=73.9m
[w3] 2180/8046 39322_left-600-ALL elapsed=74.0m
[w2] 2220/8030 4189d4e631ec-GF-600-ALL elapsed=74.5m
[w1] 2200/8041 40251_left-600-ALL elapsed=74.5m
[w3] 2200/8046 40038_right-600-ALL elapsed=74.7m
[w2] 2240/8030 42871_left-600 elapsed=75.1m
[w1] 2220/8041 413_right-600-ALL elapsed=75.2m
[w3] 2220/8046 4112_left-600-ALL elapsed=75.3m
[w2] 2260/8030 43873_right-600-ALL elapsed=75.7m
[w1] 2240/8041 42416_left-600 elapsed=75.8m
[w3] 2240/8046 42072_left-600-ALL elapsed=76.0m
[w2] 2280/8030 46923eea9a4e-600-ALL elapsed=76.4m
[w1] 2260/8041 4338_left-600 elapsed=76.4m
[w3] 2260/8046 43068_right-600 elapsed=76.6m
[w1] 2280/8041 44256_left-600 elapsed=77.1m
[w2] 2300/8030 523d0c2cb4d6-GF-600 elapsed=77.2m
[w3] 2280/8046 44082_left-600 elapsed=77.3m
[w1] 2300/8041 4da6e2089d57-GF-600 elapsed=77.7m
[w2] 2320/8030 5892_left-600 elapsed=77.8m
[w3] 2300/8046 4854_right-600-ALL elapsed=77.9m
[w1] 2320/8041 55034b1dbff2-600-ALL elapsed=78.3m
[w2] 2340/8030 63c3c571b8ee elapsed=78.5m
[w3] 2320/8046 5335_right-600-ALL elapsed=78.6m
[w1] 2340/8041 6047_right-600 elapsed=79.1m
[w2] 2360/8030 7100_left-600-ALL elapsed=79.3m
[w3] 2340/8046 5b301a6d1ac7-600-ALL elapsed=79.3m
[w1] 2360/8041 6855_left-600 elapsed=79.8m
[w2] 2380/8030 7927_left-600 elapsed=79.9m
[w3] 2360/8046 65e530ee2e79 elapsed=80.0m
[w1] 2380/8041 7582_right-600-ALL elapsed=80.5m
[w2] 2400/8030 8570_left-600-ALL elapsed=80.6m
[w3] 2380/8046 7301_right-600-ALL elapsed=80.8m
[w1] 2400/8041 8226_left-600 elapsed=81.1m
[w2] 2420/8030 904_left-600 elapsed=81.3m
[w3] 2400/8046 7ec1ffe8220b elapsed=81.5m
[w1] 2420/8041 893_right-600-ALL elapsed=81.9m
[w2] 2440/8030 986_right-600-ALL elapsed=82.0m
[w3] 2420/8046 8719_right-600-ALL elapsed=82.3m
[w1] 2440/8041 9410_left-600 elapsed=82.6m
[w3] 2440/8046 91e2c2890c9f-600 elapsed=82.9m
[w2] 2460/8030 a150ff5dfe07-GF-600-ALL elapsed=83.0m
[w1] 2460/8041 9faad91b6578 elapsed=83.3m
[w3] 2460/8046 99e8bf998285-600-ALL elapsed=83.6m
[w2] 2480/8030 b574d229ec4c-GF-600-ALL elapsed=83.8m
[w1] 2480/8041 a8eb35b3bcd2-600 elapsed=84.2m
[w3] 2480/8046 a45d77edf8d9 elapsed=84.5m
[w2] 2500/8030 ca7f5caddf96 elapsed=84.6m
[w1] 2500/8041 bfaa0080ab61-600-ALL elapsed=85.0m
[w3] 2500/8046 b9127e38d9b9 elapsed=85.3m
[w2] 2520/8030 e12b67835e03 elapsed=85.4m
[w1] 2520/8041 d6228d951958 elapsed=85.8m
[w3] 2520/8046 cf0824f53dd9 elapsed=86.1m
[w2] 2540/8030 f69400b316a7 elapsed=86.2m
[w1] 2540/8041 e9129ce55fd7 elapsed=86.6m
[w3] 2540/8046 e4151feb8443 elapsed=86.7m
[w2] 2560/8030 007-5374-300 elapsed=86.9m
[w1] 2560/8041 007-3897-200 elapsed=87.3m
[w2] 2580/8030 042470a92154-GF-600-BF elapsed=87.5m
[w3] 2560/8046 ff0740cb484a-600-ALL elapsed=87.5m
[w1] 2580/8041 007-5999-300 elapsed=87.9m
[w2] 2600/8030 0f96c358a250 elapsed=88.2m
[w3] 2580/8046 007-5661-300 elapsed=88.2m
[w1] 2600/8041 093a42649c29-GF-600-HFF elapsed=88.6m
[w3] 2600/8046 070f67572d03-GF-600-SF elapsed=88.8m
[w2] 2620/8030 11035_right-600-BF elapsed=88.8m
[w1] 2620/8041 10159_right-600 elapsed=89.2m
[w3] 2620/8046 10125_left-600-BF elapsed=89.5m
[w2] 2640/8030 11546_right-600-BF elapsed=89.5m
[w1] 2640/8041 11211_right-600-HBF elapsed=89.9m
[w3] 2640/8046 11142_left-600-SF elapsed=90.1m
[w2] 2660/8030 12667_right-600-FA elapsed=90.1m
[w1] 2660/8041 12014_left-600-FF elapsed=90.6m
[w3] 2660/8046 1177_right-600-HF elapsed=90.8m
[w2] 2680/8030 13934_right-600-HBF elapsed=90.8m
[w1] 2680/8041 13489_left-600-HF elapsed=91.2m
[w2] 2700/8030 14481_left-600-SF elapsed=91.4m
[w3] 2680/8046 13190_left-600-HFF elapsed=91.4m
[w1] 2700/8041 1420_left-600 elapsed=91.8m
[w2] 2720/8030 15798_right-600-HFF elapsed=92.0m
[w3] 2700/8046 14109_left-600-FF elapsed=92.1m
[w1] 2720/8041 15319_right-600-SF elapsed=92.4m
[w2] 2740/8030 1623e8e3adc4-600-HF elapsed=92.6m
[w3] 2720/8046 14e3f84445f7-600-BF elapsed=92.6m
[w1] 2740/8041 15bed5adde74-600-BF elapsed=93.0m
[w2] 2760/8030 16692_right-600-HFF elapsed=93.2m
[w3] 2740/8046 15870_left-600 elapsed=93.2m
[w1] 2760/8041 16600_left-600-FA elapsed=93.6m
[w3] 2760/8046 163_left-600-FA elapsed=93.8m
[w2] 2780/8030 17972_left-600-HFF elapsed=93.8m
[w1] 2780/8041 17114_left-600-HFF elapsed=94.3m
[w2] 2800/8030 18819_right-600-FA elapsed=94.4m
[w3] 2780/8046 16740_left-600 elapsed=94.5m
[w1] 2800/8041 18350_left-600-BF elapsed=94.9m
[w2] 2820/8030 19414_right-600-FA elapsed=95.1m
[w3] 2800/8046 18025_left-600-HFF elapsed=95.1m
[w1] 2820/8041 19097_right-600-HF elapsed=95.5m
[w2] 2840/8030 20060411_62390_0200_PP elapsed=95.7m
[w3] 2820/8046 18968_left-600-FA elapsed=95.7m
[w1] 2840/8041 1b495ac025b7-600-FF elapsed=96.1m
[w3] 2840/8046 19586_right-600-SF elapsed=96.3m
[w2] 2860/8030 20613_left-600-SF elapsed=96.3m
[w1] 2860/8041 20170531173341782 elapsed=96.7m
[w2] 2880/8030 21580_left-600-HF elapsed=96.9m
[w3] 2860/8046 20111_right-600-HF elapsed=97.0m
[w1] 2880/8041 21233_left-600-FF elapsed=97.3m
[w2] 2900/8030 22930_right-600-FF elapsed=97.5m
[w3] 2880/8046 20905_left-600-HBF elapsed=97.6m
[w1] 2900/8041 22502_left-600-BF elapsed=97.9m
[w2] 2920/8030 23447_right-600-FF elapsed=98.1m
[w3] 2900/8046 21796_left-600-FF elapsed=98.2m
[w1] 2920/8041 23245_left-600-SF elapsed=98.5m
[w2] 2940/8030 24222_left-600-FF elapsed=98.7m
[w3] 2920/8046 22978_right-600-FF elapsed=98.8m
[w1] 2940/8041 23695_right-600-SF elapsed=99.2m
[w2] 2960/8030 25533_left-600-HBF elapsed=99.3m
[w3] 2940/8046 23566_left-600-BF elapsed=99.4m
[w1] 2960/8041 24b87f744598-GF-600-FA elapsed=99.7m
[w3] 2960/8046 24346_left-600-HFF elapsed=100.0m
[w2] 2980/8030 26553_left-600-HFF elapsed=100.0m
[w1] 2980/8041 25733_right-600-FA elapsed=100.4m
[w3] 2980/8046 25620_right-600-HF elapsed=100.6m
[w2] 3000/8030 2767_right-600 elapsed=100.6m
[w1] 3000/8041 27153_right-600-HFF elapsed=101.0m
[w2] 3020/8030 28129_right-600-SF elapsed=101.2m
[w3] 3000/8046 26888_right-600-HBF elapsed=101.3m
[w1] 3020/8041 27939_right-600-BF elapsed=101.6m
[w2] 3040/8030 29320_left-600-FF elapsed=101.9m
[w3] 3020/8046 27768_right-600-SF elapsed=101.9m
[w1] 3040/8041 28919_left-600-SF elapsed=102.2m
[w3] 3040/8046 2862_left-600-HBF elapsed=102.5m
[w2] 3060/8030 2bbd1f99ecc3 elapsed=102.5m
[w1] 3060/8041 29604_right-600-HFF elapsed=102.8m
[w3] 3060/8046 29484_left-600-HBF elapsed=103.1m
[w2] 3080/8030 30922_right-600 elapsed=103.1m
[w1] 3080/8041 30495_left-600-HBF elapsed=103.4m
[w2] 3100/8030 31784_right-600-BF elapsed=103.7m
[w3] 3080/8046 30226_right-600-FF elapsed=103.8m
[w1] 3100/8041 31426_right-600-HFF elapsed=104.1m
[w2] 3120/8030 32242_left-600 elapsed=104.2m
[w3] 3100/8046 30930_right-600-HBF elapsed=104.4m
[w1] 3120/8041 32000_left-600-HF elapsed=104.6m
[w2] 3140/8030 33003_right-600-HFF elapsed=104.9m
[w3] 3120/8046 31962_left-600-HBF elapsed=105.0m
[w1] 3140/8041 32604_right-600-BF elapsed=105.2m
[w2] 3160/8030 33750_right-600-HFF elapsed=105.5m
[w3] 3140/8046 32388_left-600-BF elapsed=105.6m
[w1] 3160/8041 3343_left-600-FF elapsed=105.8m
[w2] 3180/8030 34571_left-600-HBF elapsed=106.1m
[w3] 3160/8046 33270_right-600-HFF elapsed=106.2m
[w1] 3180/8041 3422_right-600 elapsed=106.5m
[w2] 3200/8030 35378_right-600-HF elapsed=106.7m
[w3] 3180/8046 3379_right-600-BF elapsed=106.8m
[w1] 3200/8041 35124_left-600-HFF elapsed=107.1m
[w2] 3220/8030 36184_left-600-BF elapsed=107.3m
[w3] 3200/8046 34831_left-600-HBF elapsed=107.4m
[w1] 3220/8041 35789_left-600 elapsed=107.7m
[w2] 3240/8030 36865bbc64d6-GF-600-HBF elapsed=108.0m
[w3] 3220/8046 35609_right-600-BF elapsed=108.0m
[w1] 3240/8041 36691_left-600-FF elapsed=108.3m
[w2] 3260/8030 37958_right-600-FA elapsed=108.6m
[w3] 3240/8046 36336_left-600-HFF elapsed=108.6m
[w1] 3260/8041 37422_right-600-SF elapsed=109.0m
[w2] 3280/8030 39106_left-600-FF elapsed=109.2m
[w3] 3260/8046 36b5b3c9fb32-GF-600-HF elapsed=109.2m
[w1] 3280/8041 383e72af1955-600-HF elapsed=109.5m
[w3] 3280/8046 38055d8b9f08-600-HFF elapsed=109.8m
[w2] 3300/8030 3fa4f4d77177 elapsed=109.8m
[w1] 3300/8041 3992_left-600-HF elapsed=110.2m
[w2] 3320/8030 40922_right-600-BF elapsed=110.4m
[w3] 3300/8046 39521_left-600-HBF elapsed=110.5m
[w1] 3320/8041 40366_right-600-FA elapsed=110.8m
[w2] 3340/8030 41953_left-600-HBF elapsed=111.0m
[w3] 3320/8046 40069_right-600-SF elapsed=111.1m
[w1] 3340/8041 4148_right-600-HF elapsed=111.5m
[w2] 3360/8030 43105_right-600-HBF elapsed=111.6m
[w3] 3340/8046 41336_right-600-FF elapsed=111.7m
[w1] 3360/8041 42772_right-600-SF elapsed=112.1m
[w2] 3380/8030 4674_left-600-HFF elapsed=112.2m
[w3] 3360/8046 42316_right-600-HF elapsed=112.3m
[w1] 3380/8041 43836_left-600 elapsed=112.7m
[w2] 3400/8030 4f0866b90c27-600-FF elapsed=112.8m
[w3] 3380/8046 4360a112db10-600-FF elapsed=112.9m
[w1] 3400/8041 4c60b10a3a6a-600-SF elapsed=113.3m
[w2] 3420/8030 5298_left-600-SF elapsed=113.5m
[w3] 3400/8046 498f143c0374-600 elapsed=113.5m
[w1] 3420/8041 51269b77d312-600-SF elapsed=114.0m
[w2] 3440/8030 6181aa9f75f4-GF-600 elapsed=114.1m
[w3] 3420/8046 4fecf87184e6-GF-600 elapsed=114.2m
[w1] 3440/8041 5964_left-600-HFF elapsed=114.6m
[w2] 3460/8030 687_right-600-HFF elapsed=114.7m
[w3] 3440/8046 5789_left-600-BF elapsed=114.9m
[w1] 3460/8041 6735931000ec-GF-600-HBF elapsed=115.2m
[w2] 3480/8030 7060_left-600-HF elapsed=115.4m
[w3] 3460/8046 6502_right-600-SF elapsed=115.5m
[w1] 3480/8041 6d0c0531083f-600-HF elapsed=115.9m
[w2] 3500/8030 762d6e5d5068-GF-600-FA elapsed=116.0m
[w3] 3480/8046 697538183db5 elapsed=116.2m
[w1] 3500/8041 74eee788edee-600 elapsed=116.6m
[w2] 3520/8030 80ca40196225-600-HBF elapsed=116.6m
[w3] 3500/8046 71a39c660432-GF-600-HFF elapsed=116.9m
[w1] 3520/8041 7959_left-600-SF elapsed=117.2m
[w2] 3540/8030 8688f3d0fcaf elapsed=117.2m
[w3] 3520/8046 7859_right-600-FA elapsed=117.5m
[w1] 3540/8041 8284_left-600-HBF elapsed=117.8m
[w2] 3560/8030 90b8bf342032-GF-600-HFF elapsed=117.9m
[w3] 3540/8046 80e7cc0a0649 elapsed=118.2m
[w1] 3560/8041 8a234d68b27e-600-HBF elapsed=118.4m
[w2] 3580/8030 9951_right-600-HFF elapsed=118.5m
[w3] 3560/8046 8749_left-600-HBF elapsed=118.8m
[w1] 3580/8041 932_left-600-HFF elapsed=119.1m
[w2] 3600/8030 9fefe2b44795-GF-600-SF elapsed=119.2m
[w3] 3580/8046 91b6ebaa3678-600-BF elapsed=119.4m
[w1] 3600/8041 9b093fe95d6b-GF-600-FF elapsed=119.7m
[w3] 3600/8046 9977_right-600-BF elapsed=120.0m
[w2] 3620/8030 a4d4b69f7404-600-BF elapsed=120.3m
[w1] 3620/8041 IDRiD_341 elapsed=120.8m
[w3] 3620/8046 IDRiD_040 elapsed=120.8m
[w2] 3640/8030 adb56cecafaf-GF-600-FA elapsed=121.0m
[w1] 3640/8041 a8e88d4891c4-GF-600 elapsed=121.5m
[w2] 3660/8030 bb5083fae98f-GF-600-FA elapsed=121.6m
[w3] 3640/8046 a763661f98a5-GF-600-FF elapsed=121.8m
[w1] 3660/8041 b310bd564329-600-HF elapsed=122.2m
[w2] 3680/8030 c9ea9d5eab65-GF-600-BF elapsed=122.3m
[w3] 3660/8046 b019a49787c1-GF-600-FA elapsed=122.5m
[w1] 3680/8041 c31651ea04c6-GF-600-SF elapsed=122.8m
[w2] 3700/8030 e13412678eff-600-FA elapsed=123.0m
[w3] 3680/8046 bf8092e4001d-600-HF elapsed=123.1m
[w1] 3700/8041 d3e884109b45-600-HF elapsed=123.5m
[w2] 3720/8030 ed6704e3b72e-GF-600-FF elapsed=123.6m
[w3] 3700/8046 d035c2bd9104-600-HBF elapsed=123.8m
[w1] 3720/8041 e4210e7fe587-600-FF elapsed=124.1m
[w2] 3740/8030 001639a390f0-600 elapsed=124.2m
[w3] 3720/8046 e19936582c61-600-HFF elapsed=124.4m
[w2] 3760/8030 007-6451-400 elapsed=124.7m
[w1] 3740/8041 f64214bed40e-GF-600-BF elapsed=124.8m
[w3] 3740/8046 f576e45d1da2-GF-600-BF elapsed=125.1m
[w1] 3760/8041 007-6350-400 elapsed=125.4m
[w2] 3780/8030 007-6650-400 elapsed=125.4m
[w3] 3760/8046 007-6296-400 elapsed=125.7m
[w1] 3780/8041 007-6561-400 elapsed=126.0m
[w2] 3800/8030 007-6856-400 elapsed=126.0m
[w3] 3780/8046 007-6502-400 elapsed=126.3m
[w2] 3820/8030 007-7056-400 elapsed=126.6m
[w1] 3800/8041 007-6759-400 elapsed=126.6m
[w3] 3800/8046 007-6686-400 elapsed=126.9m
[w1] 3820/8041 007-6958-400 elapsed=127.2m
[w2] 3840/8030 0083ee8054ee-GF-600-FA elapsed=127.3m
[w3] 3820/8046 007-6899-400 elapsed=127.4m
[w1] 3840/8041 007-7193-400 elapsed=127.8m
[w2] 3860/8030 10076_right-600 elapsed=127.9m
[w3] 3840/8046 007-7136-400 elapsed=128.0m
[w2] 3880/8030 10785_right-600 elapsed=128.4m
[w1] 3860/8041 08a3875063c3-GF-600-FA elapsed=128.5m
[w3] 3860/8046 0318598cfd16-600-FS elapsed=128.7m
[w2] 3900/8030 11874_right-600-HB elapsed=128.9m
[w1] 3880/8041 10570_right-600-FS elapsed=129.1m
[w3] 3880/8046 10193_right-600-HB elapsed=129.3m
[w2] 3920/8030 13023_right-600-FA elapsed=129.5m
[w1] 3900/8041 11324_right-600-HB elapsed=129.7m
[w3] 3900/8046 11032_right-600-HFF elapsed=129.8m
[w2] 3940/8030 14226_left-600-FA elapsed=130.0m
[w1] 3920/8041 12369_left-600 elapsed=130.2m
[w3] 3920/8046 12014_right-600-HB elapsed=130.4m
[w2] 3960/8030 15289_left-600-FA elapsed=130.6m
[w1] 3940/8041 13588_right-600-HFF elapsed=130.7m
[w3] 3940/8046 13171_right-600-FA elapsed=130.9m
[w2] 3980/8030 16046_right-600-HFF elapsed=131.2m
[w1] 3960/8041 14844_right-600-HB elapsed=131.3m
[w3] 3960/8046 14412_right-600 elapsed=131.4m
[w2] 4000/8030 16618_right-600-FA elapsed=131.8m
[w1] 3980/8041 15741_left-600-FA elapsed=131.8m
[w3] 3980/8046 15414_right-600-FS elapsed=132.1m
[w2] 4020/8030 17489_left-600-HFF elapsed=132.3m
[w1] 4000/8041 1638404f385c-GF-600-FS elapsed=132.4m
[w3] 4000/8046 16114_right-600 elapsed=132.6m
[w2] 4040/8030 18544_left-600-HB elapsed=132.9m
[w1] 4020/8041 17135_left-600-HB elapsed=133.0m
[w2] 4060/8030 19485_right-600-HFF elapsed=133.4m
[w1] 4040/8041 18030_left-600-FA elapsed=133.4m
[w1] 4060/8041 18937_right-600-FA elapsed=133.9m
[w2] 4080/8030 20026_left-600-FS elapsed=133.9m
[w1] 4080/8041 19836_left-600-FS elapsed=134.3m
[w2] 4100/8030 20888_right-600 elapsed=134.4m
[w2] 4120/8030 21914_left-600-HFF elapsed=134.8m
[w1] 4100/8041 20386_left-600-FS elapsed=134.9m
[w2] 4140/8030 22595_right-600-FS elapsed=135.3m
[w1] 4120/8041 21517_right-600 elapsed=135.4m
[w2] 4160/8030 23604_left-600-FS elapsed=135.7m
[w1] 4140/8041 22251_left-600-FS elapsed=135.9m
[w1] 4160/8041 22938_right-600-FS elapsed=136.3m
[w1] 4180/8041 24005_right-600-HFF elapsed=136.7m
[w1] 4200/8041 2499_right-600-HB elapsed=137.1m
[w1] 4220/8041 26032_right-600-FA elapsed=137.5m
[w1] 4240/8041 27309_right-600-FS elapsed=138.0m
[w1] 4260/8041 27974_right-600-HB elapsed=138.4m
[w1] 4280/8041 28675_left-600 elapsed=138.8m
[w1] 4300/8041 29680_left-600 elapsed=139.2m
[w1] 4320/8041 3028_left-600-HB elapsed=139.6m
[w1] 4340/8041 31043_right-600-FA elapsed=140.0m
[w1] 4360/8041 31924_left-600-HB elapsed=141.0m
[w1] 4380/8041 32868_right-600-HB elapsed=142.0m
[w1] 4400/8041 33811_right-600-FA elapsed=143.1m
[w1] 4420/8041 34543_right-600-FS elapsed=144.2m
[w1] 4440/8041 3563_left-600-HFF elapsed=145.1m
[w1] 4460/8041 36676_left-600-HB elapsed=145.5m
[w1] 4480/8041 37622_left-600-HFF elapsed=145.9m
[w1] 4500/8041 38186_right-600-FS elapsed=146.3m
[w1] 4520/8041 39259_right-600-HB elapsed=146.6m
[w1] 4540/8041 3c78bfca247b-GF-600-FS elapsed=147.0m
[w1] 4560/8041 408ea9d5e082-600-HB elapsed=147.4m
[w1] 4580/8041 42040_right-600-HFF elapsed=147.8m
[w1] 4600/8041 42962_left-600 elapsed=148.2m
[w1] 4620/8041 44051_left-600 elapsed=148.6m
[w1] 4640/8041 4a7dc013e802 elapsed=149.0m
[w1] 4660/8041 5478_right-600-HFF elapsed=149.5m
[w1] 4680/8041 613028ede6a0 elapsed=150.0m
[w1] 4700/8041 6707_left-600-FS elapsed=150.5m
[w1] 4720/8041 702de9dcde32-600-HFF elapsed=151.0m
[w1] 4740/8041 785777558f05-600-FA elapsed=151.4m
[w1] 4760/8041 82bb8a01935f-600-FS elapsed=151.8m
[w1] 4780/8041 8ac0c44bbf24 elapsed=152.3m
[w1] 4800/8041 9413_right-600-HB elapsed=152.8m
[w1] 4820/8041 9fab29e69a6b elapsed=153.2m
[w1] 4840/8041 ab1c20a94f3f-600 elapsed=153.9m
[w1] 4860/8041 bc34ed91c9bc-GF-600 elapsed=154.4m
[w1] 4880/8041 cd54d022e37d elapsed=154.9m
[w1] 4900/8041 df4aec4a0eaf-GF-600-FS elapsed=155.4m
[w1] 4920/8041 ebe0175e530c elapsed=155.8m
[w1] 4940/8041 fb696a8e055a-600 elapsed=156.3m
[w1] 4960/8041 10364_right-600 elapsed=156.7m
[w1] 4980/8041 14216_left-600 elapsed=157.1m
[w1] 5000/8041 17d997fe1090 elapsed=157.6m
[w1] 5020/8041 20170223114249989 elapsed=158.0m
[w1] 5040/8041 20170429211108816 elapsed=158.6m
[w1] 5060/8041 22750_left-600 elapsed=159.0m
[w1] 5080/8041 26923_right-600 elapsed=159.4m
[w1] 5100/8041 3147_right-600 elapsed=159.9m
[w1] 5120/8041 35513_right-600 elapsed=160.3m
[w1] 5140/8041 39114_left-600 elapsed=160.7m
[w1] 5160/8041 4275_right-600 elapsed=161.1m
[w1] 5180/8041 5a444c32cd9a elapsed=161.6m
[w1] 5200/8041 8433a032b96c elapsed=162.0m
[w1] 5220/8041 IDRiD_367 elapsed=162.6m
[w1] 5240/8041 e1ab92228e60 elapsed=163.0m
[w1] 5260/8041 10672_left-600-FS elapsed=163.5m
[w1] 5280/8041 14245_left-600-FS elapsed=163.9m
[w1] 5300/8041 17986_left-600-HB elapsed=164.4m
[w1] 5320/8041 20532_right-600-FS elapsed=164.9m
[w1] 5340/8041 24477_right-600 elapsed=165.4m
[w1] 5360/8041 27654_left-600-HB elapsed=165.8m
[w1] 5380/8041 31721_left-600-FA elapsed=166.2m
[w1] 5400/8041 35446_right-600-HFF elapsed=166.7m
[w1] 5420/8041 39528_left-600-HB elapsed=167.1m
[w1] 5440/8041 43441_left-600-FS elapsed=167.6m
[w1] 5460/8041 6394_left-600-HFF elapsed=168.1m
[w1] 5480/8041 8993_right-600-HFF elapsed=168.5m
[w1] 5500/8041 c56e65f74187-GF-600-HB elapsed=168.9m
[w1] 5520/8041 007-4174-200 elapsed=169.4m
[w1] 5540/8041 0180bfa26c0b elapsed=169.8m
[w1] 5560/8041 13480_right-600 elapsed=170.3m
[w1] 5580/8041 175dd560810a elapsed=170.7m
[w1] 5600/8041 20170627195804056 elapsed=171.2m
[w1] 5620/8041 24053_left-600-ALL elapsed=171.6m
[w1] 5640/8041 28044_right-600 elapsed=172.1m
[w1] 5660/8041 3128eb593012-GF-600 elapsed=172.5m
[w1] 5680/8041 35327_left-600-ALL elapsed=173.0m
[w1] 5700/8041 39638_right-600 elapsed=173.4m
[w1] 5720/8041 44213_left-600-ALL elapsed=173.8m
[w1] 5740/8041 6664_left-600-ALL elapsed=174.4m
[w1] 5760/8041 9594_right-600-ALL elapsed=174.9m
[w1] 5780/8041 d94e10f42861-GF-600-ALL elapsed=175.5m
[w1] 5800/8041 10047_left-600 elapsed=176.0m
[w1] 5820/8041 14481_right-600-SF elapsed=176.4m
[w1] 5840/8041 18656_right-600-HFF elapsed=176.8m
[w1] 5860/8041 22769_left-600 elapsed=177.3m
[w1] 5880/8041 25723_right-600 elapsed=177.7m
[w1] 5900/8041 30666_left-600 elapsed=178.1m
[w1] 5920/8041 34445_right-600-HF elapsed=178.6m
[w1] 5940/8041 38039_right-600-FA elapsed=179.0m
[w1] 5960/8041 43157_right-600-BF elapsed=179.4m
[w1] 5980/8041 6735931000ec elapsed=179.9m
[w1] 6000/8041 8688f3d0fcaf-600-FF elapsed=180.3m
[w1] 6020/8041 a8e88d4891c4-600-BF elapsed=180.8m
[w1] 6040/8041 ed6704e3b72e-600-HBF elapsed=181.3m
[w1] 6060/8041 007-7129-400 elapsed=181.7m
[w1] 6080/8041 12297_right-600 elapsed=182.1m
[w1] 6100/8041 17114_right-600 elapsed=182.5m
[w1] 6120/8041 20752_left-600 elapsed=182.9m
[w1] 6140/8041 24685_left-600-FA elapsed=183.3m
[w1] 6160/8041 28426_right-600 elapsed=183.7m
[w1] 6180/8041 32182_left-600-HFF elapsed=184.1m
[w1] 6200/8041 37332_left-600-HB elapsed=184.5m
[w1] 6220/8041 40767_left-600-HB elapsed=184.8m
[w1] 6240/8041 5195_left-600-FS elapsed=185.2m
[w1] 6260/8041 7401_right-600-HB elapsed=185.6m
[w1] 6280/8041 a0cd7bffdaa0-GF-600-HFF elapsed=186.1m
[w1] 6300/8041 f0f89314e860-GF-600-FA elapsed=186.6m
[w1] 6320/8041 007-1783-100 elapsed=187.0m
[w1] 6340/8041 11282_right-600 elapsed=187.5m
[w1] 6360/8041 13265_left-600 elapsed=187.9m
[w1] 6380/8041 15819_right-600 elapsed=188.4m
[w1] 6400/8041 18224_left-600 elapsed=188.8m
[w1] 6420/8041 20051201_37534_0400_PP elapsed=189.2m
[w1] 6440/8041 20170323094333366 elapsed=189.6m
[w1] 6460/8041 20170418112807013 elapsed=190.1m
[w1] 6480/8041 20170430193736644 elapsed=190.5m
[w1] 6500/8041 22393_left-600 elapsed=191.0m
[w1] 6520/8041 24958_right-600 elapsed=191.4m
[w1] 6540/8041 27512_right-600 elapsed=191.8m
[w1] 6560/8041 29396_left-600 elapsed=192.2m
[w1] 6580/8041 31475_right-600 elapsed=192.7m
[w1] 6600/8041 33591_right-600 elapsed=193.1m
[w1] 6620/8041 36250_left-600 elapsed=193.6m
[w1] 6640/8041 38684_right-600 elapsed=194.0m
[w1] 6660/8041 41039_left-600 elapsed=194.4m
[w1] 6680/8041 43469_right-600 elapsed=194.9m
[w1] 6700/8041 4d167ca69ea8 elapsed=195.3m
[w1] 6720/8041 6106_left-600 elapsed=195.8m
[w1] 6740/8041 7544_left-600 elapsed=196.2m
[w1] 6760/8041 891329021e12 elapsed=196.6m
[w1] 6780/8041 GF-a4ee03ecff60-600 elapsed=197.1m
[w1] 6800/8041 b0acd3593310 elapsed=197.7m
[w1] 6820/8041 e1b8acb1cea1 elapsed=198.2m
[w1] 6840/8041 007-3029-100 elapsed=198.7m
[w1] 6860/8041 1268_right-600 elapsed=199.1m
[w1] 6880/8041 16350_right-600-FS elapsed=199.6m
[w1] 6900/8041 19459_left-600-HFF elapsed=200.0m
[w1] 6920/8041 22303_right-600-FS elapsed=200.5m
[w1] 6940/8041 25280_right-600-HFF elapsed=200.9m
[w1] 6960/8041 28f98cfe3858-GF-600-FS elapsed=201.4m
[w1] 6980/8041 32279_left-600-HB elapsed=201.8m
[w1] 7000/8041 36484_left-600-FA elapsed=202.3m
[w1] 7020/8041 39814_left-600-FS elapsed=202.7m
[w1] 7040/8041 43148_left-600-HFF elapsed=203.2m
[w1] 7060/8041 5673_left-600-FA elapsed=203.6m
[w1] 7080/8041 76e589911303-GF-600-HB elapsed=204.1m
[w1] 7100/8041 9ed666e982cd-600-HB elapsed=204.6m
[w1] 7120/8041 007-1793-100 elapsed=205.1m
[w1] 7140/8041 007-4350-200 elapsed=205.5m
[w1] 7160/8041 007-6245-300 elapsed=205.9m
[w1] 7180/8041 1259_right-600-ALL elapsed=206.4m
[w1] 7200/8041 15667_left-600 elapsed=206.9m
[w1] 7220/8041 18382_left-600 elapsed=207.3m
[w1] 7240/8041 20170502081723288 elapsed=207.7m
[w1] 7260/8041 21666_left-600-ALL elapsed=208.2m
[w1] 7280/8041 24628_left-600-ALL elapsed=208.6m
[w1] 7300/8041 27587_right-600-ALL elapsed=209.0m
[w1] 7320/8041 30408_left-600 elapsed=209.5m
[w1] 7340/8041 33134_left-600 elapsed=209.9m
[w1] 7360/8041 35931_right-600-ALL elapsed=210.3m
[w1] 7380/8041 38886_left-600 elapsed=210.8m
[w1] 7400/8041 41808_right-600-ALL elapsed=211.2m
[w1] 7420/8041 4693_left-600-ALL elapsed=211.6m
[w1] 7440/8041 6510_left-600-ALL elapsed=212.2m
[w1] 7460/8041 7bc2e0fa3f72 elapsed=212.7m
[w1] 7480/8041 9899_right-600 elapsed=213.1m
[w1] 7500/8041 d41b33fcb94f-600-ALL elapsed=213.7m
[w1] 7520/8041 070f67572d03-600-HFF elapsed=214.3m
[w1] 7540/8041 13934_left-600-HBF elapsed=214.7m
[w1] 7560/8041 18363_right-600-SF elapsed=215.2m
[w1] 7580/8041 21825_right-600 elapsed=215.6m
[w1] 7600/8041 25733_right-600 elapsed=216.0m
[w1] 7620/8041 30925_right-600-HFF elapsed=216.4m
[w1] 7640/8041 34524_right-600-HF elapsed=216.8m
[w1] 7660/8041 38016_left-600-HBF elapsed=217.3m
[w1] 7680/8041 43008_right-600 elapsed=217.7m
[w1] 7700/8041 6181aa9f75f4-GF-600-SF elapsed=218.1m
[w1] 7720/8041 80e7cc0a0649-GF-600-BF elapsed=218.6m
[w1] 7740/8041 IDRiD_366 elapsed=219.2m
[w1] 7760/8041 e1fb532f55df-GF-600-HBF elapsed=219.7m
[w1] 7780/8041 007-6719-400 elapsed=220.1m
[w1] 7800/8041 10574_right-600 elapsed=220.5m
[w1] 7820/8041 15343_right-600-FA elapsed=220.9m
[w1] 7840/8041 19013_left-600-HB elapsed=221.3m
[w1] 7860/8041 21927_right-600-FA elapsed=221.7m
[w1] 7880/8041 27050_left-600-HB elapsed=222.0m
[w1] 7900/8041 2f7789c1e046-GF-600-HB elapsed=222.4m
[w1] 7920/8041 3426_right-600-HFF elapsed=222.8m
[w1] 7940/8041 37834_right-600 elapsed=223.2m
[w1] 7960/8041 41339_left-600-HB elapsed=223.6m
[w1] 7980/8041 582_right-600 elapsed=224.0m
[w1] 8000/8041 7cc4b7aabe04-600 elapsed=224.5m
[w1] 8020/8041 ab1c20a94f3f elapsed=224.9m
[w1] 8040/8041 fb696a8e055a-600-HFF elapsed=225.4m
[w1] done 8041/8041
all workers finished
[w1] done 0/0 (failed 0)
[w3] 20/4028 17749_left-600 elapsed=0.7m
[w2] 20/3852 2546_right-600-FS elapsed=0.8m
[w0] 20/7807 11333_left-600-HB elapsed=0.8m
[w4] 20/7601 1968_right-600-HFF elapsed=0.9m
[w3] 40/4028 18613_left-600 elapsed=1.3m
[w2] 40/3852 26737_right-600-FA elapsed=1.4m
[w4] 40/7601 20051202_36970_0400_PP elapsed=1.6m
[w0] 40/7807 12219_left-600-FA elapsed=1.6m
[w3] 60/4028 19604_left-600-HFF elapsed=2.0m
[w2] 60/3852 27671_right-600 elapsed=2.0m
[w4] 60/7601 20280_right-600-FS elapsed=2.3m
[w0] 60/7807 13231_left-600-FS elapsed=2.4m
[w2] 80/3852 28434_left-600-HFF elapsed=2.6m
[w3] 80/4028 20051214_40849_0100_PP elapsed=2.8m
[w4] 80/7601 21297_right-600-FS elapsed=3.1m
[w0] 80/7807 1409_left-600-FA elapsed=3.1m
[w2] 100/3852 2916_right-600-HFF elapsed=3.3m
[w3] 100/4028 211518c46162-GF-600-FS elapsed=3.5m
[w4] 100/7601 22273_right-600-FA elapsed=3.8m
[w2] 120/3852 29bc0e721cfe elapsed=3.9m
[w0] 100/7807 14816_left-600-FS elapsed=3.9m
[w3] 120/4028 21919_right-600-HB elapsed=4.1m
[w2] 140/3852 30549_left-600-HB elapsed=4.5m
[w4] 120/7601 23007_left-600-HB elapsed=4.6m
[w0] 120/7807 15695_right-600-HB elapsed=4.6m
[w3] 140/4028 22669_left-600-HB elapsed=4.8m
[w2] 160/3852 31459_left-600-FS elapsed=5.2m
[w4] 140/7601 23856_right-600-HFF elapsed=5.4m
[w0] 140/7807 16458_left-600 elapsed=5.4m
[w3] 160/4028 23680_right-600-HFF elapsed=5.4m
[w2] 180/3852 32261_left-600 elapsed=5.8m
[w3] 180/4028 24772_left-600 elapsed=6.0m
[w4] 160/7601 2486_right-600-HFF elapsed=6.1m
[w0] 160/7807 17276_right-600-HFF elapsed=6.2m
[w2] 200/3852 33314_left-600 elapsed=6.4m
[w3] 200/4028 25888_left-600 elapsed=6.8m
[w4] 180/7601 25561_left-600 elapsed=6.8m
[w0] 180/7807 1785_left-600-FS elapsed=6.9m
[w2] 220/3852 3418_left-600-FS elapsed=7.1m
[w3] 220/4028 27050_right-600-HB elapsed=7.5m
[w4] 200/7601 26676_right-600-FS elapsed=7.6m
[w0] 200/7807 18618_right-600-HFF elapsed=7.7m
[w2] 240/3852 34901_left-600-HFF elapsed=7.8m
[w3] 240/4028 27737_right-600-HB elapsed=8.1m
[w4] 220/7601 27749_right-600-FA elapsed=8.4m
[w2] 260/3852 3604_right-600 elapsed=8.5m
[w0] 220/7807 194814669fee-GF-600-HFF elapsed=8.5m
[w3] 260/4028 28524_right-600-HB elapsed=8.7m
[w2] 280/3852 37049_left-600-FS elapsed=9.1m
[w4] 240/7601 28646_right-600-FA elapsed=9.2m
[w0] 240/7807 1d11794057ff-GF-600-FS elapsed=9.3m
[w3] 280/4028 29339_left-600-FS elapsed=9.3m
[w2] 300/3852 378963f9df22-GF-600-FS elapsed=9.8m
[w3] 300/4028 2f7789c1e046 elapsed=9.9m
[w4] 260/7601 29654_right-600-FA elapsed=9.9m
[w0] 260/7807 20170605153241003 elapsed=10.0m
[w2] 320/3852 38593_left-600-FS elapsed=10.4m
[w3] 320/4028 30694_left-600-HB elapsed=10.5m
[w4] 280/7601 30164_right-600 elapsed=10.8m
[w0] 280/7807 20993_left-600-HB elapsed=10.8m
[w2] 340/3852 39821_left-600-HB elapsed=10.9m
[w3] 340/4028 31611_left-600 elapsed=11.2m
[w4] 300/7601 31036_left-600 elapsed=11.5m
[w0] 300/7807 21973_left-600-HB elapsed=11.5m
[w2] 360/3852 40178_left-600-HFF elapsed=11.6m
[w3] 360/4028 32630_right-600-HB elapsed=11.8m
[w2] 380/3852 41445_left-600-FA elapsed=12.2m
[w0] 320/7807 22841_left-600-HB elapsed=12.3m
[w4] 320/7601 31863_left-600-FA elapsed=12.3m
[w3] 380/4028 33499_right-600-FS elapsed=12.4m
[w2] 400/3852 42531_left-600-FS elapsed=12.8m
[w0] 340/7807 23674_left-600-FS elapsed=13.0m
[w4] 340/7601 32641_right-600-FA elapsed=13.1m
[w3] 400/4028 34400_left-600-FA elapsed=13.1m
[w2] 420/3852 43339_right-600 elapsed=13.5m
[w0] 360/7807 24607_right-600 elapsed=13.8m
[w3] 420/4028 35195_left-600-FA elapsed=13.8m
[w4] 360/7601 33574_left-600-HFF elapsed=13.8m
[w2] 440/3852 4591_left-600-FS elapsed=14.1m
[w3] 440/4028 36166_right-600-HFF elapsed=14.4m
[w4] 380/7601 34455_right-600 elapsed=14.5m
[w0] 380/7807 25392_right-600 elapsed=14.5m
[w2] 460/3852 518e880613de-600 elapsed=14.9m
[w3] 460/4028 37232_left-600 elapsed=15.0m
[w4] 400/7601 35322_right-600 elapsed=15.3m
[w0] 400/7807 26470_left-600 elapsed=15.3m
[w2] 480/3852 5950_left-600 elapsed=15.6m
[w3] 480/4028 3796af4d987a elapsed=15.7m
[w0] 420/7807 27436_right-600-HFF elapsed=16.0m
[w4] 420/7601 3620_left-600 elapsed=16.0m
[w2] 500/3852 6489_left-600-FS elapsed=16.3m
[w3] 500/4028 38856_right-600-HB elapsed=16.4m
[w0] 440/7807 28457_left-600-HB elapsed=16.8m
[w4] 440/7601 36996_right-600-HFF elapsed=16.8m
[w3] 520/4028 3993_left-600-HFF elapsed=16.9m
[w2] 520/3852 6c3745a222da elapsed=17.0m
[w0] 460/7807 29330_right-600-HFF elapsed=17.6m
[w2] 540/3852 7356_right-600-FS elapsed=17.6m
[w4] 460/7601 37859_left-600-FS elapsed=17.6m
[w3] 540/4028 40323_right-600 elapsed=17.6m
[w3] 560/4028 41655_left-600-FA elapsed=18.2m
[w2] 560/3852 7c90ab025331-600-HFF elapsed=18.2m
[w4] 480/7601 384631079d1e elapsed=18.3m
[w0] 480/7807 30000_right-600-FA elapsed=18.3m
[w3] 580/4028 42733_right-600-FA elapsed=18.8m
[w2] 580/3852 85cbb84ac8e0 elapsed=19.0m
[w4] 500/7601 39391_left-600-FS elapsed=19.0m
[w0] 500/7807 3083_right-600-FA elapsed=19.1m
[w3] 600/4028 43812_left-600-HB elapsed=19.4m
[w2] 600/3852 8f318a978844-GF-600-FA elapsed=19.7m
[w4] 520/7601 40096_right-600-HB elapsed=19.7m
[w0] 520/7807 31621_left-600 elapsed=19.8m
[w3] 620/4028 46d3316c4857-600-FA elapsed=20.0m
[w2] 620/3852 97da093947e8-600-HFF elapsed=20.3m
[w4] 540/7601 40853_left-600-FS elapsed=20.4m
[w0] 540/7807 32454_left-600-FS elapsed=20.6m
[w3] 640/4028 5299_right-600-HFF elapsed=20.9m
[w4] 560/7601 41868_right-600-HB elapsed=21.1m
[w0] 560/7807 33376_right-600 elapsed=21.3m
[w2] 640/3852 a182b5b191de-600-HB elapsed=21.4m
[w3] 660/4028 5d74f98d62be elapsed=21.5m
[w4] 580/7601 42702_left-600-HB elapsed=21.8m
[w0] 580/7807 34164_right-600-HB elapsed=22.0m
[w2] 660/3852 b87f9c59748b-GF-600-HB elapsed=22.1m
[w3] 680/4028 6521_right-600 elapsed=22.3m
[w4] 600/7601 43360_left-600-FA elapsed=22.5m
[w0] 600/7807 35010_right-600-HFF elapsed=22.7m
[w2] 680/3852 c1896142a20a-GF-600-FS elapsed=23.0m
[w3] 700/4028 6d7d26025122-GF-600-FS elapsed=23.0m
[w4] 620/7601 44275_right-600-HB elapsed=23.3m
[w0] 620/7807 35d6c4c50072-GF-600-HFF elapsed=23.5m
[w3] 720/4028 7471_left-600 elapsed=23.6m
[w2] 700/3852 d2c2f02bb313 elapsed=23.8m
[w4] 640/7601 49c5e7f6b8d2-GF-600-HFF elapsed=24.0m
[w0] 640/7807 36731_left-600-FA elapsed=24.3m
[w3] 740/4028 7e4019ac7f5a-GF-600-FA elapsed=24.3m
[w2] 720/3852 e4730ddde408-600-FA elapsed=24.5m
[w4] 660/7601 5276_right-600-FS elapsed=24.9m
[w0] 660/7807 37675_right-600-HB elapsed=25.0m
[w3] 760/4028 8743_right-600-FS elapsed=25.1m
[w2] 740/3852 f2d2a0c92034-GF-600-HB elapsed=25.2m
[w4] 680/7601 5792_left-600 elapsed=25.6m
[w0] 680/7807 38274_left-600 elapsed=25.7m
[w3] 780/4028 9157_right-600 elapsed=25.8m
[w2] 760/3852 007-1177-000 elapsed=26.0m
[w4] 700/7601 6063_left-600-FA elapsed=26.4m
[w3] 800/4028 986_left-600-HB elapsed=26.5m
[w0] 700/7807 39033_right-600-FA elapsed=26.5m
[w2] 780/3852 12157_left-600 elapsed=26.7m
[w4] 720/7601 6679_left-600-FS elapsed=27.1m
[w0] 720/7807 39939_left-600 elapsed=27.2m
[w2] 800/3852 16231_right-600 elapsed=27.4m
[w3] 820/4028 a3fcf42ff56d-600-FA elapsed=27.5m
[w4] 740/7601 7347f5133a6a-600-FS elapsed=28.0m
[w0] 740/7807 40674_left-600-FA elapsed=28.1m
[w2] 820/3852 19998_left-600 elapsed=28.3m
[w3] 840/4028 b99afe7137fb-GF-600-HFF elapsed=28.4m
[w4] 760/7601 7ae69d22075a elapsed=29.1m
[w0] 760/7807 41538_right-600-FS elapsed=29.1m
[w2] 840/3852 20170407155054318 elapsed=29.4m
[w3] 860/4028 c6a145742708-600-FA elapsed=29.7m
[w0] 780/7807 4249_right-600-HFF elapsed=30.3m
[w4] 780/7601 8549_right-600 elapsed=30.3m
[w2] 860/3852 20817_left-600 elapsed=30.6m
[w3] 880/4028 d803598dabda-GF-600-FA elapsed=30.7m
[w0] 800/7807 43188_left-600-HB elapsed=31.3m
[w4] 800/7601 9000_left-600-HB elapsed=31.5m
[w2] 880/3852 24516_right-600 elapsed=31.6m
[w3] 900/4028 e740af6ac6ea-GF-600-HFF elapsed=31.9m
[w0] 820/7807 4401_left-600-HFF elapsed=32.3m
[w4] 820/7601 9683_right-600 elapsed=32.5m
[w2] 900/3852 28984_right-600 elapsed=32.6m
[w3] 920/4028 f6f3ea0d2693-600-FA elapsed=33.0m
[w0] 840/7807 4858_right-600-HB elapsed=33.5m
[w2] 920/3852 33534_left-600 elapsed=33.6m
[w4] 840/7601 a00b4cb250a7-600-FS elapsed=33.9m
[w3] 940/4028 007-7547-601 elapsed=34.1m
[w2] 940/3852 37154_left-600 elapsed=34.6m
[w0] 860/7807 5148_left-600-FS elapsed=34.6m
[w4] 860/7601 b71428739d4e-600-HFF elapsed=35.0m
[w3] 960/4028 13182_left-600 elapsed=35.1m
[w2] 960/3852 40651_left-600 elapsed=35.7m
[w0] 880/7807 5667_left-600-FA elapsed=35.8m
[w3] 980/4028 16874_right-600 elapsed=36.2m
[w4] 880/7601 ca1036496659-GF-600-HB elapsed=36.2m
[w2] 980/3852 4551_right-600 elapsed=36.7m
[w0] 900/7807 5b068765e846-GF-600-FS elapsed=37.0m
[w3] 1000/4028 20060523_48931_0100_PP elapsed=37.3m
[w4] 900/7601 dd19428c3d29-600-HB elapsed=37.3m
[w2] 1000/3852 6e1db8711879 elapsed=37.8m
[w0] 920/7807 6499_right-600 elapsed=38.1m
[w3] 1020/4028 20170419085415103 elapsed=38.4m
[w4] 920/7601 fe674c2f73f5-GF-600-HB elapsed=38.5m
[w2] 1020/3852 9307_right-600 elapsed=38.8m
[w0] 940/7807 7005be54cab1-600-FS elapsed=39.1m
[w4] 940/7601 007-2658-100 elapsed=39.5m
[w3] 1040/4028 21519_left-600 elapsed=39.5m
[w2] 1040/3852 b43440c6ebe4 elapsed=40.1m
[w0] 960/7807 77a9538b8362 elapsed=40.2m
[w4] 960/7601 007-3532-200 elapsed=40.3m
[w3] 1060/4028 25280_left-600 elapsed=40.4m
[w4] 980/7601 007-4039-200 elapsed=41.2m
[w0] 980/7807 8342_right-600-FS elapsed=41.2m
[w2] 1060/3852 007-2257-100 elapsed=41.3m
[w3] 1080/4028 29785_left-600 elapsed=41.6m
[w4] 1000/7601 007-4616-200 elapsed=42.2m
[w0] 1000/7807 89d9c071a56f-GF-600 elapsed=42.4m
[w2] 1080/3852 12098_right-600-HB elapsed=42.8m
[w3] 1100/4028 34355_right-600 elapsed=42.8m
[w4] 1020/7601 007-5193-300 elapsed=43.2m
[w0] 1020/7807 944a233fbf8e-GF-600-HFF elapsed=43.5m
[w2] 1100/3852 15895_left-600-HB elapsed=43.8m
[w3] 1120/4028 37881_left-600 elapsed=43.9m
[w4] 1040/7601 007-5800-300 elapsed=44.3m
[w0] 1040/7807 9ed666e982cd-GF-600-HB elapsed=44.5m
[w2] 1120/3852 19914_right-600-FS elapsed=44.8m
[w3] 1140/4028 41500_right-600 elapsed=44.9m
[w4] 1060/7601 007-8609-605 elapsed=45.3m
[w0] 1060/7807 af133a85ea0c-GF-600 elapsed=45.8m
[w2] 1140/3852 22625_right-600-FS elapsed=45.8m
[w3] 1160/4028 5060_right-600 elapsed=45.9m
[w4] 1080/7601 10191_left-600 elapsed=46.7m
[w2] 1160/3852 25518_left-600-FS elapsed=46.9m
[w3] 1180/4028 76_right-600 elapsed=47.0m
[w0] 1080/7807 c40976189f22 elapsed=47.0m
[w4] 1100/7601 11316_left-600 elapsed=47.7m
[w2] 1180/3852 29549_right-600-FS elapsed=47.9m
[w3] 1200/4028 9910c827e2fe-600 elapsed=48.1m
[w0] 1100/7807 d66ccb75ada1-600 elapsed=48.2m
[w4] 1120/7601 12212_left-600 elapsed=48.7m
[w2] 1200/3852 33535_left-600 elapsed=49.0m
[w0] 1120/7807 f6f7dba7104d elapsed=49.4m
[w3] 1220/4028 c23ff6dcf15e elapsed=49.5m
[w4] 1140/7601 1327_left-600 elapsed=49.6m
[w2] 1220/3852 3737_left-600-HFF elapsed=50.1m
[w0] 1140/7807 007-2326-100 elapsed=50.4m
[w3] 1240/4028 007-3069-100 elapsed=50.6m
[w4] 1160/7601 14182_left-600 elapsed=50.6m
[w2] 1240/3852 40873_right-600-HB elapsed=51.1m
[w0] 1160/7807 007-3395-200 elapsed=51.4m
[w3] 1260/4028 12e3f5f2cb17-600-HB elapsed=51.6m
[w4] 1180/7601 15050_right-600 elapsed=51.6m
[w2] 1260/3852 4dd5d5ccddcf-600-FA elapsed=52.2m
[w0] 1180/7807 007-3882-200 elapsed=52.2m
[w3] 1280/4028 16524_right-600-HB elapsed=52.7m
[w4] 1200/7601 16048_right-600 elapsed=52.7m
[w0] 1200/7807 007-4495-200 elapsed=53.1m
[w2] 1280/3852 7494_right-600 elapsed=53.3m
[w3] 1300/4028 20051207_62320_0400_PP elapsed=53.6m
[w4] 1220/7601 17234_left-600 elapsed=53.7m
[w0] 1220/7807 007-5018-300 elapsed=54.1m
[w2] 1300/3852 98_left-600 elapsed=54.4m
[w3] 1320/4028 23184_left-600 elapsed=54.7m
[w4] 1240/7601 18298_right-600-ALL elapsed=54.7m
[w0] 1240/7807 007-5559-300 elapsed=55.2m
[w2] 1320/3852 007-1827-100 elapsed=55.5m
[w4] 1260/7601 19303_right-600-ALL elapsed=55.7m
[w3] 1340/4028 26190_left-600 elapsed=55.7m
[w0] 1260/7807 007-6274-300 elapsed=56.3m
[w2] 1340/3852 007-5214-300 elapsed=56.5m
[w3] 1360/4028 30205_left-600-HB elapsed=56.9m
[w4] 1280/7601 1f543a86c4d4-600 elapsed=56.9m
[w0] 1280/7807 0fd16b64697e elapsed=57.7m
[w2] 1360/3852 1111_right-600-ALL elapsed=57.8m
[w3] 1380/4028 34008_right-600-HB elapsed=57.9m
[w4] 1300/7601 20170516163623154 elapsed=58.0m
[w0] 1300/7807 11078_left-600-ALL elapsed=58.6m
[w2] 1380/3852 1552_right-600 elapsed=58.8m
[w3] 1400/4028 38179_left-600-FA elapsed=58.9m
[w4] 1320/7601 20170621140621348 elapsed=59.1m
[w0] 1320/7807 11b5c77fbf79-600-ALL elapsed=59.7m
[w2] 1400/3852 1ade1e949383-600 elapsed=59.8m
[w3] 1420/4028 4230_right-600-HB elapsed=60.0m
[w4] 1340/7601 20786_left-600 elapsed=60.1m
[w0] 1340/7807 12885_right-600-ALL elapsed=60.6m
[w2] 1420/3852 22193_right-600-ALL elapsed=60.9m
[w4] 1360/7601 21570_left-600-ALL elapsed=61.1m
[w3] 1440/4028 5548a7961a3e-GF-600-FS elapsed=61.2m
[w0] 1360/7807 13966_right-600 elapsed=61.7m
[w2] 1440/3852 26013_left-600 elapsed=62.0m
[w4] 1380/7601 2237_left-600-ALL elapsed=62.2m
[w3] 1460/4028 7985_right-600-FA elapsed=62.2m
[w0] 1380/7807 14814_left-600 elapsed=62.8m
[w2] 1460/3852 29599_right-600 elapsed=63.0m
[w4] 1400/7601 23372_right-600-ALL elapsed=63.2m
[w3] 1480/4028 a2696f444ecb-GF-600-FS elapsed=63.4m
[w0] 1400/7807 15726_right-600-ALL elapsed=63.9m
[w2] 1480/3852 32959_right-600 elapsed=64.1m
[w4] 1420/7601 24411_right-600-ALL elapsed=64.2m
[w3] 1500/4028 007-3300-200 elapsed=64.6m
[w0] 1420/7807 16925_left-600 elapsed=64.9m
[w2] 1500/3852 37345_right-600 elapsed=65.2m
[w4] 1440/7601 25419_right-600-ALL elapsed=65.4m
[w3] 1520/4028 007-5772-300 elapsed=65.7m
[w0] 1440/7807 180_left-600 elapsed=66.0m
[w2] 1520/3852 41467_right-600 elapsed=66.3m
[w4] 1460/7601 26379_right-600-ALL elapsed=66.5m
[w3] 1540/4028 12342_left-600 elapsed=66.7m
[w0] 1460/7807 19056_right-600 elapsed=67.1m
[w2] 1540/3852 51d574513bcb elapsed=67.3m
[w4] 1480/7601 2722_left-600-ALL elapsed=67.6m
[w3] 1560/4028 16510_left-600-ALL elapsed=67.8m
[w0] 1480/7807 1b8ad0afe9fb elapsed=68.2m
[w2] 1560/3852 7993_right-600 elapsed=68.4m
[w3] 1580/4028 20170503161702278 elapsed=68.7m
[w4] 1500/7601 27bab1432f61-GF-600 elapsed=68.8m
[w0] 1500/7807 20170503093529661 elapsed=69.3m
[w4] 1520/7601 28828_right-600 elapsed=69.7m
[w3] 1600/4028 22903_right-600-ALL elapsed=69.8m
[w2] 1580/3852 a7b7dc8788b9 elapsed=70.0m
[w0] 1520/7807 20170613091436744 elapsed=70.4m
[w4] 1540/7601 29876_right-600-ALL elapsed=70.9m
[w3] 1620/4028 26905_right-600-ALL elapsed=70.9m
[w0] 1540/7807 20550_left-600-ALL elapsed=71.4m
[w2] 1600/3852 007-3371-200 elapsed=71.4m
[w3] 1640/4028 30277_left-600-ALL elapsed=72.0m
[w4] 1560/7601 30748_left-600-ALL elapsed=72.1m
[w0] 1560/7807 21366_right-600 elapsed=72.5m
[w2] 1620/3852 11871_left-600-SF elapsed=72.5m
[w3] 1660/4028 33792_left-600-ALL elapsed=73.1m
[w4] 1580/7601 31452_left-600 elapsed=73.2m
[w0] 1580/7807 22196_right-600 elapsed=73.5m
[w2] 1640/3852 163_left-600-HBF elapsed=73.6m
[w3] 1680/4028 37_right-600-ALL elapsed=74.1m
[w4] 1600/7601 3230_right-600 elapsed=74.2m
[w0] 1600/7807 23023_left-600 elapsed=74.5m
[w2] 1660/3852 20170512151304597 elapsed=74.6m
[w3] 1700/4028 42770_right-600-ALL elapsed=75.2m
[w4] 1620/7601 3353_right-600 elapsed=75.4m
[w2] 1680/3852 23787_left-600-BF elapsed=75.7m
[w0] 1620/7807 24168_right-600 elapsed=75.7m
[w3] 1720/4028 5860_right-600 elapsed=76.8m
[w4] 1640/7601 34690_left-600-ALL elapsed=76.8m
[w0] 1640/7807 250_left-600 elapsed=77.2m
[w2] 1700/3852 28053_left-600-SF elapsed=77.3m
[w4] 1660/7601 35868_right-600-ALL elapsed=77.9m
[w3] 1740/4028 8562_right-600-ALL elapsed=78.0m
[w0] 1660/7807 2608e1dac5b1-600 elapsed=78.3m
[w2] 1720/3852 32388_left-600 elapsed=78.3m
[w4] 1680/7601 36859_right-600-ALL elapsed=79.0m
[w0] 1680/7807 27007_left-600 elapsed=79.4m
[w2] 1740/3852 36190_left-600-BF elapsed=79.4m
[w3] 1760/4028 bcc762618e7d elapsed=79.6m
[w4] 1700/7601 37820_left-600 elapsed=80.1m
[w0] 1700/7807 27851_left-600 elapsed=80.4m
[w2] 1760/3852 40052_right-600-HBF elapsed=80.4m
[w3] 1780/4028 007-6142-300 elapsed=81.0m
[w4] 1720/7601 38814_left-600 elapsed=81.2m
[w2] 1780/3852 4f0866b90c27-600-BF elapsed=81.4m
[w0] 1720/7807 28585_left-600 elapsed=81.4m
[w3] 1800/4028 13190_right-600-HBF elapsed=82.1m
[w4] 1740/7601 39589_right-600-ALL elapsed=82.3m
[w2] 1800/3852 74eee788edee-600-FA elapsed=82.6m
[w0] 1740/7807 29460_right-600 elapsed=82.6m
[w3] 1820/4028 17631_right-600 elapsed=83.1m
[w4] 1760/7601 40260_right-600-ALL elapsed=83.5m
[w0] 1760/7807 30398_left-600-ALL elapsed=83.6m
[w2] 1820/3852 9878db94d9f3-600-HFF elapsed=83.6m
[w3] 1840/4028 20760_right-600-HF elapsed=84.3m
[w4] 1780/7601 41424_left-600 elapsed=84.5m
[w0] 1780/7807 31296_left-600-ALL elapsed=84.7m
[w2] 1840/3852 c5ba9e455d5e elapsed=84.8m
[w3] 1860/4028 24772_right-600-HFF elapsed=85.3m
[w4] 1800/7601 4242c0d87f57 elapsed=85.7m
[w0] 1800/7807 3202_right-600-ALL elapsed=85.8m
[w2] 1860/3852 007-6448-400 elapsed=85.9m
[w3] 1880/4028 29004_right-600-BF elapsed=86.4m
[w4] 1820/7601 43442_right-600-ALL elapsed=86.8m
[w0] 1820/7807 33097_right-600-ALL elapsed=86.8m
[w2] 1880/3852 0e0fc1d9810c-GF-600-FS elapsed=87.1m
[w3] 1900/4028 33270_right-600-FF elapsed=87.5m
[w2] 1900/3852 14978_right-600-FS elapsed=87.9m
[w0] 1840/7807 34346_left-600-ALL elapsed=88.0m
[w4] 1840/7601 44292_left-600 elapsed=88.0m
[w3] 1920/4028 36865bbc64d6-600-BF elapsed=88.5m
[w2] 1920/3852 18938_left-600-FA elapsed=88.8m
[w0] 1860/7807 35543_right-600-ALL elapsed=89.0m
[w4] 1860/7601 4e7694eebb91 elapsed=89.2m
[w3] 1940/4028 40731_right-600-SF elapsed=89.6m
[w2] 1940/3852 22518_right-600-FS elapsed=89.7m
[w0] 1880/7807 36512_right-600 elapsed=90.0m
[w4] 1880/7601 5546_right-600-ALL elapsed=90.5m
[w3] 1960/4028 5298_left-600 elapsed=90.6m
[w2] 1960/3852 26772_right-600-FA elapsed=90.6m
[w0] 1900/7807 3748_left-600 elapsed=91.1m
[w2] 1980/3852 30296_left-600-FA elapsed=91.3m
[w3] 1980/4028 7982_left-600 elapsed=91.6m
[w4] 1900/7601 6092_left-600-ALL elapsed=91.8m
[w0] 1920/7807 38487e1a5b1f-600 elapsed=92.2m
[w2] 2000/3852 34662_left-600-FA elapsed=92.2m
[w3] 2000/4028 9c52b87d01f1-600-HF elapsed=92.7m
[w2] 2020/3852 38513_left-600-FS elapsed=93.1m
[w4] 1920/7601 6860_right-600 elapsed=93.1m
[w0] 1940/7807 39344_left-600 elapsed=93.3m
[w3] 2020/4028 d0ffa0425ef1-600-HBF elapsed=93.8m
[w2] 2040/3852 43050_left-600-HFF elapsed=93.9m
[w4] 1940/7601 759_left-600-ALL elapsed=94.3m
[w0] 1960/7807 40046_left-600-ALL elapsed=94.3m
[w2] 2060/3852 6310_right-600-HFF elapsed=94.8m
[w3] 2040/4028 007-6696-400 elapsed=94.8m
[w0] 1980/7807 41148_left-600-ALL elapsed=95.3m
[w4] 1960/7601 8253_right-600 elapsed=95.4m
[w2] 2080/3852 8604_left-600-FS elapsed=95.7m
[w3] 2060/4028 10572_left-600-FA elapsed=95.9m
[w0] 2000/7807 42140_right-600 elapsed=96.4m
[w4] 1980/7601 8966_left-600 elapsed=96.6m
[w3] 2080/4028 16067_left-600-FS elapsed=96.8m
[w2] 2100/3852 cc3d2e961768-GF-600 elapsed=96.9m
[w0] 2020/7807 43106_left-600-ALL elapsed=97.4m
[w3] 2100/4028 19757_left-600 elapsed=97.6m
[w4] 2000/7601 9444_left-600 elapsed=97.8m
[w2] 2120/3852 007-0534-000 elapsed=98.2m
[w3] 2120/4028 23403_left-600 elapsed=98.4m
[w0] 2040/7807 4408_left-600 elapsed=98.5m
[w4] 2020/7601 IDRiD_012 elapsed=99.2m
[w3] 2140/4028 27395_left-600 elapsed=99.2m
[w2] 2140/3852 10122_right-600 elapsed=99.3m
[w0] 2060/7807 4886_right-600 elapsed=99.6m
[w3] 2160/4028 31198_right-600-HB elapsed=100.1m
[w2] 2160/3852 1209_right-600 elapsed=100.3m
[w0] 2080/7807 533_left-600 elapsed=100.9m
[w4] 2040/7601 a9a28c37c8c4 elapsed=100.9m
[w3] 2180/4028 35412_left-600-HB elapsed=101.0m
[w2] 2180/3852 14388_right-600 elapsed=101.2m
[w3] 2200/4028 39394_right-600 elapsed=101.9m
[w0] 2100/7807 5b644a403e1f elapsed=102.2m
[w2] 2200/3852 16893_right-600 elapsed=102.2m
[w4] 2060/7601 bfd5c0e55420-GF-600-ALL elapsed=102.3m
[w3] 2220/4028 44100_left-600-FS elapsed=102.7m
[w2] 2220/3852 19372_right-600 elapsed=103.3m
[w0] 2120/7807 6640_left-600-ALL elapsed=103.4m
[w3] 2240/4028 688_right-600-FA elapsed=103.7m
[w4] 2080/7601 d81338217fc5 elapsed=103.7m
[w2] 2240/3852 20170208175428715 elapsed=104.4m
[w0] 2140/7807 731b19a460ad-600-ALL elapsed=104.5m
[w3] 2260/4028 905cc86bf100-GF-600-HB elapsed=104.8m
[w4] 2100/7601 e9f82b5bbaf4 elapsed=105.2m
[w2] 2260/3852 20170407215253772 elapsed=105.5m
[w0] 2160/7807 7f84284598f5-GF-600-ALL elapsed=105.8m
[w3] 2280/4028 e037643244b7 elapsed=106.1m
[w4] 2120/7601 007-4057-200 elapsed=106.4m
[w2] 2280/3852 20170427190704516 elapsed=106.7m
[w0] 2180/7807 873fe0404d6e-600-ALL elapsed=107.1m
[w3] 2300/4028 007-1036-000 elapsed=107.1m
[w4] 2140/7601 007-6010-300 elapsed=107.5m
[w2] 2300/3852 20838_left-600 elapsed=107.8m
[w3] 2320/4028 1054_right-600 elapsed=108.1m
[w0] 2200/7807 91e2c2890c9f elapsed=108.3m
[w4] 2160/7601 0c917c372572-600-FF elapsed=108.5m
[w2] 2320/3852 23655_right-600 elapsed=108.8m
[w3] 2340/4028 12714_right-600 elapsed=109.1m
[w0] 2220/7807 9a3c03a5ad0f-600-ALL elapsed=109.5m
[w4] 2180/7601 10489_right-600-FF elapsed=109.8m
[w2] 2340/3852 25977_right-600 elapsed=109.9m
[w3] 2360/4028 14829_left-600 elapsed=110.1m
[w2] 2360/3852 28361_right-600 elapsed=110.8m
[w4] 2200/7601 11211_right-600 elapsed=110.8m
[w3] 2380/4028 17287_right-600 elapsed=111.1m
[w0] 2240/7807 a505981d1cab-600-ALL elapsed=111.2m
[w2] 2380/3852 3015_left-600 elapsed=111.9m
[w4] 2220/7601 12014_left-600 elapsed=111.9m
[w3] 2400/4028 19913_right-600 elapsed=112.1m
[w0] 2260/7807 b91ef82e723a elapsed=112.8m
[w2] 2400/3852 32456_right-600 elapsed=112.9m
[w4] 2240/7601 13489_left-600 elapsed=113.0m
[w3] 2420/4028 20170221093314325 elapsed=113.2m
[w2] 2420/3852 34890_right-600 elapsed=113.9m
[w4] 2260/7601 1420_right-600-HBF elapsed=114.1m
[w3] 2440/4028 20170411153854469 elapsed=114.3m
[w0] 2280/7807 d10d315f123f elapsed=114.4m
[w2] 2440/3852 37380_right-600 elapsed=114.9m
[w4] 2280/7601 15376_right-600-FA elapsed=115.1m
[w3] 2460/4028 20170429200429997 elapsed=115.4m
[w0] 2300/7807 e4e343eaae2a elapsed=115.8m
[w2] 2460/3852 39970_right-600 elapsed=115.9m
[w4] 2300/7601 15bed5adde74-600-HF elapsed=116.0m
[w3] 2480/4028 21401_right-600 elapsed=116.4m
[w2] 2480/3852 42092_right-600 elapsed=116.9m
[w0] 2320/7807 ff52392372d3-600-ALL elapsed=117.1m
[w4] 2320/7601 16600_left-600-HFF elapsed=117.2m
[w3] 2500/4028 242fc19be06f elapsed=117.5m
[w2] 2500/3852 4420_left-600 elapsed=118.1m
[w0] 2340/7807 007-5679-300 elapsed=118.3m
[w4] 2340/7601 17481_left-600-FA elapsed=118.3m
[w3] 2520/4028 266fbefa58fb-600 elapsed=118.6m
[w2] 2520/3852 5511f114e7ee elapsed=119.4m
[w4] 2360/7601 18350_left-600-HBF elapsed=119.5m
[w0] 2360/7807 07a0e34c8d20-600-FA elapsed=119.6m
[w3] 2540/4028 28833_right-600 elapsed=119.7m
[w2] 2540/3852 6663_right-600 elapsed=120.6m
[w4] 2380/7601 1919_left-600-BF elapsed=120.6m
[w0] 2380/7807 10125_left-600-FF elapsed=120.9m
[w3] 2560/4028 30604_left-600 elapsed=121.0m
[w2] 2560/3852 7e77b61e1639 elapsed=121.7m
[w4] 2400/7601 1b495ac025b7-600-HFF elapsed=121.8m
[w0] 2400/7807 11147_right-600-BF elapsed=122.1m
[w3] 2580/4028 32836_left-600 elapsed=122.2m
[w4] 2420/7601 20170602085458708 elapsed=122.9m
[w2] 2580/3852 9645_right-600 elapsed=123.0m
[w3] 2600/4028 35468_left-600 elapsed=123.3m
[w0] 2420/7807 1177_right-600-SF elapsed=123.4m
[w4] 2440/7601 21233_left-600-HFF elapsed=124.0m
[w2] 2600/3852 IM002493 elapsed=124.3m
[w3] 2620/4028 37894_left-600 elapsed=124.4m
[w0] 2440/7807 13190_left-600 elapsed=124.6m
[w4] 2460/7601 22502_left-600-HBF elapsed=125.0m
[w3] 2640/4028 40330_right-600 elapsed=125.6m
[w2] 2620/3852 cad5b1a82e60-600 elapsed=125.6m
[w0] 2460/7807 14109_left-600-HFF elapsed=125.6m
[w4] 2480/7601 23249_left-600-FF elapsed=126.1m
[w0] 2480/7807 14e3f84445f7-600-HF elapsed=126.7m
[w3] 2660/4028 42684_right-600 elapsed=126.7m
[w2] 2640/3852 f7116e7b2f4e elapsed=126.8m
[w4] 2500/7601 23787_left-600-HF elapsed=127.2m
[w0] 2500/7807 15923_right-600-HBF elapsed=127.8m
[w3] 2680/4028 46acc506fa61 elapsed=128.0m
[w2] 2660/3852 10971_left-600-FS elapsed=128.0m
[w4] 2520/7601 24b87f744598-GF-600-HFF elapsed=128.3m
[w0] 2520/7807 163_left-600-HF elapsed=128.9m
[w3] 2700/4028 5889a0c75cac elapsed=129.2m
[w2] 2680/3852 14604_right-600-HFF elapsed=129.2m
[w4] 2540/7601 25733_right-600-SF elapsed=129.4m
[w0] 2540/7807 16740_right-600-FF elapsed=130.0m
[w2] 2700/3852 17873_left-600-HB elapsed=130.3m
[w3] 2720/4028 6d10709053ae elapsed=130.4m
[w4] 2560/7601 27224_left-600-FF elapsed=130.6m
[w2] 2720/3852 20082_left-600-FA elapsed=131.4m
[w3] 2740/4028 82e5bc01f8a4 elapsed=131.6m
[w4] 2580/7601 27939_right-600-HBF elapsed=131.7m
[w2] 2740/3852 240_right-600-FA elapsed=132.4m
[w4] 2600/7601 28919_right-600-FA elapsed=132.6m
[w3] 2760/4028 9999_right-600 elapsed=132.6m
[w2] 2760/3852 26854_left-600-FS elapsed=133.3m
[w4] 2620/7601 299086c6d1b5-600-FF elapsed=133.5m
[w3] 2780/4028 a12ca80bb8c7 elapsed=133.7m
[w2] 2780/3852 30458_right-600-FS elapsed=134.3m
[w4] 2640/7601 30495_left-600-SF elapsed=134.5m
[w3] 2800/4028 d30d079e6f9a elapsed=135.0m
[w2] 2800/3852 34405_left-600-HFF elapsed=135.4m
[w4] 2660/7601 31497_left-600-FA elapsed=135.5m
[w3] 2820/4028 007-1076-000 elapsed=136.3m
[w2] 2820/3852 38112_left-600-HFF elapsed=136.4m
[w4] 2680/7601 32062_right-600-BF elapsed=136.4m
[w3] 2840/4028 11561_left-600-HB elapsed=137.3m
[w2] 2840/3852 41125_left-600-FS elapsed=137.3m
[w4] 2700/7601 32604_right-600-HBF elapsed=137.3m
[w4] 2720/7601 3343_right-600-BF elapsed=138.2m
[w3] 2860/4028 15291_left-600-HFF elapsed=138.3m
[w2] 2860/3852 4717_left-600 elapsed=138.3m
[w4] 2740/7601 3435fd8675a2-600-FF elapsed=139.0m
[w3] 2880/4028 18575_right-600-HFF elapsed=139.2m
[w2] 2880/3852 6459_left-600-HB elapsed=139.3m
[w4] 2760/7601 35285_left-600-BF elapsed=139.9m
[w3] 2900/4028 20532_right-600 elapsed=140.1m
[w2] 2900/3852 8966_right-600-HB elapsed=140.2m
[w4] 2780/7601 35789_right-600-FF elapsed=140.8m
[w3] 2920/4028 24402_left-600-HFF elapsed=141.0m
[w2] 2920/3852 c40976189f22-GF-600-FA elapsed=141.2m
[w4] 2800/7601 36691_left-600 elapsed=141.7m
[w3] 2940/4028 27633_left-600-FS elapsed=141.9m
[w2] 2940/3852 007-3365-200 elapsed=142.1m
[w4] 2820/7601 37426_right-600-HBF elapsed=142.6m
[w2] 2960/3852 007-5071-300 elapsed=142.9m
[w3] 2960/4028 31443_left-600-HB elapsed=142.9m
[w4] 2840/7601 383e72af1955-600 elapsed=143.5m
[w2] 2980/3852 10709_left-600 elapsed=143.8m
[w3] 2980/4028 35291_left-600-FA elapsed=143.9m
[w4] 2860/7601 3992_right-600-FA elapsed=144.3m
[w2] 3000/3852 14025_left-600 elapsed=144.7m
[w3] 3000/4028 38458_right-600-FS elapsed=144.8m
[w4] 2880/7601 40366_right-600 elapsed=145.2m
[w2] 3020/3852 16605_left-600-ALL elapsed=145.6m
[w3] 3020/4028 42103_right-600-HFF elapsed=145.7m
[w4] 2900/7601 4155_left-600-FA elapsed=146.2m
[w2] 3040/3852 19668_left-600 elapsed=146.5m
[w3] 3040/4028 5002_left-600-FS elapsed=146.7m
[w4] 2920/7601 4282_left-600-FF elapsed=147.1m
[w2] 3060/3852 20170628103334635 elapsed=147.3m
[w3] 3060/4028 6b07971c3bf6-GF-600-HB elapsed=147.7m
[w4] 2940/7601 43836_right-600-HBF elapsed=147.9m
[w2] 3080/3852 22929_right-600-ALL elapsed=148.3m
[w3] 3080/4028 9259_right-600 elapsed=148.7m
[w4] 2960/7601 4c60b10a3a6a-GF-600-FA elapsed=148.8m
[w2] 3100/3852 26038_right-600 elapsed=149.2m
[w3] 3100/4028 d4f32b9c07df-600 elapsed=149.7m
[w4] 2980/7601 51269b77d312-GF-600-FF elapsed=149.8m
[w2] 3120/3852 28945_right-600 elapsed=150.1m
[w4] 3000/7601 5964_right-600-FA elapsed=150.6m
[w3] 3120/4028 007-3863-200 elapsed=150.7m
[w2] 3140/3852 31562_right-600 elapsed=151.1m
[w3] 3140/4028 007-5462-300 elapsed=151.5m
[w4] 3020/7601 6736_left-600-BF elapsed=151.6m
[w2] 3160/3852 34284_left-600-ALL elapsed=152.0m
[w3] 3160/4028 11414_right-600-ALL elapsed=152.4m
[w4] 3040/7601 6d0c0531083f-600 elapsed=152.5m
[w2] 3180/3852 37283_left-600 elapsed=152.8m
[w3] 3180/4028 14876_left-600-ALL elapsed=153.3m
[w4] 3060/7601 74eee788edee-GF-600-HBF elapsed=153.4m
[w2] 3200/3852 40101_left-600 elapsed=153.7m
[w3] 3200/4028 17170_right-600-ALL elapsed=154.3m
[w4] 3080/7601 7982_left-600-HBF elapsed=154.3m
[w2] 3220/3852 43558_right-600-ALL elapsed=154.6m
[w4] 3100/7601 8302_left-600-BF elapsed=155.2m
[w3] 3220/4028 1da25637859b elapsed=155.3m
[w2] 3240/3852 5351_right-600 elapsed=155.6m
[w4] 3120/7601 8a234d68b27e-600-SF elapsed=156.2m
[w3] 3240/4028 20679_left-600-ALL elapsed=156.3m
[w2] 3260/3852 7283_left-600 elapsed=156.6m
[w4] 3140/7601 932_right-600-HF elapsed=157.2m
[w3] 3260/4028 23743_left-600 elapsed=157.2m
[w2] 3280/3852 876e1dd12d38-600 elapsed=157.7m
[w4] 3160/7601 9b093fe95d6b-GF-600-SF elapsed=158.1m
[w3] 3280/4028 26505_right-600 elapsed=158.1m
[w3] 3300/4028 29580bed2f7d elapsed=159.0m
[w2] 3300/3852 a804cef3e51f elapsed=159.1m
[w4] 3180/7601 IDRiD_354 elapsed=159.9m
[w3] 3320/4028 32150_left-600-ALL elapsed=159.9m
[w2] 3320/3852 f23902998c21 elapsed=160.2m
[w3] 3340/4028 35175_right-600 elapsed=160.7m
[w4] 3200/7601 a9e984b57556-600-FF elapsed=160.9m
[w2] 3340/3852 11206_right-600-HFF elapsed=161.3m
[w3] 3360/4028 37885_right-600 elapsed=161.7m
[w4] 3220/7601 b310bd564329-GF-600-FA elapsed=161.9m
[w2] 3360/3852 1639_right-600-HBF elapsed=162.2m
[w3] 3380/4028 40763_right-600-ALL elapsed=162.6m
[w4] 3240/7601 c3a82acb7d7a-600-BF elapsed=162.9m
[w2] 3380/3852 20051212_41144_0400_PP elapsed=163.1m
[w3] 3400/4028 43938_right-600 elapsed=163.4m
[w4] 3260/7601 d3e884109b45-600 elapsed=163.9m
[w2] 3400/3852 23648_left-600-HFF elapsed=163.9m
[w3] 3420/4028 5947_right-600 elapsed=164.5m
[w4] 3280/7601 e4210e7fe587-600-SF elapsed=164.7m
[w2] 3420/3852 2862_left-600-BF elapsed=164.9m
[w3] 3440/4028 760b6f4c6d82 elapsed=165.5m
[w4] 3300/7601 f64214bed40e-GF-600-HBF elapsed=165.7m
[w2] 3440/3852 32603_right-600-BF elapsed=165.8m
[w4] 3320/7601 007-6357-400 elapsed=166.6m
[w3] 3460/4028 8ff2733f6aef-600 elapsed=166.6m
[w2] 3460/3852 35867_right-600-HF elapsed=166.7m
[w4] 3340/7601 007-6565-400 elapsed=167.4m
[w2] 3480/3852 40052_right-600 elapsed=167.6m
[w3] 3480/4028 bcdc8db5423b-600 elapsed=167.9m
[w4] 3360/7601 007-6763-400 elapsed=168.2m
[w2] 3500/3852 4d9fc85a8259-600-HBF elapsed=168.4m
[w3] 3500/4028 007-4254-200 elapsed=169.0m
[w4] 3380/7601 007-6964-400 elapsed=169.2m
[w2] 3520/3852 7329_right-600-HF elapsed=169.4m
[w4] 3400/7601 007-7198-400 elapsed=170.0m
[w3] 3520/4028 11858_left-600-HBF elapsed=170.1m
[w2] 3540/3852 916ec976ff30-GF-600-SF elapsed=170.4m
[w4] 3420/7601 0981195eb9fb-GF-600-HB elapsed=170.9m
[w3] 3540/4028 16718_right-600-HBF elapsed=171.0m
[w2] 3560/3852 b960142a8de7-GF-600-HFF elapsed=171.5m
[w3] 3560/4028 20402_left-600-HFF elapsed=171.8m
[w4] 3440/7601 10572_left-600-FS elapsed=171.9m
[w2] 3580/3852 007-4519-200 elapsed=172.3m
[w4] 3460/7601 1138_left-600-HFF elapsed=172.7m
[w3] 3580/4028 24346_left-600-HF elapsed=172.7m
[w2] 3600/3852 007-7052-400 elapsed=173.3m
[w4] 3480/7601 12398_right-600-HFF elapsed=173.5m
[w3] 3600/4028 29418_right-600 elapsed=173.6m
[w2] 3620/3852 12703_right-600-FA elapsed=174.2m
[w4] 3500/7601 13705_left-600 elapsed=174.2m
[w3] 3620/4028 33374_left-600-BF elapsed=174.5m
[w2] 3640/3852 1663_right-600-HFF elapsed=174.9m
[w4] 3520/7601 14849_left-600-HFF elapsed=175.0m
[w3] 3640/4028 36691_left-600-HFF elapsed=175.4m
[w2] 3660/3852 20772_right-600-HFF elapsed=175.7m
[w4] 3540/7601 15741_right-600-FA elapsed=175.8m
[w3] 3660/4028 41451_right-600-HFF elapsed=176.3m
[w2] 3680/3852 23831_left-600-FA elapsed=176.5m
[w4] 3560/7601 16392_left-600-FA elapsed=176.5m
[w3] 3680/4028 5298_left-600-FA elapsed=177.1m
[w4] 3580/7601 17135_right-600-FS elapsed=177.2m
[w2] 3700/3852 28257_right-600-FA elapsed=177.3m
[w4] 3600/7601 18030_left-600 elapsed=178.0m
[w3] 3700/4028 788ddb0b70b7-600-HFF elapsed=178.1m
[w2] 3720/3852 31616_right-600-FA elapsed=178.1m
[w4] 3620/7601 18938_right-600-HFF elapsed=178.6m
[w2] 3740/3852 35766_left-600 elapsed=178.9m
[w3] 3720/4028 9977_right-600-HBF elapsed=179.0m
[w4] 3640/7601 198_left-600-FS elapsed=179.4m
[w2] 3760/3852 39219_left-600-FA elapsed=179.7m
[w3] 3740/4028 c67117c6ab3b-GF-600 elapsed=180.1m
[w4] 3660/7601 20389_left-600-FA elapsed=180.3m
[w2] 3780/3852 43905_left-600-HB elapsed=180.5m
[w3] 3760/4028 007-6467-400 elapsed=181.0m
[w4] 3680/7601 21555_right-600 elapsed=181.1m
[w2] 3800/3852 6719_left-600 elapsed=181.3m
[w3] 3780/4028 0243404e8a00-GF-600-FS elapsed=181.8m
[w4] 3700/7601 22251_right-600-FS elapsed=181.9m
[w2] 3820/3852 8fd7ad26e691-GF-600-FA elapsed=182.2m
[w4] 3720/7601 22938_right-600 elapsed=182.6m
[w3] 3800/4028 13669_left-600-FS elapsed=182.6m
[w3] 3820/4028 17925_left-600-HFF elapsed=183.3m
[w4] 3740/7601 24010_left-600 elapsed=183.4m
[w2] 3840/3852 d659d7fd5ccf-600 elapsed=183.4m
[w2] done 3851/3852 (failed 1)
[w4] 3760/7601 25056_left-600-HB elapsed=184.1m
[w3] 3840/4028 21373_right-600-FA elapsed=184.1m
[w4] 3780/7601 26053_left-600 elapsed=184.8m
[w3] 3860/4028 247e98aba610-600-FS elapsed=184.8m
[w3] 3880/4028 28929_left-600-HB elapsed=185.4m
[w4] 3800/7601 27376_right-600-FA elapsed=185.5m
[w3] 3900/4028 33270_left-600 elapsed=186.0m
[w4] 3820/7601 27e2be850a99-GF-600-FA elapsed=186.1m
[w3] 3920/4028 36752_right-600-HB elapsed=186.7m
[w4] 3840/7601 28699_left-600-HB elapsed=186.9m
[w4] 3860/7601 29680_right-600-HFF elapsed=187.5m
[w3] 3940/4028 3ca637fddd56 elapsed=187.5m
[w3] 3960/4028 4bd941611343-600 elapsed=188.1m
[w4] 3880/7601 3028_right-600-HB elapsed=188.3m
[w3] 3980/4028 7211_right-600-FA elapsed=188.9m
[w4] 3900/7601 31043_right-600 elapsed=188.9m
[w4] 3920/7601 31926_left-600-FS elapsed=189.6m
[w3] 4000/4028 9_right-600 elapsed=189.9m
[w4] 3940/7601 32915_left-600-HB elapsed=190.5m
[w3] 4020/4028 e740af6ac6ea-600 elapsed=191.1m
[w4] 3960/7601 33811_right-600-HFF elapsed=191.2m
[w3] done 4026/4028 (failed 2)
[w4] 3980/7601 34665_left-600-HB elapsed=192.1m
[w4] 4000/7601 35668_left-600-HFF elapsed=193.1m
[w4] 4020/7601 36676_right-600-HB elapsed=194.1m
[w4] 4040/7601 37650_right-600-FS elapsed=195.3m
[w4] 4060/7601 38321_left-600-FS elapsed=196.2m
[w4] 4080/7601 392_right-600-HB elapsed=197.3m
[w4] 4100/7601 3c78bfca247b elapsed=198.4m
[w4] 4120/7601 408ea9d5e082 elapsed=199.8m
[w4] 4140/7601 42071_left-600-HB elapsed=200.7m
[w4] 4160/7601 42967_left-600 elapsed=201.8m
[w4] 4180/7601 44051_right-600-HFF elapsed=202.9m
[w4] 4200/7601 4bd941611343-600-FA elapsed=204.2m
[w4] 4220/7601 5499_left-600 elapsed=205.4m
[w4] 4240/7601 6160_right-600 elapsed=206.7m
[w4] 4260/7601 6707_right-600-HB elapsed=207.8m
[w4] 4280/7601 7078_left-600-HB elapsed=209.8m
[w4] 4300/7601 785777558f05-GF-600-FA elapsed=214.0m
[w4] 4320/7601 8315_left-600-FS elapsed=217.3m
[w4] 4340/7601 8ae049175db6-600-HB elapsed=218.0m
[w4] 4360/7601 94ef1d14597f-600-HB elapsed=218.9m
[w4] 4380/7601 IDRiD_004 elapsed=220.2m
[w4] 4400/7601 aeed1f251ceb-600-HB elapsed=221.3m
[w4] 4420/7601 bcd503c726ba-GF-600-HFF elapsed=222.2m
[w4] 4440/7601 cd972e5639e0-GF-600-FS elapsed=223.0m
[w4] 4460/7601 df4aec4a0eaf elapsed=223.8m
[w4] 4480/7601 ed246ae1ed08-600-HFF elapsed=224.7m
[w4] 4500/7601 fb696a8e055a-GF-600-HB elapsed=225.5m
[w4] 4520/7601 104_right-600 elapsed=226.3m
[w4] 4540/7601 14305_left-600 elapsed=227.0m
[w4] 4560/7601 18056_left-600 elapsed=227.8m
[w4] 4580/7601 20170223174340183 elapsed=228.5m
[w4] 4600/7601 20170429212437072 elapsed=229.4m
[w4] 4620/7601 22851_right-600 elapsed=230.1m
[w4] 4640/7601 26d9576e8043 elapsed=231.0m
[w4] 4660/7601 31575_left-600 elapsed=231.7m
[w4] 4680/7601 35626_right-600 elapsed=232.5m
[w4] 4700/7601 3918_left-600 elapsed=233.2m
[w4] 4720/7601 42925_left-600 elapsed=234.0m
[w4] 4740/7601 5e97cb2b0888 elapsed=234.8m
[w4] 4760/7601 84b88e8d3bca-600 elapsed=235.6m
[w4] 4780/7601 IM000805 elapsed=236.6m
[w4] 4800/7601 e6552b7432b3 elapsed=237.5m
[w4] 4820/7601 10762_left-600-FA elapsed=238.2m
[w4] 4840/7601 14326_right-600-FA elapsed=239.1m
[w4] 4860/7601 18014_right-600-FS elapsed=239.9m
[w4] 4880/7601 20562_left-600-FA elapsed=240.6m
[w4] 4900/7601 24539_left-600-FA elapsed=241.4m
[w4] 4920/7601 27755_right-600-FA elapsed=242.2m
[w4] 4940/7601 31772_left-600-FS elapsed=242.9m
[w4] 4960/7601 35748_left-600-HB elapsed=243.7m
[w4] 4980/7601 39677_right-600 elapsed=244.5m
[w4] 5000/7601 43518_left-600-HB elapsed=245.3m
[w4] 5020/7601 6499_right-600-FA elapsed=246.1m
[w4] 5040/7601 8c2f0f04e1ed-GF-600-HB elapsed=246.9m
[w4] 5060/7601 c8fc0df22999-GF-600-FA elapsed=247.8m
[w4] 5080/7601 007-4208-200 elapsed=248.7m
[w4] 5100/7601 025a169a0bb0-GF-600 elapsed=249.5m
[w4] 5120/7601 13706_right-600-ALL elapsed=250.3m
[w4] 5140/7601 17686_left-600 elapsed=251.0m
[w4] 5160/7601 20353_right-600 elapsed=251.7m
[w4] 5180/7601 24221_left-600-ALL elapsed=252.4m
[w4] 5200/7601 28184_left-600 elapsed=253.2m
[w4] 5220/7601 31327_left-600-ALL elapsed=254.0m
[w4] 5240/7601 35532_right-600-ALL elapsed=254.8m
[w4] 5260/7601 39707_left-600 elapsed=255.5m
[w4] 5280/7601 4426_left-600-ALL elapsed=256.2m
[w4] 5300/7601 674057ab250c elapsed=257.2m
[w4] 5320/7601 9657_left-600 elapsed=258.1m
[w4] 5340/7601 da8900ac7f29 elapsed=259.3m
[w4] 5360/7601 1008_right-600-SF elapsed=260.2m
[w4] 5380/7601 1471_left-600-HFF elapsed=261.0m
[w4] 5400/7601 18968_left-600-HF elapsed=261.7m
[w4] 5420/7601 22778_right-600-FA elapsed=262.7m
[w4] 5440/7601 2577_right-600-HBF elapsed=263.9m
[w4] 5460/7601 30747_left-600-HF elapsed=264.5m
[w4] 5480/7601 34524_right-600-FA elapsed=265.2m
[w4] 5500/7601 38345_right-600-FF elapsed=265.9m
[w4] 5520/7601 43416_left-600 elapsed=266.8m
[w4] 5540/7601 6875_right-600-BF elapsed=267.5m
[w4] 5560/7601 86d6808f0609-GF-600-FA elapsed=268.2m
[w4] 5580/7601 a9e984b57556-600-FA elapsed=269.2m
[w4] 5600/7601 f080a22008be-GF-600-HF elapsed=270.0m
[w4] 5620/7601 007-7140-400 elapsed=270.8m
[w4] 5640/7601 12682_right-600-HFF elapsed=271.7m
[w4] 5660/7601 17157_right-600 elapsed=272.3m
[w4] 5680/7601 20855_left-600 elapsed=273.0m
[w4] 5700/7601 247ac63e5510-GF-600-FS elapsed=273.6m
[w4] 5720/7601 28497_right-600-FA elapsed=274.2m
[w4] 5740/7601 32661_left-600 elapsed=274.8m
[w4] 5760/7601 374535e0adb8-600 elapsed=275.4m
[w4] 5780/7601 40893_right-600-HB elapsed=276.0m
[w4] 5800/7601 5304_right-600-FS elapsed=276.6m
[w4] 5820/7601 7531_right-600-HB elapsed=277.2m
[w4] 5840/7601 a32b5ce3d48a-GF-600-HB elapsed=278.0m
[w4] 5860/7601 f2d2a0c92034-GF-600-HFF elapsed=278.8m
[w4] 5880/7601 007-1885-100 elapsed=279.6m
[w4] 5900/7601 11332_right-600 elapsed=280.2m
[w4] 5920/7601 1335_right-600 elapsed=280.9m
[w4] 5940/7601 15860_left-600 elapsed=281.6m
[w4] 5960/7601 1828_left-600 elapsed=282.3m
[w4] 5980/7601 20051205_57988_0400_PP elapsed=283.0m
[w4] 6000/7601 20170324074957283 elapsed=283.8m
[w4] 6020/7601 20170420091642882 elapsed=284.6m
[w4] 6040/7601 20170430200130967 elapsed=285.5m
[w4] 6060/7601 22442_right-600 elapsed=286.2m
[w4] 6080/7601 24f3e70f0419 elapsed=287.0m
[w4] 6100/7601 27577_left-600 elapsed=287.8m
[w4] 6120/7601 29504_left-600 elapsed=288.5m
[w4] 6140/7601 31582_left-600 elapsed=289.4m
[w4] 6160/7601 33636_right-600 elapsed=290.1m
[w4] 6180/7601 36282_left-600 elapsed=290.9m
[w4] 6200/7601 38733_right-600 elapsed=291.6m
[w4] 6220/7601 41136_right-600 elapsed=292.4m
[w4] 6240/7601 43592_right-600 elapsed=293.1m
[w4] 6260/7601 4ef16a53d899 elapsed=293.9m
[w4] 6280/7601 6137_right-600 elapsed=294.7m
[w4] 6300/7601 75a071608ea6 elapsed=295.7m
[w4] 6320/7601 8980_right-600 elapsed=296.4m
[w4] 6340/7601 GF-aeccef0bdc26-600 elapsed=297.3m
[w4] 6360/7601 b200c23b299b elapsed=298.3m
[w4] 6380/7601 e29e54ff921e elapsed=299.2m
[w4] 6400/7601 007-3179-100 elapsed=300.1m
[w4] 6420/7601 12ce6a1a1f31 elapsed=300.8m
[w4] 6440/7601 16509_left-600-FS elapsed=301.5m
[w4] 6460/7601 19493_right-600-HFF elapsed=302.2m
[w4] 6480/7601 2233_left-600-FS elapsed=303.0m
[w4] 6500/7601 25316_left-600-HB elapsed=303.8m
[w4] 6520/7601 29044_left-600-FS elapsed=304.5m
[w4] 6540/7601 3237_right-600-HFF elapsed=305.3m
[w4] 6560/7601 36588_right-600-HB elapsed=306.1m
[w4] 6580/7601 39864_right-600 elapsed=306.9m
[w4] 6600/7601 43235_right-600-FA elapsed=307.7m
[w4] 6620/7601 5777ef74c9ec elapsed=308.5m
[w4] 6640/7601 7797_left-600-HFF elapsed=309.3m
[w4] 6660/7601 IM004184 elapsed=310.1m
[w4] 6680/7601 007-1880-100 elapsed=310.8m
[w4] 6700/7601 007-4365-200 elapsed=311.7m
[w4] 6720/7601 007-6733-400 elapsed=312.5m
[w4] 6740/7601 12706_right-600-ALL elapsed=313.1m
[w4] 6760/7601 15684_left-600 elapsed=313.9m
[w4] 6780/7601 18474_left-600-ALL elapsed=314.7m
[w4] 6800/7601 20170505100940129 elapsed=315.4m
[w4] 6820/7601 2170_right-600-ALL elapsed=316.2m
[w4] 6840/7601 24668_left-600 elapsed=317.0m
[w4] 6860/7601 27726_right-600 elapsed=317.8m
[w4] 6880/7601 30456_right-600 elapsed=318.6m
[w4] 6900/7601 331b87d1b9d1-600-ALL elapsed=319.3m
[w4] 6920/7601 36145_right-600-ALL elapsed=320.0m
[w4] 6940/7601 38950_left-600 elapsed=320.8m
[w4] 6960/7601 41860_left-600 elapsed=321.5m
[w4] 6980/7601 46c1548d730e elapsed=322.3m
[w4] 7000/7601 6571_left-600 elapsed=323.3m
[w4] 7020/7601 7c2f820a6425-GF-600 elapsed=324.1m
[w4] 7040/7601 9904939ab83d-600 elapsed=325.1m
[w4] 7060/7601 d5a39339ff3d elapsed=326.2m
[w4] 7080/7601 070f67572d03-GF-600 elapsed=327.1m
[w4] 7100/7601 14029_right-600 elapsed=327.9m
[w4] 7120/7601 18573_right-600-HFF elapsed=328.6m
[w4] 7140/7601 22160_left-600-BF elapsed=329.2m
[w4] 7160/7601 25b0e72705a8-GF-600-SF elapsed=330.0m
[w4] 7180/7601 3096_right-600-HF elapsed=330.8m
[w4] 7200/7601 34547_right-600-FA elapsed=331.5m
[w4] 7220/7601 38055d8b9f08-GF-600-HFF elapsed=332.2m
[w4] 7240/7601 43105_left-600-FF elapsed=332.9m
[w4] 7260/7601 6253f23229b1-600-HF elapsed=333.7m
[w4] 7280/7601 810d3779abd9-600-HF elapsed=334.5m
[w4] 7300/7601 a14fcf84bfe1-600-FF elapsed=335.4m
[w4] 7320/7601 e32a359be36d-GF-600-HFF elapsed=336.1m
[w4] 7340/7601 007-6758-400 elapsed=336.7m
[w4] 7360/7601 10653_right-600-HB elapsed=337.4m
[w4] 7380/7601 15414_left-600-FA elapsed=338.1m
[w4] 7400/7601 19116_right-600-HB elapsed=338.7m
[w4] 7420/7601 21abd36095a1-GF-600-FA elapsed=339.4m
[w4] 7440/7601 27483_left-600-HFF elapsed=340.1m
[w4] 7460/7601 30416_left-600-FA elapsed=340.7m
[w4] 7480/7601 34543_left-600-HFF elapsed=341.2m
[w4] 7500/7601 37c4dfe03aba elapsed=341.8m
[w4] 7520/7601 41434_left-600-FS elapsed=342.4m
[w4] 7540/7601 5b5b80a3edee-600-HB elapsed=343.0m
[w4] 7560/7601 7efc91af4ae6-600-FA elapsed=343.7m
[w4] 7580/7601 ba4d2c4b3039 elapsed=344.5m
[w4] done 7599/7601 (failed 2)
all workers finished
train/test split files -> 33107 / 6949
merged 5 worker files -> features.csv (40056 rows)
failed images: 6 -> features_failed.csv
error
degenerate image C:\Users\FEDELIKA MAXIMUS\.cache\kagglehub\datasets\sehastrajits\fundus-aptosddridirdeyepacsmessidor\versions\1\split_dataset\train\1\10600_right-600-FA.jpg (std=0.00)    1
degenerate image C:\Users\FEDELIKA MAXIMUS\.cache\kagglehub\datasets\sehastrajits\fundus-aptosddridirdeyepacsmessidor\versions\1\split_dataset\train\4\24472_right-600-FA.jpg (std=0.00)    1
degenerate image C:\Users\FEDELIKA MAXIMUS\.cache\kagglehub\datasets\sehastrajits\fundus-aptosddridirdeyepacsmessidor\versions\1\split_dataset\train\4\16802_right-600-FA.jpg (std=0.00)    1
degenerate image C:\Users\FEDELIKA MAXIMUS\.cache\kagglehub\datasets\sehastrajits\fundus-aptosddridirdeyepacsmessidor\versions\1\split_dataset\test\4\32230_right-600-FA.jpg (std=0.00)     1
degenerate image C:\Users\FEDELIKA MAXIMUS\.cache\kagglehub\datasets\sehastrajits\fundus-aptosddridirdeyepacsmessidor\versions\1\split_dataset\train\1\18972_left-600-FA.jpg (std=0.00)     1
degenerate image C:\Users\FEDELIKA MAXIMUS\.cache\kagglehub\datasets\sehastrajits\fundus-aptosddridirdeyepacsmessidor\versions\1\split_dataset\test\4\22595_left-600-FA.jpg (std=0.00)      1
split  label_6
test   0          2120
       1          1144
       2          1572
       3          1023
       4          1090
train  0          7182
       1          7008
       2          7084
       3          6029
       4          5804
train 33107 / test 6949 | features 33
  RandomForest         acc=0.5324 macro-F1=0.5303 QWK=0.6615
  XGBoost              acc=0.4993 macro-F1=0.4960 QWK=0.6366
  LogisticRegression   acc=0.4638 macro-F1=0.4471 QWK=0.6029
  SVM                  acc=0.4819 macro-F1=0.4693 QWK=0.6158
  saved C:\Users\FEDELIKA MAXIMUS\OneDrive\Desktop\drfinal\outputs_multidataset\plots\model_comparison.png

Best: RandomForest
  saved C:\Users\FEDELIKA MAXIMUS\OneDrive\Desktop\drfinal\outputs_multidataset\plots\confusion_matrix.png
  saved C:\Users\FEDELIKA MAXIMUS\OneDrive\Desktop\drfinal\outputs_multidataset\plots\roc_ovr.png
  saved C:\Users\FEDELIKA MAXIMUS\OneDrive\Desktop\drfinal\outputs_multidataset\plots\pr_ovr.png
  saved C:\Users\FEDELIKA MAXIMUS\OneDrive\Desktop\drfinal\outputs_multidataset\plots\per_class_metrics.png
  saved C:\Users\FEDELIKA MAXIMUS\OneDrive\Desktop\drfinal\outputs_multidataset\plots\feature_importance.png
  saved C:\Users\FEDELIKA MAXIMUS\OneDrive\Desktop\drfinal\outputs_multidataset\plots\calibration.png
  saved C:\Users\FEDELIKA MAXIMUS\OneDrive\Desktop\drfinal\outputs_multidataset\metrics_summary.csv
saved model bundle -> C:\Users\FEDELIKA MAXIMUS\OneDrive\Desktop\drfinal\outputs_multidataset\model_bundle.joblib
[w3] 20/1049 21760_left-600-FA elapsed=1.5m
[w4] 20/1048 21760_right-600-BF elapsed=1.6m
[w1] 20/1049 21580_left-600-FA elapsed=1.6m
[w2] 20/1049 21580_right-600-HF elapsed=1.6m
[w0] 20/1049 21558_right-600-HBF elapsed=1.8m
[w1] 40/1049 26553_left-600-FF elapsed=2.9m
[w3] 40/1049 2665f72e2dd3-GF-600-HFF elapsed=2.9m
[w2] 40/1049 26553_right-600-BF elapsed=3.0m
[w4] 40/1048 26888_left-600-FA elapsed=3.0m
[w0] 40/1049 26299_right-600-HBF elapsed=3.2m
[w1] 60/1049 30922_right-600-HF elapsed=4.3m
[w3] 60/1049 30925_right-600-HBF elapsed=4.3m
[w2] 60/1049 30925_left-600-HBF elapsed=4.3m
[w4] 60/1048 30930_left-600-FA elapsed=4.4m
[w0] 60/1049 30922_left-600-HF elapsed=4.6m
[w3] 80/1049 34666_left-600 elapsed=5.7m
[w4] 80/1048 34690_right-600-FA elapsed=5.8m
[w1] 80/1049 34571_left-600-FA elapsed=5.8m
[w2] 80/1049 34666_left-600-BF elapsed=5.8m
[w0] 80/1049 34547_right-600-FF elapsed=6.1m
[w3] 100/1049 39272_left-600 elapsed=7.2m
[w4] 100/1048 39272_right-600-HFF elapsed=7.2m
[w1] 100/1049 39106_left-600-BF elapsed=7.3m
[w2] 100/1049 39272_left-600-FA elapsed=7.4m
[w0] 100/1049 38907_right-600-FA elapsed=7.5m
[w3] 120/1049 4967_left-600-BF elapsed=8.7m
[w4] 120/1048 4967_left-600 elapsed=8.7m
[w1] 120/1049 4674_left-600-BF elapsed=8.7m
[w2] 120/1049 4793_right-600-FF elapsed=8.9m
[w0] 120/1049 4620_right-600-FF elapsed=9.1m
[w3] 140/1049 7060_right-600-SF elapsed=10.3m
[w4] 140/1048 71a39c660432-600-FA elapsed=10.3m
[w1] 140/1049 7060_left-600-FF elapsed=10.4m
[w2] 140/1049 7060_left-600 elapsed=10.5m
[w0] 140/1049 7026_right-600-FA elapsed=10.7m
[w4] 160/1048 996f57c86ba5-GF-600-HF elapsed=11.8m
[w1] 160/1049 9951_right-600-FF elapsed=11.8m
[w2] 160/1049 996f57c86ba5-600-BF elapsed=11.9m
[w3] 160/1049 996f57c86ba5-600 elapsed=11.9m
[w0] 160/1049 9934_left-600 elapsed=12.2m
[w4] 180/1048 d035c2bd9104-600-SF elapsed=13.5m
[w3] 180/1049 d0079cc188e9-GF-600-SF elapsed=13.6m
[w1] 180/1049 ce207b69ff37 elapsed=13.7m
[w2] 180/1049 d0079cc188e9-600-SF elapsed=13.8m
[w0] 180/1049 c9ea9d5eab65-GF-600-HBF elapsed=14.0m
[w4] 200/1048 007-6689-400 elapsed=14.9m
[w3] 200/1049 007-6679-400 elapsed=15.0m
[w1] 200/1049 007-6666-400 elapsed=15.0m
[w2] 200/1049 007-6673-400 elapsed=15.0m
[w0] 200/1049 007-6656-400 elapsed=15.5m
[w4] 220/1048 11100_left-600-HFF elapsed=16.1m
[w3] 220/1049 11032_left-600-FA elapsed=16.3m
[w2] 220/1049 10fca1abf338-600-HFF elapsed=16.4m
[w1] 220/1049 10904_right-600-HB elapsed=16.5m
[w0] 220/1049 1084_right-600-HFF elapsed=16.7m
[w4] 240/1048 16123_left-600-FS elapsed=17.3m
[w3] 240/1049 16114_left-600-HFF elapsed=17.6m
[w2] 240/1049 16103_right-600-HFF elapsed=17.7m
[w1] 240/1049 16103_left-600-HB elapsed=17.7m
[w0] 240/1049 16067_left-600-HB elapsed=17.9m
[w4] 260/1048 20111_left-600 elapsed=18.7m
[w3] 260/1049 20051214_56971_0100_PP elapsed=18.8m
[w2] 260/1049 20051208_42314_0400_PP elapsed=18.9m
[w1] 260/1049 20051020_62802_0100_PP elapsed=19.0m
[w0] 260/1049 20144_right-600 elapsed=19.1m
[w4] 280/1048 247ac63e5510-600-HB elapsed=19.8m
[w3] 280/1049 24776_left-600-FS elapsed=20.0m
[w1] 280/1049 24685_left-600-HB elapsed=20.1m
[w2] 280/1049 24685_right-600-HFF elapsed=20.2m
[w0] 280/1049 247e98aba610-600-HFF elapsed=20.4m
[w4] 300/1048 29339_right-600 elapsed=21.0m
[w2] 300/1049 29279_right-600 elapsed=21.3m
[w1] 300/1049 29208_left-600-HFF elapsed=21.4m
[w3] 300/1049 29339_left-600-HFF elapsed=21.4m
[w0] 300/1049 29366_left-600-FS elapsed=21.6m
[w4] 320/1048 33621_left-600-HFF elapsed=22.3m
[w2] 320/1049 33499_left-600-FS elapsed=22.5m
[w1] 320/1049 33493_left-600-HFF elapsed=22.6m
[w0] 320/1049 33720_left-600-FS elapsed=22.7m
[w3] 320/1049 33526_right-600-FA elapsed=22.8m
[w4] 340/1048 3802_left-600-FS elapsed=23.5m
[w1] 340/1049 37951_right-600 elapsed=23.8m
[w2] 340/1049 3796af4d987a-600-HFF elapsed=23.8m
[w0] 340/1049 38056_left-600-FA elapsed=23.9m
[w3] 340/1049 37c4dfe03aba-600-FA elapsed=24.0m
[w4] 360/1048 42763_right-600 elapsed=24.7m
[w1] 360/1049 42588_right-600-FS elapsed=24.9m
[w0] 360/1049 42775_right-600-FS elapsed=25.1m
[w2] 360/1049 42693_right-600-FS elapsed=25.2m
[w3] 360/1049 42733_right-600-HFF elapsed=25.3m
[w4] 380/1048 65c958379680-GF-600-HFF elapsed=26.0m
[w1] 380/1049 64fedbf97473-GF-600 elapsed=26.3m
[w0] 380/1049 65e120143825-GF-600-FS elapsed=26.4m
[w2] 380/1049 6521_right-600-FS elapsed=26.4m
[w3] 380/1049 65c958379680-600-FA elapsed=26.7m
[w4] 400/1048 9240_right-600-FS elapsed=27.3m
[w2] 400/1049 9157_right-600-FA elapsed=27.9m
[w0] 400/1049 9311_right-600-FA elapsed=27.9m
[w1] 400/1049 905cc86bf100-GF-600 elapsed=27.9m
[w3] 400/1049 9172_right-600-HFF elapsed=28.2m
[w4] 420/1048 d9ba044671e1-600-HB elapsed=29.0m
[w2] 420/1049 d803598dabda-GF-600-HB elapsed=29.4m
[w1] 420/1049 d803598dabda-600-FS elapsed=29.5m
[w0] 420/1049 de16416220de-600-HFF elapsed=29.7m
[w3] 420/1049 d85ea1220a03-GF-600-HB elapsed=30.1m
[w4] 440/1048 17249_right-600 elapsed=30.7m
[w2] 440/1049 16929_left-600 elapsed=30.9m
[w1] 440/1049 16761_left-600 elapsed=31.1m
[w0] 440/1049 17413_left-600 elapsed=31.3m
[w3] 440/1049 1709_right-600 elapsed=31.5m
[w4] 460/1048 30049_left-600 elapsed=32.2m
[w2] 460/1049 29922_left-600 elapsed=32.6m
[w0] 460/1049 30513_right-600 elapsed=32.8m
[w1] 460/1049 29612_left-600 elapsed=32.9m
[w3] 460/1049 2d04cead4d3a elapsed=33.1m
[w4] 480/1048 7da558d92100 elapsed=33.6m
[w2] 480/1049 77e15f213b04 elapsed=34.2m
[w1] 480/1049 75c180e04f65 elapsed=34.4m
[w0] 480/1049 810ed108f5b7 elapsed=34.4m
[w3] 480/1049 7907_left-600 elapsed=34.7m
[w4] 500/1048 16941_right-600-HB elapsed=35.3m
[w2] 500/1049 16558_left-600-FA elapsed=35.8m
[w1] 500/1049 16509_left-600 elapsed=35.9m
[w0] 500/1049 17263_right-600 elapsed=36.0m
[w3] 500/1049 16765_right-600-HFF elapsed=36.3m
[w4] 520/1048 34585_right-600 elapsed=36.8m
[w2] 520/1049 34100_right-600-HFF elapsed=37.1m
[w1] 520/1049 33996_left-600 elapsed=37.5m
[w0] 520/1049 34767_left-600 elapsed=37.5m
[w3] 520/1049 34308_right-600-FS elapsed=37.9m
[w4] 540/1048 a95858e052d6-600-HB elapsed=38.2m
[w2] 540/1049 a3ad6c2db6f1-600-HB elapsed=38.7m
[w1] 540/1049 IM002765 elapsed=39.0m
[w0] 540/1049 af133a85ea0c elapsed=39.2m
[w3] 540/1049 a77dbec966d4-GF-600-FS elapsed=39.2m
[w4] 560/1048 20170524112244605 elapsed=39.8m
[w2] 560/1049 20170509092532699 elapsed=40.1m
[w1] 560/1049 20170502000649856 elapsed=40.4m
[w0] 560/1049 20170608112856878 elapsed=40.8m
[w3] 560/1049 20170515153131779 elapsed=40.8m
[w4] 580/1048 38770_right-600-ALL elapsed=41.2m
[w2] 580/1049 3810_left-600 elapsed=41.5m
[w1] 580/1049 37947_right-600 elapsed=42.0m
[w3] 580/1049 38447_left-600-ALL elapsed=42.1m
[w0] 580/1049 38882_right-600-ALL elapsed=42.1m
[w4] 600/1048 05cd0178ccfe-600-HF elapsed=42.7m
[w2] 600/1049 007-6213-300 elapsed=43.2m
[w1] 600/1049 007-5693-300 elapsed=43.6m
[w0] 600/1049 0c917c372572-600-BF elapsed=43.7m
[w4] 620/1048 299086c6d1b5-600-HF elapsed=44.0m
[w3] 600/1049 03c85870824c elapsed=44.0m
[w2] 620/1049 29018_right-600-HF elapsed=44.5m
[w1] 620/1049 28919_right-600-HFF elapsed=45.1m
[w0] 620/1049 2bb063318cf1-600-FA elapsed=45.1m
[w4] 640/1048 8073_left-600 elapsed=45.3m
[w3] 620/1049 29418_right-600-SF elapsed=45.4m
[w2] 640/1049 7a6e384a0846-600-SF elapsed=45.9m
[w1] 640/1049 7923_right-600 elapsed=46.3m
[w0] 640/1049 80e7cc0a0649-GF-600 elapsed=46.5m
[w4] 660/1048 16422_right-600-FA elapsed=46.9m
[w3] 640/1049 7e160c8b611e-600-BF elapsed=47.0m
[w2] 660/1049 16103_left-600-FA elapsed=47.5m
[w1] 660/1049 15975_right-600-HFF elapsed=47.8m
[w0] 660/1049 16435_left-600-FA elapsed=48.2m
[w4] 680/1048 35804_right-600-HFF elapsed=48.2m
[w3] 660/1049 16312_right-600-HFF elapsed=48.4m
[w2] 680/1049 35502_left-600-FS elapsed=48.8m
[w1] 680/1049 35199_right-600-FS elapsed=49.1m
[w0] 680/1049 36415_right-600-HFF elapsed=49.4m
[w3] 680/1049 35668_left-600-FA elapsed=49.6m
[w4] 700/1048 e4f12411fd85-GF-600 elapsed=49.7m
[w2] 700/1049 e23add229074-GF-600-HFF elapsed=50.2m
[w1] 700/1049 e019b3e0f33d-GF-600-FS elapsed=50.5m
[w0] 700/1049 e7d2c2c3b30f-GF-600-HB elapsed=50.8m
[w3] 700/1049 e39b627cf648-GF-600-FA elapsed=50.8m
[w4] 720/1048 17597_left-600 elapsed=51.2m
[w2] 720/1049 17380_right-600 elapsed=51.7m
[w1] 720/1049 1718_left-600 elapsed=51.8m
[w3] 720/1049 17470_right-600 elapsed=52.3m
[w0] 720/1049 17714_left-600 elapsed=52.4m
[w4] 740/1048 21774_left-600 elapsed=52.7m
[w2] 740/1049 21467_right-600 elapsed=53.1m
[w1] 740/1049 21266_right-600 elapsed=53.4m
[w0] 740/1049 22025_right-600 elapsed=53.9m
[w3] 740/1049 21619_right-600 elapsed=54.0m
[w4] 760/1048 33110_left-600 elapsed=54.1m
[w2] 760/1049 32849_left-600 elapsed=54.7m
[w1] 760/1049 32804_right-600 elapsed=54.9m
[w0] 760/1049 3318_right-600 elapsed=55.3m
[w3] 760/1049 32985_right-600 elapsed=55.4m
[w4] 780/1048 492_left-600 elapsed=55.6m
[w2] 780/1049 4784_left-600 elapsed=56.2m
[w1] 780/1049 45693d027798 elapsed=56.4m
[w0] 780/1049 4981_left-600 elapsed=56.8m
[w3] 780/1049 4837_left-600 elapsed=56.8m
[w4] 800/1048 a6356a3c5d11 elapsed=57.2m
[w1] 800/1049 a0b7ad98df57 elapsed=58.4m
[w2] 800/1049 a188c60b93fb elapsed=58.5m
[w0] 800/1049 a9b3177f01c0 elapsed=58.7m
[w3] 800/1049 a2b995b81692 elapsed=59.0m
[w4] 820/1048 18933_left-600-HB elapsed=59.3m
[w1] 820/1049 18438_right-600-HFF elapsed=60.0m
[w2] 820/1049 18618_right-600-FS elapsed=60.1m
[w0] 820/1049 19029_right-600 elapsed=60.1m
[w3] 820/1049 18659_right-600 elapsed=60.7m
[w4] 840/1048 35645_right-600-FS elapsed=60.7m
[w1] 840/1049 35218_right-600 elapsed=61.5m
[w2] 840/1049 35293_right-600-FA elapsed=61.7m
[w0] 840/1049 35973_left-600-FA elapsed=61.8m
[w3] 840/1049 35423_left-600-FA elapsed=62.1m
[w4] 860/1048 9467_right-600 elapsed=62.3m
[w1] 860/1049 9244_right-600 elapsed=63.0m
[w2] 860/1049 93be637084a2-GF-600-FA elapsed=63.2m
[w0] 860/1049 9632_left-600-HFF elapsed=63.4m
[w3] 860/1049 944a233fbf8e-GF-600-FA elapsed=63.7m
[w4] 880/1048 15269_right-600-ALL elapsed=63.7m
[w1] 880/1049 14723_left-600-ALL elapsed=64.4m
[w2] 880/1049 14952_left-600 elapsed=64.7m
[w0] 880/1049 1535_left-600 elapsed=64.9m
[w3] 880/1049 15137_right-600 elapsed=65.2m
[w4] 900/1048 27075_left-600 elapsed=65.4m
[w1] 900/1049 26427_right-600 elapsed=66.0m
[w2] 900/1049 26537_right-600 elapsed=66.1m
[w0] 900/1049 27205_right-600 elapsed=66.3m
[w3] 900/1049 26905_right-600 elapsed=66.8m
[w4] 920/1048 41130_left-600-ALL elapsed=66.9m
[w1] 920/1049 40714_left-600-ALL elapsed=67.4m
[w2] 920/1049 40943_left-600 elapsed=67.5m
[w0] 920/1049 41401_right-600 elapsed=67.6m
[w3] 920/1049 41027_right-600 elapsed=68.3m
[w4] 940/1048 c9d42d7534e0 elapsed=68.5m
[w1] 940/1049 b65ff67743b2-GF-600 elapsed=69.2m
[w2] 940/1049 bf1b7e21e774-GF-600-ALL elapsed=69.3m
[w0] 940/1049 cb75210abebe elapsed=69.4m
[w4] 960/1048 25119_left-600-SF elapsed=70.1m
[w3] 940/1049 c68dfa021d62-GF-600-ALL elapsed=70.2m
[w0] 960/1049 25303_right-600-FA elapsed=70.7m
[w2] 960/1049 24656_left-600-BF elapsed=70.7m
[w1] 960/1049 24317_left-600-HFF elapsed=70.8m
[w4] 980/1048 5823_left-600-FF elapsed=71.4m
[w3] 960/1049 24b87f744598-600-HBF elapsed=71.7m
[w0] 980/1049 5964_left-600-FF elapsed=72.1m
[w2] 980/1049 5304_left-600-HF elapsed=72.2m
[w1] 980/1049 5185_right-600-SF elapsed=72.2m
[w4] 1000/1048 0e82bcacc475-GF-600-HFF elapsed=72.8m
[w3] 980/1049 5505_right-600-HBF elapsed=73.2m
[w0] 1000/1049 10228_left-600 elapsed=73.5m
[w1] 1000/1049 02dda30d3acf-GF-600-HB elapsed=73.8m
[w2] 1000/1049 080ee76c958c-600-HFF elapsed=73.9m
[w4] 1020/1048 2970_right-600-FA elapsed=74.1m
[w3] 1000/1049 0ada12c0e78f-600-HFF elapsed=74.8m
[w0] 1020/1049 29839_left-600-HB elapsed=75.0m
[w1] 1020/1049 28929_left-600 elapsed=75.2m
[w2] 1020/1049 29279_left-600-FA elapsed=75.2m
[w4] 1040/1048 7760_right-600-HFF elapsed=75.4m
[w4] done 1048/1048 (failed 0)
[w3] 1020/1049 29366_left-600 elapsed=76.0m
[w0] 1040/1049 78b3f819dcc5 elapsed=76.3m
[w1] 1040/1049 70d657f8f503-600 elapsed=76.3m
[w2] 1040/1049 7270367410a1-600-FA elapsed=76.4m
[w0] done 1048/1049 (failed 1)
[w1] done 1049/1049 (failed 0)
[w3] 1040/1049 7452_left-600-FA elapsed=77.1m
[w2] done 1049/1049 (failed 0)
[w3] done 1049/1049 (failed 0)
all workers finished
train/test split files -> 36612 / 8686
merged 5 worker files -> features.csv (45298 rows)
failed images: 7 -> features_failed.csv
error
degenerate image C:\Users\FEDELIKA MAXIMUS\.cache\kagglehub\datasets\sehastrajits\fundus-aptosddridirdeyepacsmessidor\versions\1\split_dataset\train\1\10600_right-600-FA.jpg (std=0.00)    1
degenerate image C:\Users\FEDELIKA MAXIMUS\.cache\kagglehub\datasets\sehastrajits\fundus-aptosddridirdeyepacsmessidor\versions\1\split_dataset\train\4\17157_left-600-FA.jpg (std=0.00)     1
degenerate image C:\Users\FEDELIKA MAXIMUS\.cache\kagglehub\datasets\sehastrajits\fundus-aptosddridirdeyepacsmessidor\versions\1\split_dataset\train\4\24472_right-600-FA.jpg (std=0.00)    1
degenerate image C:\Users\FEDELIKA MAXIMUS\.cache\kagglehub\datasets\sehastrajits\fundus-aptosddridirdeyepacsmessidor\versions\1\split_dataset\train\4\16802_right-600-FA.jpg (std=0.00)    1
degenerate image C:\Users\FEDELIKA MAXIMUS\.cache\kagglehub\datasets\sehastrajits\fundus-aptosddridirdeyepacsmessidor\versions\1\split_dataset\test\4\32230_right-600-FA.jpg (std=0.00)     1
degenerate image C:\Users\FEDELIKA MAXIMUS\.cache\kagglehub\datasets\sehastrajits\fundus-aptosddridirdeyepacsmessidor\versions\1\split_dataset\train\1\18972_left-600-FA.jpg (std=0.00)     1
degenerate image C:\Users\FEDELIKA MAXIMUS\.cache\kagglehub\datasets\sehastrajits\fundus-aptosddridirdeyepacsmessidor\versions\1\split_dataset\test\4\22595_left-600-FA.jpg (std=0.00)      1
split  label_6
test   0          2650
       1          1430
       2          1965
       3          1278
       4          1363
train  0          7486
       1          7269
       2          7364
       3          7241
       4          7252
