image_id,split,retina_area_px,AVR,CRAE,CRVE,VD,AD,VeD,TI,CI,FD,ATI,VTI,AFD,VFD,JUNC,VLEN,AWID,AWID_SD,VWID,VWID_SD,WID,WID_SD,ADV_RATIO,LA,HA,EA,MAC,HE_COUNT,EX_COUNT,CTW_A,MA_A,LA_RET,HA_RET,EA_RET
525d0dd8dc45,train,254127.0,0.7097473492894095,21.242170464581385,29.929200138399658,7.321536082352525,1.2769205948207,6.044615487531825,0.974509107482766,90.0,1.304011290969625,0.9206896272449704,1.289913563867,0.872619140284645,1.2844118029575955,821,5440.0,3.7033212184906006,2.0061123371124268,3.414010524749756,2.163753032684326,3.4424941539764404,2.1311161518096924,0.2112492676258056,381,0,381,0,0,1,0,0,0.1760262422324378,0.0,0.1760262422324378
6324d77cf926,train,260076.0,0.5979846607259727,21.625912425597186,36.16466081143725,7.830018917547179,0.7720820067980129,7.057936910749166,0.9517909532431772,78.88836254539713,1.2997053279065824,0.9785497849867488,0.910716933693735,0.7177179369580561,1.2714223818218364,1440,6333.0,3.318768262863159,2.25134825706482,3.4355857372283936,2.552328824996948,3.40076231956482,2.5089807510375977,0.1093920244061887,0,0,0,0,0,0,0,0,0.0,0.0,0.0
633fe9dbaf39,train,256312.0,0.4673905886582383,11.297957460592732,24.17241111556471,7.992992914884984,0.8922719185992072,7.1007209962857765,0.9707253433941512,82.97581636835633,1.341421585141096,0.8217443488774808,1.3492469250510457,0.8361259242633089,1.313922083487215,1324,7319.0,2.733132839202881,1.02578604221344,2.944674253463745,1.6128261089324951,2.912708282470703,1.5509428977966309,0.1256593406593406,656,0,656,0,0,2,0,0,0.0219019653341301,0.0,0.0219019653341301
6377e23928f6,train,249724.0,1.8271430145417484,25.59155579344735,14.006323308997116,4.744838301484839,1.4471977062677197,3.2976405952171195,1.0773546408047956,81.86899172814665,1.20189588407602,1.034746653506391,1.0675518759855307,0.9228700517158122,1.1381736456017628,956,4473.0,3.0443637371063232,1.8210407495498655,2.688872575759888,1.245433330535889,2.766644239425659,1.4173078536987305,0.4388585306618093,12607,0,6613,1,0,27,0,5994,0.2464604182456952,0.0,0.1292807762242232
639915f58a2f,train,259233.0,0.453816057551664,21.149514523950227,46.60371569497074,7.587382779198636,0.9501105183367858,6.63727226086185,1.1766968108291045,75.58718861209964,1.262926903250334,1.1067971810589328,0.9672742633562414,0.7386089813753538,1.235296643125843,1092,5620.0,3.7406158447265625,2.6433145999908447,3.675344944000244,3.279527187347412,3.670529127120972,3.20304012298584,0.1431477391607578,7,0,7,0,0,1,0,0,0.0008014481022281,0.0,0.0008014481022281
63a03880939c,train,261693.0,0.5304965729953969,22.84945686133039,43.07182746217034,8.272288521282572,1.7623704111305996,6.509918110151972,1.0274936706584832,84.90371894752315,1.3162259875748297,,1.0443762011289497,0.9302906392083372,1.265943931896662,1116,6803.0,3.1467654705047607,1.7515941858291626,3.334903717041016,2.652900457382202,3.2920620441436768,2.4909629821777344,0.2707208264850904,16755,735,15124,2,2,35,0,896,0.4802199811637976,0.0210660510985014,0.4334734106309325
63b4d030b016,train,256850.0,0.6289370853393021,21.00000751218167,33.389679193193835,6.032314580494452,0.7373953669456882,5.294919213548764,0.9914811506224368,80.44707091469681,1.1783139339981588,0.8049797087204738,0.9967851838659956,0.848217095335927,1.1448262536054772,661,3892.0,3.492138624191284,1.7636330127716064,4.162441730499268,3.0875391960144043,4.029492378234863,2.9449825286865234,0.1392647058823529,224432,207572,13692,3,8,24,0,3168,6.429887263819851,5.946854990044264,0.3922703376355484
63c3c571b8ee,train,262144.0,1.167574146698251,21.229052057419054,18.18218750171205,7.57598876953125,1.6391754150390625,5.936813354492188,,79.13715389568577,1.293797478846771,0.9565237892159816,0.8478501284163322,0.8957187218745623,1.2327813439934443,949,6212.0,3.558356046676636,1.910825610160828,3.2011373043060303,1.720094084739685,3.247633218765259,1.7535879611968994,0.2761035790014778,76976,17448,57698,3,23,22,0,1830,33.264191384913225,7.539929475212611,24.933450874645647
63d217b059b6,train,260181.0,0.5947792540195463,22.298549095168173,37.490462124348696,8.55635115554172,1.5915843201463598,6.964766835395359,1.0762764703941,83.24276692612719,1.3114375922883854,3.959797974644666,1.0136047177890155,0.8885027532052505,1.2577406989798878,1213,6809.0,3.3482003211975098,2.039803266525269,3.340670347213745,2.5510613918304443,3.3209757804870605,2.4545249938964844,0.2285193973842503,62154,54435,4502,2,28,4,3212,3217,1.7817398752661688,1.5604628842892476,0.1290567448345769
64a13949e879,train,256855.0,0.5990381557474596,19.34482597186148,32.29314491282055,9.662260808627437,0.5781472036752253,9.08411360495221,1.0473569204124615,85.30517470145953,1.3905803068274232,1.011867780144413,1.333806789742364,0.6523619267047097,1.3828342982912576,1902,9044.0,4.167632102966309,2.551198482513428,2.965991973876953,1.8931182622909544,3.006150960922241,1.9238529205322263,0.0636437663395191,125786,29796,65835,12,10,97,8771,30155,2.4611007901638926,0.5829818830690486,1.2881129101842803
64ac539f58cb,train,196090.0,0.379733780507603,11.07229570113631,29.158047741593062,6.389922994543322,1.0790963333163344,5.310826661226987,,77.53275806967082,1.1726053188196046,0.904563309047927,,0.9009959660677924,1.1171611312843863,397,3129.0,3.247227430343628,1.1231850385665894,4.275205135345459,2.9199838638305664,4.054275989532471,2.6827707290649414,0.2031880161321298,103,103,0,0,1,0,0,0,0.0069273782092929,0.0069273782092929,0.0
64b9206afb3f,train,257982.0,0.6166617152265583,23.87696332933265,38.71971088810074,5.813196269507175,1.284585746292377,4.528610523214798,0.9269812104457092,79.35596605092361,1.1673274392785102,1.0644002897775875,1.0434983894999017,0.8586107275383763,1.095287005063546,696,4006.0,3.2423553466796875,2.018256902694702,4.0646562576293945,3.141889333724976,3.848668336868286,2.924143552780152,0.2836600188307798,0,0,0,0,0,0,0,0,0.0,0.0,0.0
64c6c6ee0d98,train,260790.0,0.3443612531077721,9.59236815312726,27.85553852693529,7.032861689481958,0.8711990490432915,6.161662640438667,1.0074645020412916,80.12469586374696,1.3108173875781446,0.8249579113843055,1.022637637079789,0.7934776193974377,1.2796043204645575,1067,6576.0,2.61278772354126,0.9208161234855652,2.9954214096069336,1.8368394374847408,2.95389723777771,1.755029320716858,0.1413902545273508,184,0,0,0,0,0,0,184,0.2001174602484066,0.0,0.0
64eb5a79dfdd,train,227651.0,0.7490651398758578,11.07229570113631,14.781485763669789,4.968131042692543,1.585321391076692,3.3828096516158506,1.059952470394781,80.44651619234544,1.2125258376545196,1.0412661975295496,0.922721569239401,0.8994225191231063,1.158915398511546,476,4076.0,3.20714807510376,1.2117217779159546,2.74224591255188,1.3176029920578003,2.8654379844665527,1.298694372177124,0.4686404363069731,16642,13526,0,0,2,0,0,3116,2.0104909889122182,1.6340524646092216,0.0
64fedbf97473,train,206203.0,0.5743798724279772,12.586703076425124,21.91355178101823,6.154129668336542,1.048966309898498,5.105163358438044,0.9707253433941512,80.29282576866764,1.2011437550543325,0.8731282501307986,1.0853626716970757,0.851055702770509,1.1474583236809814,588,3415.0,2.977186679840088,1.1160823106765747,3.916516065597534,2.181470394134521,3.6890382766723633,2.0327367782592773,0.2054716443431177,489290,122538,360139,0,9,2,0,6613,19.67434731139905,4.92725208126922,14.481186548631571
650104ede84c,train,260177.0,0.7616603111770269,23.893469828584667,31.3702440286813,5.763384157708022,1.1515237703563344,4.611860387351688,1.0568628574113044,68.4640522875817,1.229175680200716,1.116312611302876,1.0228166239135177,0.7838802659314398,1.1863764457612682,786,4896.0,3.212172269821167,2.2868199348449707,3.089082717895508,2.288252592086792,3.111079692840576,2.2836155891418457,0.249687473956163,214,0,214,0,0,1,210,0,0.0245577313246486,0.0,0.0245577313246486
6504b703c429,train,259411.0,0.5542142149365268,29.66205830856501,53.520926582444574,7.713242692098639,1.2154457598174326,6.497796932281206,0.848528137423857,77.8916060806345,1.2812972831646574,1.1766968108291045,0.9494898001508189,0.8065103025271456,1.2364408062348349,1237,6052.0,3.1320366859436035,2.4127745628356934,3.6017158031463623,3.378079891204834,3.522303342819214,3.2334437370300293,0.1870550545799715,10,0,0,2,0,0,0,10,0.0011440652757883,0.0,0.0
6531070bf03c,train,255838.0,0.541448382769663,22.69314967439906,41.91193546154321,8.07425011139862,1.3766524128550095,6.69759769854361,1.025229189260113,83.58624961288325,1.3034447117538297,1.0459527207369814,1.1141720290623112,0.835223771824124,1.258693267335531,1015,6458.0,3.184022188186645,2.00280237197876,3.3934662342071533,2.614903450012207,3.3517487049102783,2.518399715423584,0.2055442077618908,204751,109524,64584,8,37,40,41405,30643,4.003526605772949,2.1415389813513803,1.262820510313699
653534ded339,train,259537.0,0.5376198239254426,25.479124684743574,47.3924575524526,8.124853103796376,1.7442599706400244,6.380593133156352,0.8629109946080097,82.1172638436482,1.2872452146907585,0.8762302154233782,0.99399977804948,0.9239000262823056,1.2193096650219484,1247,6140.0,3.030163288116455,1.913470983505249,3.817647933959961,3.446146249771118,3.6267359256744394,3.1592280864715576,0.2733695652173913,5678,259,5106,7,2,51,0,313,0.6499534684598576,0.0296474019603915,0.5844773529334331
655cafb4c932,train,259125.0,0.5976911095289174,26.07291240760879,43.62272082005486,6.836854799807043,1.1110467920887603,5.725808007718283,1.116312611302876,80.49658832448824,1.2508106021268617,1.0932163332202425,1.116312611302876,0.7956693532149474,1.2131858728588658,617,5276.0,3.956665515899658,2.9286506175994877,3.4762370586395264,3.0295956134796143,3.535168409347534,3.0082058906555176,0.1940419222214733,25679,5049,19082,5,6,41,0,1548,0.7354514281000929,0.1446043171648962,0.5465120974728755
658ad9f09f5d,train,223625.0,0.9936708873380836,32.0155965033763,32.21951745928872,7.352040245947457,1.2458356623812186,6.106204583566238,1.04938019320032,76.81676326348641,1.230411273770377,1.0424933826313665,1.1269662629557038,0.7233965939170743,1.205226092064842,893,4486.0,4.572544574737549,3.847168445587158,3.651540517807007,2.800286054611206,3.737320899963379,2.9390885829925537,0.2040278286341999,0,0,0,0,0,0,0,0,0.0,0.0,0.0
65a7fe9482fe,train,259688.0,0.8188144504903103,24.35687047694172,29.7465078472378,6.457364221681402,1.5245217337728352,4.932842487908567,1.1099228814146425,73.73865698729583,1.2658082735886491,1.0,1.1141720290623112,0.8725115080448648,1.2020029493110238,921,5510.0,3.255943536758423,2.35178017616272,3.095366716384888,2.178638458251953,3.129615306854248,2.215953826904297,0.3090554254488681,94,0,94,0,0,1,55,0,0.0107831058556853,0.0,0.0107831058556853
65c958379680,train,232844.0,0.8296042971684745,19.458458539146847,23.4551081829742,6.962172098057068,1.5486763670096717,5.413495731047396,,81.06119287374129,1.2838120455092887,0.994277652880786,1.0210274598354652,0.9181252610161856,1.220153769689529,746,5164.0,3.150552034378052,1.434112787246704,3.270659923553467,2.03749680519104,3.2246241569519043,1.9130568504333496,0.2860769535898453,63237,14257,46397,2,13,96,0,2583,2.786374844239368,0.6281978296617593,2.0443638004360416
65e120143825,train,261133.0,0.9950207793895044,20.79450353777431,20.898562088856867,8.748032611734251,1.6378626983184814,7.110169913415769,0.807207352795575,81.95737015911138,1.3204767640656745,,1.0277777777777777,0.888565614420282,1.2602976542066942,1148,6662.0,3.256703615188598,1.851817607879639,3.4862160682678223,1.945669651031494,3.4241528511047363,1.9249048233032229,0.2303549307911886,86817,77038,3148,5,36,9,1309,6631,2.487928173708207,2.2076898608122013,0.0902127220571251
65e51e18242b,train,260591.0,0.802603499283837,24.93081985503943,31.062436031346984,7.883618390504661,0.9512991622887974,6.932319228215863,0.8911316013304215,80.01126126126127,1.3351811894986942,1.1,1.0211265965060383,0.7823542089579905,1.301704668267315,1297,7104.0,2.8048415184021,1.7899055480957031,3.0390870571136475,1.890857815742493,3.005953788757324,1.875265121459961,0.137226681428176,18033,13554,929,2,6,5,0,3550,0.5170238258730959,0.3886064956404338,0.0266353426626798
65e530ee2e79,train,260693.0,0.9634449002448526,17.21341438035918,17.86652705928955,7.769291849033154,0.7990241395050883,6.970267709528065,1.0208174657299447,79.20153656194266,1.3423878502608038,,0.9623375867091472,0.768506827276832,1.3159858319413438,1356,7289.0,3.0844197273254395,1.558742642402649,2.871431589126587,1.4592602252960205,2.8882086277008057,1.4647594690322876,0.114633206758021,6747,3185,1917,16,16,30,0,1645,0.6023010094589915,0.2843232125577127,0.1711295442615809
65f5d2a6eb7e,train,260769.0,0.4190950817465602,21.805913081018225,52.03094483987512,7.317971077850511,1.2509155612822076,6.067055516568304,,82.43217605767407,1.2450680242724983,1.0277402395547233,,0.7922349083204807,1.1971583288128362,1031,5271.0,3.3374149799346924,2.1022536754608154,3.9096529483795166,3.779110193252564,3.803666591644287,3.555687427520752,0.2061816572909424,39,0,0,1,0,0,0,39,0.0044683673960417,0.0,0.0
65f69234c8a7,train,258683.0,0.778281912778759,27.59269537867061,35.45334270991127,7.38587383013186,1.4770974513207284,5.908776378811131,1.074905694755672,78.72785829307568,1.2981236753114478,1.1043152607484654,1.0386530789627717,0.879326695865486,1.2520318706430993,1238,6210.0,3.3045239448547363,2.2615115642547607,3.1940810680389404,2.357107162475586,3.2022273540496826,2.3317997455596924,0.2499836440955185,9,0,0,2,0,0,0,9,0.0010327283075419,0.0,0.0
6630f8675a97,train,241145.0,0.5851992142649092,14.075264522524131,24.05209060337616,3.879823342802049,0.8708453420141409,3.008978000787908,0.8826580040993854,73.69891721969961,1.1061408148462366,0.9167878707749136,,0.8269646825027448,1.053596179253497,397,2863.0,2.7797982692718506,1.300771713256836,3.4822030067443848,1.9202826023101809,3.2922632694244385,1.8012596368789673,0.2894156560088202,207285,139968,62026,1,20,31,0,5291,2.546858898598561,1.7197517732544243,0.7620979330123953
66366a90d1ef,train,262112.0,0.506638500607294,13.935958909610822,27.50671118145613,7.696709803442803,1.0312385545110487,6.6654712489317545,0.9874906155171372,84.87256782680187,1.3265391130461155,1.046433287139887,1.049116135628588,0.8311576335561005,1.291745807518219,1348,7298.0,2.939136028289795,1.2293590307235718,2.937466621398926,1.825488924980164,2.941610336303711,1.7574375867843628,0.1547135252704481,0,0,0,0,0,0,0,0,0.0,0.0,0.0
66393d8c60ba,train,260375.0,1.364078739550968,29.248186058985578,21.44171389154089,7.088622179548728,1.3611137782045126,5.727508401344215,0.8081220356417685,77.17761557177616,1.2885170419716503,0.9169928638810442,1.09782908876086,0.7791551521544675,1.2555287886678326,1245,6165.0,3.862786769866944,3.1247713565826416,2.930595874786377,1.5872831344604492,3.038516998291016,1.8682849407196045,0.2376450077113927,0,0,0,0,0,0,0,0,0.0,0.0,0.0
663a923d5398,train,244509.0,0.4962067709186346,10.600191446206452,21.36244821202695,5.69467790551677,1.04127046448188,4.65340744103489,0.9707253433941512,76.6523429506855,1.2360893248879758,0.8912318970359479,0.9975101914286596,0.8637479004592855,1.192290393591378,764,4887.0,2.665010929107666,0.9298911094665528,3.0651354789733887,1.6572678089141846,2.9800515174865723,1.546221137046814,0.2237651608367024,9185,798,7714,1,3,34,0,673,0.2613228770041274,0.022703936401665,0.2194713852160956
66460ecab347,train,220271.0,1.31146321130456,31.025602006539085,23.65724157498615,8.056893553849577,2.5654761634532006,5.491417390396375,0.9556770313572628,88.4695579649708,1.2639769916192063,1.1067971810589328,0.9576087541200412,0.9135885410672564,1.1861803727867315,1088,4796.0,4.31919527053833,3.086863279342652,3.574614286422729,2.342320442199707,3.716123342514038,2.5412654876708984,0.4671792328042328,5024,0,5024,0,0,0,5024,0,0.3383707287767332,0.0,0.3383707287767332
664b1f9a2087,train,253221.0,1.1130375583336651,21.92713215451084,19.700262574551456,6.124689500475869,1.2254117944404297,4.89927770603544,,84.8151487826871,1.2685827828534244,0.973417168333576,,0.8679493288812017,1.223483744401907,1017,5545.0,3.1891098022460938,1.715983748435974,2.916745185852051,1.4990984201431274,2.95503830909729,1.534797430038452,0.2501209092374657,178830,53051,115623,7,26,95,47849,10156,3.4969335590445585,1.0373864689418604,2.260951456117033
6653ad026901,train,257513.0,0.7418371956159582,21.20653901124693,28.586513505350503,9.232931929650151,0.831802666273159,8.401129263376994,1.0532249528879896,81.3137922009945,1.356967693180659,1.1028219331407116,1.0320985795231017,0.7311795152304114,1.330163878282031,1546,7642.0,3.1327226161956787,2.117371082305908,3.2551090717315674,2.0696258544921875,3.2349836826324463,2.0683460235595703,0.0990108163076638,0,0,0,0,0,0,0,0,0.0,0.0,0.0
66a0bf258013,train,251733.0,0.902299088325594,15.477801630202416,17.15373741419238,4.372092653724383,0.7599321503338855,3.612160503390497,1.116312611302876,77.24974721941355,1.1054609971055656,1.094540909230988,1.116312611302876,0.8364158241915645,1.044080281168243,448,2967.0,3.05318284034729,1.4141039848327637,3.749633312225342,2.0820138454437256,3.5937891006469727,1.9781855344772337,0.2103816122291872,68533,63703,2311,3,51,12,5,2519,1.964099787836068,1.8256759339956088,0.0662313718892964
66b88a4bc474,train,221011.0,0.7128666442344394,26.76609354981924,37.54712577211947,7.818615363036229,2.0279533597875217,5.790662003248707,0.9775202595249431,81.95251937984496,1.2152828841626238,1.0248972458938916,1.1028441608420785,0.8735091683114481,1.1579535057075274,819,4128.0,4.380319118499756,3.184757232666016,4.399653434753418,3.9462156295776367,4.343876838684082,3.768472194671631,0.3502109704641349,0,0,0,0,0,0,0,0,0.0,0.0,0.0
66bae1ba227f,train,217543.0,0.4063222738283198,21.21897688503453,52.2220371655038,5.357561493589773,1.4029410277508354,3.9546204658389374,0.7927472963448496,87.22323049001815,1.1275648222304409,0.7927472963448496,0.993653222106306,0.9579487657975292,1.036112745896906,274,2755.0,3.098352670669556,1.3099617958068848,4.981112957000732,4.694562911987305,4.348320007324219,3.992488861083984,0.354759967453214,103973,78153,21096,1,12,8,12060,4724,1.1891677118429085,0.8938572916397414,0.2412807368166543
66bfec8d6bcd,train,260035.0,0.5842896036018053,27.46588671573765,47.0073171701609,8.537312284884727,1.0356298190628184,7.501682465821909,1.100449473074418,79.62584499292564,1.3008305348014002,1.1067971810589328,,0.7765541169386433,1.269959928375888,1135,6361.0,3.6713130474090576,2.679027557373047,3.6650230884552,3.393852710723877,3.658813238143921,3.314649105072021,0.1380530066130107,57,0,0,2,0,0,0,57,0.0065298753252049,0.0,0.0
6735931000ec,train,248182.0,0.7305477418116688,23.47491472854577,32.133306812133675,8.095268794674876,1.080658548968096,7.01461024570678,1.051082185473025,80.92485549132948,1.3239437457229026,1.0511766624552734,1.139927354891879,0.7861705522318444,1.2888174934425554,1417,6747.0,3.064839124679565,1.863681077957153,3.114917755126953,2.0264689922332764,3.1010870933532715,2.0013155937194824,0.1540582457349646,96839,19696,65068,6,17,48,34113,12075,1.8944811613187715,0.3853168759831732,1.2729385909054185
674057ab250c,train,261019.0,0.4882576089825117,18.168727955296177,37.21135650739432,6.684187741122294,1.1872698922300675,5.496917848892227,1.0846522890932808,77.96281325788198,1.2886532691347026,0.953998092005724,1.020536074120779,0.8618992790344105,1.2397352829582344,1026,6185.0,2.995392322540283,1.5757334232330322,3.019155263900757,2.0536835193634038,3.010245084762573,1.977190971374512,0.2159882910510175,80038,43554,29359,6,34,107,6206,7125,2.0743482187864863,1.128790853357488,0.7608984401828188
675de69373f8,train,225158.0,0.5358973239845107,19.016718088561664,35.48574929833259,9.066966308103645,0.4721129162632462,8.594853391840397,0.9761251803399704,83.71906139504982,1.337449146484828,0.9580433317422292,0.9012626521891643,0.5634558866607546,1.3356287210907392,1245,6222.0,4.669594764709473,2.9020702838897705,3.355609893798828,2.6947989463806152,3.393280029296875,2.709037065505981,0.0549297230260438,0,0,0,0,0,0,0,0,0.0,0.0,0.0
677f087cd697,train,255845.0,0.5087995359220805,13.413598844593302,26.363229322299368,7.081631456545956,1.13232621313686,5.949305243409095,1.0139472536885397,82.19221105527639,1.3045147794789904,0.8898206684033634,0.9965315746768916,0.8483478590656864,1.260237691138706,1097,6368.0,3.0223195552825928,1.2498626708984375,3.0286307334899902,1.7603565454483032,3.0104262828826904,1.6869546175003052,0.1903291505157348,7296,771,6014,2,2,10,3136,511,0.2091555430949,0.0221023744142225,0.1724042538613937
67844c46bc61,train,257917.0,0.8681671702822473,23.769503821352806,27.378948012541372,8.007614852840256,1.3636169775547948,6.64399787528546,0.9165944247467754,81.33624812132805,1.3413126213982498,0.9,1.0950762054848675,0.808940918143206,1.3032925500614878,1232,7319.0,4.078329086303711,2.979249954223633,2.8432364463806152,1.633751392364502,2.973642587661743,1.8603569269180296,0.2052404295051354,255365,26805,217364,8,28,153,0,11196,5.000007831939118,0.5248378201207216,4.255954035915706
67c03349bb31,train,259356.0,0.7624559357738628,21.77876304272156,28.56396287428332,7.446906954147966,1.334844769351779,6.112062184796187,1.2363291247461563,78.22997416020672,1.2910849485066922,0.9925397398266405,1.294802473347796,0.8468426888988965,1.2420661735549892,1227,6192.0,3.130035877227783,1.7286945581436155,3.25130558013916,2.190194129943848,3.222069501876831,2.1174612045288086,0.2183951551854655,8175,2114,5605,12,7,24,4404,456,0.937522577951992,0.2424370311670349,0.6427907094092862
67d8f94f04e0,train,221654.0,1.0563033965165842,25.6069196801637,24.24201206264101,7.241466429660642,1.5190341703736454,5.722432259286997,0.9786229501249288,79.21896792189679,1.2702393617252024,0.9091372900969896,1.099375492193159,0.7865261202836584,1.2461828950515943,932,5019.0,4.087650775909424,2.887540102005005,3.052617073059082,1.844496726989746,3.189976215362549,2.046916007995605,0.2654525386313466,0,0,0,0,0,0,0,0,0.0,0.0,0.0
67f5d89da548,train,255615.0,0.3348681965898496,13.48365604308112,40.265561735610426,6.222639516460301,1.091876454824639,5.130763061635663,0.9761251803399704,78.86226378336255,1.2429074306741557,0.9222879779307008,0.9775450054169856,0.8456944712663914,1.197096921997287,1044,5133.0,3.0971930027008057,1.3894115686416626,3.234128475189209,2.470282554626465,3.1828670501708984,2.3027076721191406,0.2128097598170034,12026,7015,3411,3,2,6,0,1600,0.3448479554869135,0.2011565281673622,0.0978111072813788
6810410187a0,train,255984.0,0.6317147324609801,29.137788212144795,46.12491479917256,7.038330520657541,1.4301675104694045,5.608163010188137,1.0204556119022563,77.59740259740259,1.2894780595635331,0.8882176431559488,1.0434435105542048,0.8299579409788655,1.24960206258486,885,6160.0,3.911561727523804,3.097114562988281,3.003488302230835,2.5741326808929443,3.13042950630188,2.6671602725982666,0.2550153246029534,46460,11966,15538,9,10,20,10406,18956,0.9087207066662858,0.2340454579416439,0.3039109414589055
682312e82ee3,train,262144.0,0.8644740261717221,27.114023029503365,31.364763091352085,9.408950805664062,0.7373809814453125,8.67156982421875,1.2318653100810064,83.86008323023282,1.383272605235532,1.0515712281065748,1.033678831261598,0.7843611322774707,1.3622600753064538,1441,8891.0,2.9609546661376958,2.2634756565093994,2.991085767745972,1.930341362953186,2.984093427658081,1.9504098892211916,0.0850343128629245,76,0,76,0,0,1,0,0,0.0038169875028815,0.0,0.0038169875028815
683023cda6a5,train,212376.0,0.4051944756366659,19.46062490781395,48.02786335434669,6.95135043507741,0.9699777752665084,5.981372659810901,1.0666666666666669,87.62045959970348,1.2288575727309612,0.84,,0.7780879509483131,1.1965970717304415,719,4047.0,3.417100667953491,1.9674649238586424,4.026455402374268,4.2205586433410645,3.9552507400512695,3.995243549346924,0.1621664173817208,0,0,0,0,0,0,0,0,0.0,0.0,0.0
68332fdcaa70,train,261483.0,0.3577080990984169,19.918322544822896,55.68317461926612,6.611137244103823,1.5763931115980772,5.034744132505746,0.9847982464479192,80.8883455582722,1.2359556936007636,0.8483528760076688,0.9525781165323818,0.9098756907488498,1.1550586947804458,978,4908.0,3.11088490486145,1.505396842956543,4.10547399520874,4.373664855957031,3.826849937438965,3.828224897384644,0.3131029244208128,15259,596,10902,4,4,20,0,3761,0.4373243852696284,0.017081416450665,0.3124523525925348
684dd88a0d49,train,259169.0,0.709646304744124,26.14172449712981,36.83768142293884,7.6671978515949055,1.0001196130710075,6.667078238523898,1.150792911137501,85.9504132231405,1.2297007024510644,1.0650014966747527,1.1181234404494202,0.881933288839211,1.204842597794733,662,4477.0,3.4743473529815674,1.986257076263428,4.596426486968994,3.853205680847168,4.424851417541504,3.650315999984741,0.1500086810579315,783,783,0,0,2,0,0,0,0.2005398954016688,0.2005398954016688,0.0
6852f4531591,train,257182.0,0.538095701340373,28.95126563225429,53.8031906966325,8.466766725509562,0.7523854702117566,7.714381255297805,1.0145515104291325,85.3453196347032,1.3179715395320706,1.0277777777777777,1.006020955488375,0.7263325854298054,1.2993783846429536,1514,7008.0,3.778212785720825,2.9577860832214355,3.404315948486328,3.171469688415528,3.4195902347564697,3.148115873336792,0.0975302419354838,96,29,0,2,1,0,0,67,0.0109988439756696,0.0033225674509835,0.0
686ed1dbae20,train,233436.0,0.5647739570125918,20.65414006450962,36.57063114907249,5.320944498706283,1.8925958292636955,3.428348669442588,1.0179731971185753,87.5559284116331,1.175976750965672,,1.0179731971185753,0.9632304530278868,1.1151722691604216,650,3576.0,3.328791618347168,1.5351113080978394,3.84363865852356,3.3048691749572754,3.6243977546691895,2.7823548316955566,0.5520429838810446,12687,0,11303,0,0,36,0,1384,0.5582076812404029,0.0,0.497313897774121
687759336b0d,train,262056.0,0.4272791452831562,13.651180690594927,31.949091925720698,10.198965106694752,0.8418048050798302,9.357160301614922,1.108253897436608,83.18846724613101,1.4068339278869315,,1.014401485491922,0.7792925780690209,1.3828862395010442,1751,9434.0,2.916225910186768,1.1702245473861694,3.1573727130889893,2.26811146736145,3.1432247161865234,2.2055444717407227,0.0899637045797479,135913,54084,79255,1,19,173,8635,2574,3.900850384407964,1.552269409036077,2.2747043860135028
6889bc64ab09,train,237865.0,0.4601677267646754,11.055657497866637,24.025277860305867,5.309314106741219,1.3007378134656211,4.008576293275597,1.094540909230988,81.52200340384148,1.2159432136895103,1.049344364594206,1.0988845115895125,0.901594552384915,1.1610079948423946,673,4113.0,2.879647254943848,1.058133840560913,3.18320369720459,1.7127190828323364,3.086642026901245,1.5730960369110107,0.324488725747247,106831,51458,52507,8,50,77,8593,2866,3.267562640696878,1.573908681609083,1.605993686992268
68987fb159ab,train,259904.0,0.5683844408459605,19.24433259339552,33.85795108105533,7.58857116473775,1.215833538537306,6.372737626200443,1.0604660788605758,74.29200755191944,1.293052019050168,0.8677218312746247,1.082519998137847,0.8640225246537817,1.2396697553662046,1217,6356.0,2.956974506378174,1.625752329826355,3.2848846912384038,2.4704394340515137,3.2154362201690674,2.344161033630371,0.1907866932319024,17,0,2,1,0,0,0,15,0.0019426528867821,0.0,0.0002285473984449
68ddb15a74de,train,258824.0,0.962477401691878,26.144341097253363,27.163589556799867,8.44280283126758,1.0404753809538527,7.402327450313726,0.9736449020657356,83.65320979483785,1.347263952193054,1.011928851253881,1.031044663118496,0.7228327309235522,1.3264597165329144,1427,7555.0,4.945416450500488,3.357948541641236,2.9519357681274414,1.7930988073349,3.075942277908325,1.9932564496994016,0.1405605720549089,8,0,0,1,0,0,0,8,0.00091732283916,0.0,0.0
691eeb59b4cb,train,258034.0,0.6429188919562612,24.33660127166948,37.85329934483421,7.582721656835921,0.7274235178309835,6.855298139004938,1.0195857032052136,80.87918844143867,1.309614752466026,0.9838699100999074,1.0094960344489223,0.7530595561548324,1.2805642745005623,1222,6506.0,2.84928297996521,1.9354207515716555,3.271366834640503,2.46315860748291,3.210671186447144,2.407046318054199,0.106111142517949,0,0,0,0,0,0,0,0,0.0,0.0,0.0
692e946b1f85,train,253461.0,0.3971088555119473,12.770787267414727,32.15941193492349,8.61513211105456,1.4807011729615207,7.13443093809304,0.9883965305758544,82.75511930952784,1.2821352777940789,,1.0466536263903563,0.8993145776340501,1.2232582382039054,1287,5909.0,3.030939102172852,1.201990842819214,4.037620544433594,3.0348567962646484,3.8097994327545166,2.778676748275757,0.2075429961842614,16,0,0,3,0,0,0,16,0.0018282705474756,0.0,0.0
69591ebb198d,train,247665.0,0.8548836715721052,19.75188375759773,23.10476198624149,5.695596874810732,0.8325762622897867,4.863020612520946,0.9791834656527107,77.56117793446703,1.2370170787506904,1.0846522890932808,0.9370425713316364,0.7860328918878068,1.2298778651226865,935,4822.0,3.1480579376220703,1.885653734207153,2.9884843826293945,1.6983574628829956,3.0116117000579834,1.7243958711624146,0.1712055795416805,41577,6168,17548,9,6,24,9133,17861,0.8135302304640333,0.1206882281430155,0.3433587917402135
6966abf40b8c,train,257466.0,0.6883132893701708,21.35366653356837,31.023179216992418,6.377929513023079,1.6207965323576703,4.757132980665408,1.0230014979923745,80.29130632680929,1.1983360695432348,1.0285714285714285,1.0804388904741886,0.9243987453024826,1.1224876056410849,726,4394.0,3.2947864532470703,1.7557648420333862,3.955299615859986,2.6706762313842773,3.758697986602783,2.461763858795166,0.3407086871325931,0,0,0,0,0,0,0,0,0.0,0.0,0.0
697538183db5,train,230699.0,0.7492374270606793,22.549446753568876,30.096530070624244,6.850918296134791,1.0806288713865253,5.770289424748265,1.068723891650131,83.2484076433121,1.233226120397863,1.1,1.0870329456828802,0.7415164423772267,1.208942317153341,957,4710.0,3.871723175048828,2.634105443954468,3.549818992614746,2.862898588180542,3.5804638862609863,2.8313212394714355,0.1872746394230769,47860,33695,3510,2,16,7,1427,10655,1.562304650712618,1.0999133975294957,0.1145777125783804
6987804eb464,train,249901.0,1.1236666799861628,27.311556857241893,24.305745950906203,7.090407801489389,1.0728248386361,6.0175829628532895,1.2403473458920846,79.46257197696737,1.2466380397293877,0.915913179348621,1.129591917645296,0.7537479481717723,1.2148353375864118,746,5210.0,3.995425224304199,2.840414047241211,3.374080181121826,1.79525625705719,3.4342474937438965,1.94990336894989,0.1782816863944673,80813,18878,56314,19,44,92,9703,5621,5.007097410173306,1.1696631100101675,3.48916243124868
698d6e422a80,train,262144.0,0.5876683911563826,9.915151147956632,16.872017105507627,5.79833984375,1.60369873046875,4.19464111328125,1.0228972430244392,80.57949752429855,1.252454697492778,0.8663708053870459,0.9707253433941512,0.92516369977923,1.176586980347512,802,5453.0,2.977193832397461,1.0048818588256836,2.838653802871704,1.42846941947937,2.866077423095703,1.3350367546081543,0.3823208439432521,68868,17509,48337,5,20,26,8388,3022,50.70459866590095,12.89113692921618,35.588490818865864
69b3a00927fc,train,257352.0,0.9410212874169508,27.346312871377663,29.06024894127711,5.731838105007927,1.0394323727812491,4.6924057322266775,1.0324113747368435,77.23695111847556,1.217824274218627,0.9203579866168444,,0.7788289153308541,1.1819298802866272,984,4828.0,3.636194229125977,3.080539464950561,3.16907811164856,2.0108423233032227,3.22774076461792,2.182059526443481,0.2215137462736005,7,0,7,0,0,1,0,0,0.000801660123593,0.0,0.000801660123593
69c4cbb630de,train,223951.0,0.4830303944655822,20.971252633155316,43.416010407290415,8.202687194966757,1.1042594138896455,7.098427781077111,1.097475677281444,80.99109562524197,1.2686999708215765,1.0679859827759637,1.028991510855053,0.7919318438810916,1.2337769367549836,1024,5166.0,3.31245756149292,2.1402413845062256,3.8948802947998047,3.873734474182129,3.8267862796783447,3.7039577960968018,0.1555639428823048,0,0,0,0,0,0,0,0,0.0,0.0,0.0
69df7ade0575,train,255099.0,0.222451641024253,13.569478094080283,60.99967629639044,7.920454411816589,1.6820920505372423,6.238362361279346,0.9710056462805818,80.59823471722785,1.3005116037155826,0.9836964450612538,1.0685934174848224,0.9375446687981056,1.2374731115598283,1018,6118.0,3.056038618087769,1.0804709196090698,3.6054847240448,3.5393636226654053,3.451045513153076,3.1303164958953857,0.269636797788111,35107,31410,992,8,19,4,0,2705,1.0058309372016774,0.8999102668272619,0.0284212347880497
69f43381317b,train,224282.0,0.5069057686928082,23.843740533725708,47.03781650623775,7.574838818986811,1.2354981674855765,6.339340651501235,1.0447255551184416,83.7020230667423,1.278757029994682,1.0434983894999017,1.1153826399258548,0.6736592380096718,1.266402894079793,1186,5289.0,5.333167552947998,3.478909969329834,3.205866813659668,2.659069299697876,3.3810243606567383,2.787766218185425,0.1948937965958644,11,0,11,0,0,1,0,0,0.0007377401008691,0.0,0.0007377401008691
69fff98cb32a,train,255710.0,0.3733986741094258,10.754494252186271,28.8016401714234,5.842556020491964,0.7223026084236048,5.120253412068359,0.970305410415222,81.03190428713859,1.1758831981739308,,0.9611386626644254,0.8497767299660285,1.138329019703699,716,4012.0,2.9405205249786377,1.050982117652893,3.992445468902588,2.6342618465423584,3.820688962936402,2.485891580581665,0.1410677461238829,7560,719,5402,0,2,7,3711,1439,0.2166229456995617,0.0206021029044953,0.1547879831572794
6a244e855d0e,train,241471.0,1.100484271814308,18.074427154902683,16.424066765719758,5.48140356398905,1.1595595330288109,4.321844030960239,1.0188565408385406,79.45544554455445,1.1878326719474266,,0.9766546382216432,0.8518695057736898,1.1277420475581754,762,4040.0,3.058614730834961,1.369662523269653,3.428716897964477,1.7229197025299072,3.305938482284546,1.65384840965271,0.2683020314296665,67249,1880,64281,5,2,50,0,1088,1.3149931590007782,0.0367616936894446,1.2569566127931868
6a2642131e4a,train,259119.0,0.5679456901972351,17.76064067209786,31.271723650072914,7.476873560024544,1.2820364388562784,6.194837121168266,1.052666963505682,81.35770234986946,1.277914972163953,0.8131293179060952,0.9870528376824004,0.888813168783643,1.2301700320477715,1084,5745.0,2.889857769012451,1.2535650730133057,3.78645658493042,3.090833902359009,3.617049217224121,2.853837251663208,0.2069524046847745,5,0,5,0,0,0,0,0,0.0005742130123559,0.0,0.0005742130123559
6a2c3f4ef329,train,248934.0,0.5964584956119017,11.940702347989491,20.019334850348013,8.256807025155261,1.3537724858797917,6.90303453927547,0.9231098530316452,86.5465032444124,1.338647606526859,0.964578856876938,0.8214727738934354,0.8956008757185676,1.2947166767039164,1299,6935.0,2.9150540828704834,1.2915027141571045,3.115013360977173,1.6433732509613037,3.0735924243927,1.5886348485946655,0.1961126629422719,0,0,0,0,0,0,0,0,0.0,0.0,0.0
6a57a3db3eff,train,258674.0,0.6324387841641618,22.692978704399213,35.881699972576016,7.623881797165544,1.2691650494444746,6.35471674772107,1.0405130167058343,79.19147602632404,1.297422380124314,1.0536089137432665,0.9775408444710184,0.8642771471779404,1.2443107685117998,1284,6382.0,3.0046868324279785,1.86888587474823,3.344687461853028,2.7768218517303467,3.2772488594055176,2.636870861053467,0.1997201606034797,0,0,0,0,0,0,0,0,0.0,0.0,0.0
6a905a7202d2,train,258118.0,1.0296115209427656,24.405276775599685,23.70338353756274,8.112956089850378,1.3970354644000031,6.715920625450376,,86.78560628968854,1.3190460139491946,,1.0858214512465807,0.8688762904956523,1.2890424149890063,1253,6614.0,3.2859034538269043,2.2184338569641118,3.3164737224578857,2.0953481197357178,3.3032877445220947,2.108416795730591,0.2080184597634843,4,0,0,1,0,0,0,4,0.0004582316154611,0.0,0.0
6a91eb157f47,train,257178.0,0.4837579905047195,17.43709029908702,36.04506931429571,7.620791825117234,1.5856721803575733,6.035119644759661,1.1417469959440183,79.99642474079371,1.2641390077202148,1.1067971810589328,1.0606601717798212,0.9114607320351298,1.192742570694162,1016,5594.0,3.238619565963745,1.5403854846954346,3.6853954792022714,2.60805892944336,3.556928396224976,2.4177072048187256,0.2627408027833258,205039,118000,51692,6,54,50,7138,35347,3.114698764140321,1.792509981850077,0.7852408981507981
6b00cb764237,train,259670.0,0.7352707504505444,20.084774726671466,27.316161719154916,5.564370162128856,1.2084568875880926,4.355913274540764,0.8438845679812511,76.6659873649888,1.2268714358901909,1.098627572765629,0.943279596573112,0.8226267246577695,1.1792378059103958,783,4907.0,3.292858839035034,1.9745216369628904,3.0009608268737797,1.8118858337402344,3.058253526687622,1.8432729244232176,0.2774290513659269,2879,1889,0,2,3,0,0,990,0.0825027890183887,0.0541326045348163,0.0
6b07971c3bf6,train,257255.0,0.5579055141573223,16.50076755866629,29.576276161366785,6.805309906512993,1.4678043186721346,5.337505587840858,0.9941662723722118,84.23470453121737,1.2404249562201417,,0.9221799677425832,0.896193959963476,1.181743346168936,727,4789.0,3.457695484161377,1.5523231029510498,3.7812705039978023,2.423947811126709,3.661393165588379,2.2462821006774902,0.2749981793023086,10764,1765,8931,0,2,2,0,68,2.8116257748035074,0.4610293099710322,2.3328344290942145
6b128e648646,train,254466.0,0.5685019136368291,19.10436011121468,33.6047419594421,7.016654484292597,1.1129188182311194,5.903735666061478,1.0018812056114712,77.20575783234547,1.2763372994648023,1.0293004709313307,1.0231736279816015,0.7901089809137424,1.238588160051124,1064,5905.0,3.1167941093444824,1.7447527647018433,3.1098811626434326,1.8957325220108032,3.0921173095703125,1.8648583889007568,0.1885109498768555,216639,60351,131160,10,39,130,39069,25128,4.237419418439666,1.18045457799497,2.565465732959193
6b30767595d8,train,222732.0,0.4156190005763858,25.68614913074028,61.802153162195175,10.1597435483002,1.8861232333028035,8.273620314997396,1.099482065319065,86.21440536013401,1.3127317704575123,,1.1353211858278471,0.8518441177941071,1.2720052197140632,1162,5970.0,3.984417676925659,2.9325084686279297,4.027045249938965,3.9446070194244394,3.977104902267456,3.763864755630493,0.2279683090948556,0,0,0,0,0,0,0,0,0.0,0.0,0.0
6b3860e8f64f,train,259192.0,0.5981581125709864,25.528655295370445,42.67877465649324,8.394549214481929,1.696425815611593,6.698123398870336,1.0914103126634984,89.22533046418691,1.300432337606882,1.0737509843863184,0.9625231903440714,0.8964496813893469,1.2536193923975123,1437,6506.0,3.476083278656006,2.3457469940185547,3.704716444015503,3.3294155597686768,3.637537002563477,3.1472537517547607,0.2532688209204539,3,0,0,1,0,0,0,3,0.0003436595387859,0.0,0.0
6b66b0e86f7e,train,257721.0,0.5524859620575135,20.61205531106207,37.30783535983556,7.444096522984157,1.1652135448799283,6.278882978104229,1.0015141946162889,83.44984271233834,1.2684345831869044,0.8598551696529507,1.080692255794756,0.8372728843346872,1.2251754298138189,1015,5722.0,3.118776798248291,1.8559260368347168,3.647237539291382,3.0292975902557373,3.549914598464966,2.865422010421753,0.1855765665554319,10,0,7,0,0,1,0,3,0.001144987473837,0.0,0.0008014912316859
6b7cf869622a,train,210333.0,1.1819273375034542,17.029512536357327,14.40825674810788,5.165142892461002,1.8898603642794995,3.275282528181503,1.0090091909944687,83.76936753873508,1.2340302340908178,1.0090091909944687,0.9227054732839788,0.9414034511055996,1.1427971863211566,644,3937.0,3.019370079040528,1.2776039838790894,2.731772184371948,1.2401577234268188,2.813008069992065,1.2616289854049685,0.5770068224706053,7279,4929,2184,2,4,10,0,166,0.2682155540701774,0.1816230891622344,0.0804757205782755
6b869f37cdf3,train,261558.0,1.0235906901672402,24.475053573116234,23.910977120275835,7.01182911629543,1.942590171204857,5.069238945090572,1.0655106521781106,80.98977355734112,1.252294127453914,0.975375551294653,1.0625957557361587,0.9205258906416396,1.1859997517504068,847,5476.0,3.663179397583008,2.1352126598358154,3.2760751247406006,1.9188836812973025,3.354964017868042,1.9715352058410645,0.3832114035749302,17376,2566,9111,7,5,6,7637,5699,0.498191846867937,0.073570458049213,0.2612238672199455
6b91e99c9408,train,207694.0,0.5189790974116957,14.075264522524131,27.121062471921697,5.950099665854575,1.338989089718528,4.611110576136047,1.0129111683857637,83.68323146425725,1.199757665617125,0.8081220356417685,1.125,0.8619607692759553,1.1452070485385646,653,3763.0,3.1498048305511475,1.3401093482971191,3.429354429244995,2.206484079360962,3.3602309226989746,2.045346736907959,0.2903832097734155,804,804,0,0,1,0,0,0,0.0539333078424664,0.0539333078424664,0.0
6ba5ed791444,train,259005.0,0.9917981211700344,31.099149187460924,31.356330006728523,9.505994092778131,1.0196714349143838,8.486322657863747,0.9310651610914522,83.17386231038506,1.39026695853341,,1.000628646058965,0.6941980686372304,1.3775621610906816,1514,8570.0,4.864588260650635,3.747703790664673,2.932279586791992,1.8478604555130005,3.0266332626342773,2.033534288406372,0.1201546860782529,133517,27425,96270,2,11,127,0,9822,2.030005900711445,0.4169724591401199,1.4636987654118268
6bb30ec3231a,train,259148.0,0.84843670910394,28.871738356770727,34.02933659867576,6.29061385771837,0.8238535508666862,5.466760306851684,,70.58236936577583,1.2311364277709405,0.9299811099505544,0.841084764328796,0.7364482370706124,1.201682729535721,954,5014.0,4.17030143737793,3.437072277069092,3.410017728805542,2.7483127117156982,3.461491823196411,2.815192937850952,0.1507023364156137,0,0,0,0,0,0,0,0,0.0,0.0,0.0
6bcce181be65,train,262144.0,0.4389459690018965,16.57513747128954,37.76122493841133,12.844085693359377,0.530242919921875,12.3138427734375,,89.02007083825265,1.4701625483266796,0.9965457582448796,1.0196998570209217,0.7658303047323144,1.4600794024317894,2799,11858.0,3.4662559032440186,2.080612897872925,3.036634922027588,1.7268496751785278,3.038623332977295,1.7308287620544434,0.0430607187112763,0,0,0,0,0,0,0,0,0.0,0.0,0.0
6bf2a81a5d91,train,212626.0,0.4246505224646461,21.45210761295891,50.51708752988732,7.582327655131546,1.065250721924882,6.517076933206663,0.986739749725228,79.89713774597496,1.2562211216158568,1.1766968108291045,0.9483268519678744,0.7633855644479193,1.2311088870622149,831,4472.0,3.592339277267456,2.3148696422576904,3.873136043548584,3.985299587249756,3.81611967086792,3.8028275966644287,0.1634552933535397,75,75,0,0,1,0,0,0,0.0314770280649182,0.0314770280649182,0.0
6c00dd8bf708,train,257167.0,0.8368771838378892,21.322898112822653,25.479124684743574,5.7764021044690805,1.1195060019364849,4.6568961025325954,0.9559386530168532,74.97335322958857,1.2124370713404524,,1.083346190504852,0.8123726239166946,1.1579561655909598,789,4691.0,3.345543146133423,1.9293551445007324,3.1337735652923584,1.9149682521820068,3.1682162284851074,1.918866872787476,0.2403974615898463,0,0,0,0,0,0,0,0,0.0,0.0,0.0
6c250a30593b,train,249000.0,0.4201315754625874,16.052966257372105,38.20937819228875,7.105622489959839,1.3393574297188755,5.766265060240964,1.0336567667837189,86.04651162790698,1.2225554232809763,1.0137937550497034,1.134636784248563,0.8835960208763894,1.169294229350793,714,4687.0,3.370020866394043,1.4385201930999756,4.02489709854126,2.9175446033477783,3.876460075378418,2.691486597061157,0.2322746900682546,21491,18079,1560,0,22,6,394,1852,0.6153979197139234,0.5176948020337826,0.0446708275442613
6c2555a9cae4,train,249378.0,0.2930399829571968,11.582857193133288,39.526541996916336,6.158121406058273,1.09793165395504,5.060189752103232,0.982125458532467,83.98724865129965,1.1850753829317724,0.9091372900969896,0.982125458532467,0.9171896330977324,1.113118700174684,774,4078.0,2.994418144226074,1.0708942413330078,4.070301055908203,3.294316291809082,3.8095061779022217,2.9743125438690186,0.216974403676995,24670,2445,21618,4,1,26,5445,607,0.7068634232132,0.0700559817493422,0.6194152202279269
6c3589d7ed8d,train,258651.0,0.4735204509861645,16.59039099954663,35.03627132681409,7.95164140096114,0.8687381838848487,7.082903217076292,1.1085590647722237,79.52340425531915,1.274564828519258,0.9299811099505544,1.0638993451899788,0.7182576034446171,1.2500851544587372,1125,5875.0,3.4742143154144287,1.9216015338897705,3.5973525047302246,2.678973913192749,3.5764389038085938,2.60534143447876,0.1226528384279476,0,0,0,0,0,0,0,0,0.0,0.0,0.0
6c3745a222da,train,245545.0,0.9907769337550142,18.704691188648077,18.87881171976609,5.365615264004561,1.0975584923333808,4.268056771671181,0.9461714286756062,78.59806114839672,1.202520160450667,0.9638374995443116,1.0037712264569911,0.8309799551700966,1.1560027863430171,667,4023.0,3.3889918327331543,1.658362865447998,3.215177297592163,1.6562931537628174,3.243112564086914,1.6547118425369265,0.2571564885496182,2715,1954,732,1,5,10,0,29,0.3548411971283349,0.2553811046735788,0.095669891822446
6c6505a0c637,train,212991.0,0.2674275378372424,13.278881696548597,49.65412987734339,7.983905423233845,1.444192477616425,6.539712945617421,1.0540925533894598,85.39654010334756,1.2650455217166574,1.109400392450458,1.0202886549856949,0.8475933536744555,1.216771724653703,754,4451.0,3.567345142364502,1.6378744840621948,4.146777629852295,3.824211359024048,4.007388114929199,3.494572639465332,0.2208342307416181,4,4,0,0,1,0,0,0,0.0002698327037236,0.0002698327037236,0.0
6c6efb6b1358,train,254111.0,0.6404326946900509,30.41014222602702,47.48374415947731,9.183388361778908,1.443070154381353,7.740318207397554,1.0539290276647144,85.71853172834003,1.3161286498055311,,0.994342506589912,0.8684521603806632,1.280171125060379,1106,6729.0,3.318675994873047,2.2925305366516118,3.7264244556427,3.0150771141052246,3.657996416091919,2.919023275375366,0.1864355076516345,19722,0,18989,0,0,16,0,733,0.224728882754924,0.0,0.2163764706740316
6c9c902a97de,train,260209.0,1.1704449150762093,38.05672411926527,32.514750270658695,7.264545038795737,1.1798208363277212,6.084724202468016,1.1295253535819427,81.46671289875174,1.2691910116465357,0.9240168324218908,1.0882026524830353,0.7346711686662855,1.2384263482761837,1075,5768.0,4.475763320922852,4.468469142913818,3.247549057006836,2.295416116714477,3.3780877590179443,2.650808334350586,0.1938988189225036,0,0,0,0,0,0,0,0,0.0,0.0,0.0
6cb96a6fb029,train,215018.0,1.3258126526149605,30.10385248740007,22.705962586814117,7.91747667637128,2.726283380926248,5.191193295445032,1.0516117889042007,91.36343708899604,1.2705693539516498,1.0455196216876268,1.0172994952615808,0.9267694626945424,1.2070016458526571,961,4562.0,4.713260173797607,2.959303855895996,3.423659563064575,2.111783266067505,3.70691990852356,2.39614486694336,0.5251746998745744,919,766,153,0,2,1,0,0,0.0627395401102959,0.0522943283182662,0.0104452117920296
6cb98da77e3e,train,254796.0,0.492420589907598,22.684406895657904,46.0671372411836,8.317634499756668,1.4458625724108698,6.871771927345798,1.2,86.02112045820655,1.2632217928037075,1.125,0.9321277075889688,0.845339733010433,1.2187862773603404,845,5587.0,3.730967521667481,2.2817978858947754,4.078771114349365,3.694821834564209,4.012463569641113,3.490488052368164,0.2104060768747501,15247,597,11297,31,7,125,0,3353,1.4220321246635417,0.0556800143257122,1.0536300198284272
6cbc3dad809c,train,255707.0,0.8082915934823407,23.740727438672454,29.371488742560004,8.638793619259543,0.952652840946865,7.686140778312678,1.0415843292042202,84.61334041987776,1.350741839455064,0.9965457582448796,1.0359646176980883,0.79316265509324,1.3338978743676153,1436,7526.0,3.77292275428772,2.970101833343506,3.0902082920074463,1.8320173025131223,3.14461350440979,1.9571683406829836,0.123944235270174,99300,900,88351,6,3,176,0,10049,1.9423074064308563,0.0176039946202192,1.7281450318788782
6ccfdb031184,train,254916.0,0.6385275889546992,14.83813154899576,23.23804296896005,6.73084467040123,1.4698959657298876,5.260948704671343,1.0394240333705278,82.43992606284658,1.2600851051283417,0.8526875890778955,1.036531908787232,0.8769288688015854,1.2008599657207415,843,5410.0,3.1474592685699463,1.3901598453521729,3.2518930435180664,1.7682552337646484,3.2092299461364746,1.685027003288269,0.279397509507121,230,46,0,0,1,0,0,184,0.1921085162540509,0.0384217032508101,0.0
6cd606dc52e9,train,232752.0,0.3130939258995971,8.356853254177535,26.69120210545831,4.656888018148072,0.4734653193098233,4.183422698838249,0.9343093483309972,76.97323266986959,1.1081307859045797,1.0486899558217369,0.8466487815452375,0.7434466708172309,1.0664730435208345,577,2914.0,2.804881811141968,0.9317927360534668,3.8458638191223145,2.568777084350586,3.7095580101013184,2.442147254943848,0.1131765430830851,8155,5053,825,0,2,1,0,2277,0.0931246701239842,0.0577018955409555,0.0094209506869757
6cdd0f985270,train,251155.0,0.3677090229365838,19.011886834477966,51.70361793856989,7.957635722959925,1.303975632577492,6.6536600903824334,1.0566648165550427,86.55985758789497,1.229875914972903,,1.0273305433980726,0.919699135184496,1.1745084599249975,847,4494.0,3.6506073474884033,1.85520601272583,4.943020343780518,4.927860260009766,4.6717939376831055,4.526155948638916,0.1959786966668661,65096,8259,54558,1,3,22,0,2279,0.7450130556968675,0.0945229019755504,0.6244073720767742
6cee2e148520,train,262144.0,0.676749872040284,18.358362106177776,27.12724872903261,7.895660400390625,1.0570526123046875,6.8386077880859375,1.0554336945863758,78.33617635480908,1.3369580196177586,0.9178269610560668,1.0965203448986207,0.7972838891596306,1.308472158722595,1526,7621.0,3.344082832336426,2.2631618976593018,2.90039587020874,1.831818699836731,2.897916078567505,1.8232207298278809,0.1545713170078652,0,0,0,0,0,0,0,0,0.0,0.0,0.0
6cfb7b44ef6f,train,248914.0,0.7668804669833782,14.750541469056836,19.23447278176215,5.907662887583664,1.0200310147279783,4.887631872855685,1.04999922711345,81.35737009544009,1.2145121076362049,0.9931270663228416,1.0478626716970756,0.8289681720074014,1.1600026838125677,771,4715.0,3.1048450469970703,1.3171261548995972,3.2184112071990967,1.7876567840576172,3.184382438659668,1.711466908454895,0.208696366924215,24420,21643,1859,4,19,0,1859,918,1.5130758378146278,1.3410114806642912,0.1151846020678703
6d0c0531083f,train,253983.0,0.8447211434634635,22.168807112737923,26.24393539132099,6.443738360441447,1.39694388994539,5.046794470496057,1.0606601717798212,80.18807437486643,1.2210263598519795,1.0123421364870622,1.0606601717798212,0.8828345271649595,1.1749113743531974,505,4679.0,3.494952440261841,2.26539945602417,3.524665594100952,2.140822410583496,3.5083727836608887,2.1612489223480225,0.2767982524574817,165307,71156,91718,5,36,137,4566,2433,4.734543144525762,2.0379726931822315,2.626887113852492
6d10709053ae,train,254797.0,0.826279854737063,25.967481824548557,31.426981640272317,8.023642350577125,1.6727041527176536,6.350938197859472,0.8813327995520953,81.92994274166387,1.280761183002507,1.0301575072754254,1.0702139850664063,0.9074340152634892,1.2119650697024364,1228,5938.0,3.167031764984131,1.9960777759552,3.687589168548584,2.6378166675567627,3.5547120571136475,2.518449068069458,0.2633790631565937,1757,1755,2,0,3,0,0,0,0.2015969415093495,0.2013674629191283,0.0002294785902212
6d259b5b4c76,train,255808.0,0.6851899642631635,23.370602035355034,34.10820831342328,6.579544033024769,1.1227170377783338,5.456826995246435,1.0302154323190345,77.87225627842595,1.2343924542806577,0.9370425713316364,1.0988845115895125,0.8294550003655524,1.185713747395175,966,5057.0,2.9233901500701904,1.9958789348602293,3.615149736404419,2.970666646957397,3.473031759262085,2.815027952194214,0.2057453972347589,140100,26710,80755,4,12,44,39571,32635,2.130347784978113,0.4061498168220229,1.2279531432969846
6d292ca4c9ad,train,254322.0,0.4361184363004255,17.57543847617026,40.299691582089416,7.61672210819355,1.102539300571716,6.514182807621833,1.0881520302229275,86.75528507367072,1.296168067636462,0.9454063165900024,1.0807279729276278,0.8346383661384238,1.261553149584444,1373,6244.0,3.358018636703491,1.4692126512527466,3.454249620437622,2.920111894607544,3.4144446849823,2.756230354309082,0.1692521277237882,3358,735,735,1,1,3,0,1888,0.0962705069367516,0.0210717160805576,0.0210717160805576
6d3d1fe6c32a,train,259589.0,0.3171142650377967,18.319503759598923,57.76940926140749,8.2395633096934,1.4962113186614223,6.743351991031978,0.9866795718923592,82.88590604026845,1.2587311747735064,1.0515712281065748,0.8744746321952062,0.904015307612031,1.1931504744998465,875,5364.0,3.1663267612457275,1.5881414413452148,4.638767719268799,6.045258045196533,4.294359683990479,5.401586055755615,0.2218794630105684,9711,7053,1595,0,2,5,0,1063,0.2830175481954607,0.2055527512534841,0.0464847069685675
6d454444f17c,train,261739.0,0.5824650940202152,26.30546580538297,45.16230427444293,7.962130213686153,1.0991865942790338,6.862943619407119,1.0968528749093225,79.29089443996777,1.2367326235047793,1.0988845115895125,1.1766968108291045,0.8404838553076588,1.1931359967193442,812,4964.0,3.1956353187561035,2.0037648677825928,4.921667098999023,4.818521976470947,4.606983661651611,4.496673107147217,0.1601625563658631,69523,13666,52488,5,13,59,3370,3369,1.9922143085363213,0.3916056663328304,1.504068360491556
6d4f6c9a8406,train,259699.0,0.5241406067677565,18.482977596195852,35.26339565670314,6.663868555520044,1.431272357614007,5.232596197906037,1.04899587277957,82.08516886930984,1.2499897565814904,0.8589556903873333,1.071736249996821,0.8803435247596406,1.1810786134935845,1174,5448.0,2.9909350872039795,1.5885380506515503,3.411175489425659,2.69877552986145,3.30546498298645,2.490525484085083,0.2735300610788137,0,0,0,0,0,0,0,0,0.0,0.0,0.0
6d6be4cfc73f,train,257179.0,0.4085489737164001,22.93120227456603,56.12840503788424,7.854451568751726,1.0101913453275737,6.844260223424152,1.152259381641762,81.43418467583497,1.292028183712507,1.0132666982139509,1.1151920746180604,0.7920318341477942,1.2560404666863845,1103,6108.0,3.317124366760254,2.215134382247925,3.570856094360352,3.221763610839844,3.521164894104004,3.1016294956207275,0.1475968639927281,0,0,0,0,0,0,0,0,0.0,0.0,0.0
6d6fcf49e515,train,260416.0,0.557860567947605,24.063905355883826,43.13605717718328,7.481107151634308,0.8843542639469157,6.596752887687392,1.0833333333333337,80.0349344978166,1.2633713177050327,,1.0947302560896632,0.7581767622388411,1.233835392120204,1244,5725.0,3.281182050704956,2.4204492568969727,3.728448867797852,3.1898813247680664,3.656934976577759,3.0940134525299072,0.134059025554456,0,0,0,0,0,0,0,0,0.0,0.0,0.0
6d7d26025122,train,261027.0,0.5297712022120238,18.915661264239525,35.705340692847145,9.352289226784968,0.4551253318622211,8.897163894922748,1.0582303264013653,82.37977805178792,1.3644064961462388,1.002309090984683,0.9843083776720598,0.6517518410388812,1.3522906634533058,1554,8110.0,3.126389265060425,2.2267866134643555,3.2635326385498047,2.26363205909729,3.251918077468872,2.2568628787994385,0.0511539786427833,109725,32336,15093,13,23,22,8708,62296,1.6590970913143754,0.488936555431685,0.2282137379740977
6d9effbcde78,train,261172.0,0.7309213502188289,17.619624868429163,24.10604761121571,5.666380775887155,0.8948126139096074,4.771568161977547,1.039510317853949,79.25738724727839,1.237353940183514,,0.9256213738005306,0.8013785101431841,1.1952753161397878,944,5144.0,2.7875325679779053,1.298651933670044,3.002744197845459,1.7200719118118286,2.9663448333740234,1.6569806337356567,0.1875300914780934,18,0,18,0,0,1,0,0,0.0004534387662434,0.0,0.0004534387662434
6dc0281f11e3,train,258298.0,0.9859591511587046,26.44184811886402,26.81840123679507,7.448373583999876,1.1645463766657116,6.2838272073341646,,81.59564823209429,1.260069541118631,,1.030650602241329,0.796658723837216,1.2208285899195466,980,5515.0,3.848985195159912,3.313560962677002,3.522890329360962,2.181086540222168,3.54675817489624,2.347492456436157,0.1853243792742283,0,0,0,0,0,0,0,0,0.0,0.0,0.0
6dc07f968794,train,258066.0,0.881429405355882,21.31417729129298,24.181377614339137,6.878085451008657,1.6569404725922825,5.221144978416374,1.0,72.52532432912741,1.2635066208328998,0.801288424459611,1.0490994977110422,0.8539278140649235,1.1996939071305623,1045,5627.0,3.3643977642059326,2.3065402507781982,3.218299865722656,2.004021644592285,3.250429391860962,2.064372301101685,0.317351937063975,0,0,0,0,0,0,0,0,0.0,0.0,0.0
6dcde47060f9,train,243257.0,0.7081859424264964,14.153356588887997,19.985367882894675,4.931409990257218,0.7872332553636688,4.1441767348935485,1.0740270885780936,80.38176033934252,1.166274190361588,0.9245003270420484,1.1086354362029676,0.8225365900231957,1.1333708318675202,821,3772.0,3.025446891784668,1.3306938409805298,3.2942311763763428,1.8583970069885252,3.2385458946228027,1.7856181859970093,0.1899613133617696,43371,5190,35384,3,5,53,2342,2797,0.8480541741018792,0.1014825842980045,0.6918804937958749
6de39b94f634,train,225622.0,0.526409292331799,24.995552785297207,47.483114658892376,9.740628130235526,0.5336359043001125,9.206992225935414,1.0737438850302097,85.79064587973274,1.3465630110640814,1.2480754415067656,0.9749504539507614,0.6516676848113766,1.338767788478702,1349,6735.0,4.241393089294434,3.2384698390960693,3.6156744956970215,3.633414030075073,3.6300110816955566,3.6164023876190186,0.0579598517306118,98,51,28,1,1,2,0,19,0.0065679992332866,0.0034180404173226,0.0018765712095104
6df8b7b6e837,train,255790.0,0.3465248101832326,12.369282885268728,35.69523024550016,6.115563548223152,0.8014386801673248,5.314124868055827,0.9917040396172152,79.68274315013619,1.3000184514970703,1.0573097607281436,,0.826494877331677,1.3077131140116427,893,6241.0,2.7081167697906494,1.0791339874267578,2.718505859375,1.7763431072235107,2.716540813446045,1.7053059339523315,0.1508129184138895,719,0,562,0,0,4,0,157,0.0204681775351076,0.0,0.0159987702012941
6dfd80748e72,train,250300.0,0.3871041914947967,12.474231117756544,32.22447958929997,4.564522572912505,0.275269676388334,4.289252896524171,1.113663419223244,76.65888629543181,1.0966061612001778,0.9091372900969896,1.098435448140917,0.6669047291594667,1.0783744511061313,531,2999.0,3.1154730319976807,1.3741095066070557,3.9237890243530273,2.9212005138397217,3.86592435836792,2.848628520965576,0.0641766020864381,58920,4800,53395,3,6,138,11142,725,1.688516796185534,0.1375573764713266,1.530182524309684
6e018411ba4a,train,262098.0,0.4071804531954616,16.79922465338053,41.257443773501286,10.974902517378997,0.3533029630138345,10.621599554365162,1.012454624471823,86.24962526231639,1.4225176570571665,1.2403473458920846,1.0580809126784962,0.6331533702231282,1.414005513692876,2150,10007.0,3.0377793312072754,1.754766583442688,3.115091562271118,2.316035032272339,3.1109745502471924,2.298466682434082,0.0332626890333704,1379,0,1379,0,0,14,0,0,0.0361461068100418,0.0,0.0361461068100418
6e092b306fe1,train,260753.0,0.4326893922988929,16.589350370118392,38.34009029428392,6.125720509447638,1.4588518636410703,4.666868645806568,0.9385342280919272,76.81826551279691,1.2573579815354252,0.8466487815452376,0.953998092005724,0.8978533948989402,1.1881000269338384,867,5431.0,2.8178184032440186,1.3577834367752075,3.219933271408081,2.679361581802368,3.153672933578491,2.5114691257476807,0.3125975840249815,29421,19999,6888,1,9,25,0,2534,0.9551140855061008,0.6492412425150916,0.2236098644154183
6e092caa065f,train,257574.0,0.9481109120868486,30.62234164269523,32.29826938210597,7.691770132078548,1.6896115291139633,6.002158602964585,1.0971455162439585,82.55932203389831,1.2801531842387666,,1.112059409656802,0.8803340431226556,1.2160112402440977,1193,5900.0,3.332876682281494,2.3818554878234863,3.497954845428467,2.470554113388061,3.4494762420654297,2.4415578842163086,0.2815006468305304,82,80,2,0,1,0,0,0,0.0093977637906453,0.0091685500396539,0.0002292137509913
6e0f78e188ff,train,258034.0,1.1278510275720988,26.453867865982197,23.4551081829742,8.361301223869722,1.2854895091344551,7.075811714735267,0.964319869073764,82.34449073408993,1.3257070238838573,0.8841820065312798,1.114393874882408,0.8595968198502617,1.2801144487039853,1301,6961.0,2.874427318572998,1.7930099964141846,3.253591775894165,1.975947380065918,3.083845376968384,1.760814189910889,0.181673786833169,0,0,0,0,0,0,0,0,0.0,0.0,0.0
6e1db8711879,train,218486.0,1.1573348676793571,24.51103605163771,21.17886251952841,6.678688794705382,0.9959448202630832,5.682743974442299,1.0455084794302916,78.72431506849315,1.24530534929515,0.9370425713316364,1.0524696231684352,0.6809007116219836,1.2245711344328625,925,4672.0,4.905087947845459,3.3527281284332275,2.9593276977539062,1.6705492734909058,3.1135659217834477,1.9321874380111692,0.1752577319587628,0,0,0,0,0,0,0,0,0.0,0.0,0.0
6e3526053de0,train,253069.0,0.8046799374990011,19.016718088561664,23.632648463520653,9.049705811458535,2.2966068542571394,6.753098957201396,0.8894236895179598,90.14694508894046,1.3189827779192698,0.9314928656652446,0.9759223471151836,0.946725614209733,1.2918955592370422,1115,6465.0,3.6488029956817623,1.7233625650405884,3.661982774734497,2.3821399211883545,3.628323793411255,2.230804443359375,0.340081919251024,0,0,0,0,0,0,0,0,0.0,0.0,0.0
6e44f6d04fc9,train,258184.0,0.761019357551897,25.820376160727037,33.92867199040497,5.95582995073281,1.1236172652062095,4.832212685526601,1.0333241949532606,74.07099854681337,1.2219331120709849,1.1043152607484654,,0.7714563770402145,1.1796076664198014,1002,4817.0,3.430514097213745,2.681940078735352,3.1592836380004883,2.3119776248931885,3.19214415550232,2.361360788345337,0.2325264507855081,0,0,0,0,0,0,0,0,0.0,0.0,0.0
6e68e742f5bc,train,254468.0,1.1705217214574837,22.36259076986426,19.104806309804587,5.915085590329629,1.1129100712073816,4.802175519122248,1.089238098721347,76.47954329210276,1.2522633936128056,0.8200599066683132,1.0978375091394297,0.8090487025673625,1.2231522590975006,829,5255.0,3.0553624629974365,1.7201988697052002,2.909487009048462,1.4553556442260742,2.933533906936645,1.5040912628173828,0.2317512274959083,20461,1679,1617,2,4,5,0,17165,0.4001882318333984,0.0328388661965825,0.0316262338534091
6e73acb2cf60,train,259313.0,0.5119609930167783,18.60629888887512,36.34319634243178,5.912160207934041,1.5568058678122578,4.355354340121783,1.0075492927771428,85.14285714285714,1.2265165378951706,1.0277402395547233,0.9490917826857524,0.9147822666931404,1.146824847934118,862,4725.0,3.21858024597168,1.5357335805892944,3.488697052001953,2.5137860774993896,3.4072134494781494,2.299689769744873,0.3574464317336639,46016,28382,15127,5,16,52,0,2507,1.3190255446541284,0.8135557851263359,0.4336078627864873
6e861bc3bd7b,train,211321.0,0.5570605695744478,21.84268993887309,39.210619332758114,8.630472125344854,1.165052219135817,7.465419906209037,1.020678916040051,85.29153879877246,1.2645977546635367,0.957206171533769,0.9646365860663856,0.8406963015085636,1.221837379112564,765,4562.0,3.638059139251709,2.2432422637939453,4.353371620178223,3.78639817237854,4.218088150024414,3.58644700050354,0.1560598377281947,0,0,0,0,0,0,0,0,0.0,0.0,0.0
6e92b1c5ac8e,train,251358.0,0.8362210489384417,17.83814755397975,21.331856662332,6.846808138193333,1.6024952458246804,5.2443128923686535,0.8962581595302719,87.13107241063244,1.2658343475327345,,0.9600136227931392,0.8859963911291374,1.2005165184855895,815,5455.0,3.141683578491211,1.5767440795898438,3.3051235675811768,1.847845196723938,3.258995056152344,1.784209966659546,0.3055681990593233,42286,28512,12447,2,38,53,2632,1327,1.8620770133493036,1.255534687712608,0.5481074725715078
6ea07d19b4ce,train,247481.0,0.5518028691737922,14.001030502896898,25.37324701457329,6.393218065225209,1.206961342486898,5.186256722738311,1.0533703247651751,81.58379373848987,1.2275111833398558,1.192569587999888,1.0822407179381432,0.835086254786972,1.1700211593511058,760,4887.0,3.1298575401306152,1.3603047132492063,3.381216764450073,2.0025641918182373,3.3244738578796387,1.8943806886672971,0.232723022984028,11813,2980,4538,4,2,10,0,4295,0.2310219018071846,0.0582786140172191,0.0887477685940069
6efa36d59ada,train,242890.0,0.5707290388730554,10.177008142783118,17.831593365002657,5.7960393593807895,0.7954217958746758,5.000617563506114,1.0914770020042388,77.5,1.2565044964838827,,1.0705015752130178,0.7973038940850228,1.2320892345291794,970,5200.0,2.821469306945801,1.0362781286239624,2.950689554214477,1.4686503410339355,2.938244342803955,1.4201297760009766,0.1590647126626049,33968,32169,1727,1,24,10,0,72,1.1230082126257095,1.0635318885997542,0.0570959486341439
6f0463c1ff18,train,256914.0,0.5871039375210034,23.304949944949566,39.69476008516097,7.338253267630413,1.1494118654491383,6.188841402181275,1.0101525445522108,80.85543199315654,1.2838285191347016,0.9922778767136676,1.0101525445522108,0.811859169284525,1.2565072056540905,793,5845.0,3.702583074569702,2.379930019378662,3.283766746520996,2.534710168838501,3.334632635116577,2.509493589401245,0.1857232704402515,20598,4296,10175,6,1,16,0,6127,0.4032303058172402,0.0840993006015566,0.1991877056845528
6f0e5848d9ce,train,258669.0,0.9333916134544024,22.77742018210758,24.40285497939102,7.044137488450491,1.4242139568328636,5.619923531617627,1.0737110771116276,79.92277992277992,1.2898303004493126,0.9885402350165868,1.0409182272526312,0.8438629837819593,1.2379355509159828,1183,5957.0,3.189901828765869,1.990133285522461,3.133655309677124,1.902961015701294,3.1358189582824707,1.913823485374451,0.2534223017128706,0,0,0,0,0,0,0,0,0.0,0.0,0.0
6f3b62e5b7f5,train,259153.0,0.6309241085943278,17.161218368990525,27.20013094320487,7.063394982886558,1.2158840530497428,5.847510929836814,0.8922699487665986,84.56235638186756,1.237895000208666,,0.9475701011561544,0.877207918240072,1.1826789191784852,861,4787.0,3.408952236175537,1.669700264930725,3.940788745880127,2.514963865280152,3.8216335773468018,2.383240938186645,0.2079318991685363,231,220,0,1,1,0,0,11,0.0575999521247151,0.0548570972616334,0.0
6f460f9968c7,train,259256.0,0.721284576046616,27.117207014298764,37.59571175489298,7.2762057580152435,1.30064492239331,5.975560835621933,1.088490986783784,76.19364498419564,1.2786121409644104,1.151385284513614,,0.8567085920502052,1.2299182766084331,1086,6011.0,3.227622509002685,2.289186954498291,3.4095442295074463,2.830549478530884,3.374699354171753,2.7352113723754883,0.2176607281177382,24,0,0,1,0,0,0,24,0.0027526692289429,0.0,0.0
6f4719c6bb4b,train,220492.0,0.6106697512232482,12.082706584336604,19.7859916266254,4.704479074070715,1.6998349146454292,3.0046441594252853,0.9370425713316364,81.30630630630631,1.1796331598750966,0.9370425713316364,1.0,0.935877779292394,1.0888248285266662,374,3108.0,3.163975954055786,1.0959062576293943,3.42838978767395,1.9068247079849243,3.3242595195770264,1.6592577695846558,0.5657358490566038,642947,398858,235553,0,25,26,33437,8536,651.7653856680892,404.3285654910945,238.78374405709243
6f4e0538d1e4,train,259193.0,1.2367561131295617,16.589350370118392,13.413598844593302,5.334634808810423,1.329125400763138,4.005509408047285,0.9370425713316364,80.11928429423459,1.2386814082458684,1.0540925533894598,0.9370425713316364,0.9047796186221612,1.1886173003982607,754,5030.0,3.2290213108062744,1.4696298837661743,2.7106387615203857,1.194865107536316,2.8122398853302,1.265513896942139,0.3318243113080332,42311,6853,33453,2,7,63,0,2005,1.213190808526256,0.1964972846501012,0.9592038032102488
6f689fced922,train,259274.0,0.4570008301511201,18.64938417628628,40.808206344218966,7.803327753650578,0.5384265294630391,7.264901224187539,1.0270551608894856,78.44533911427686,1.310381662618806,1.0540925533894598,1.0663043453003984,0.656597326702469,1.2933308638636862,1214,6458.0,3.2965404987335205,2.1235666275024414,3.2498600482940674,2.2994914054870605,3.248557806015014,2.285205364227295,0.0741133998725844,0,0,0,0,0,0,0,0,0.0,0.0,0.0
6f923b60934b,train,257207.0,0.5878191206719607,19.74157274327001,33.58443447825003,7.867593028183525,1.7025197603486686,6.165073267834857,1.0,83.04045092838196,1.288477640752195,0.97573875381809,1.0150262026246049,0.8938816890734772,1.2313991193935403,835,6032.0,3.579627275466919,1.8686641454696653,3.2923238277435303,2.264267921447754,3.3301868438720703,2.1893348693847656,0.2761556410418112,23029,16527,4423,0,10,1,4296,2079,0.6600865344238753,0.4737179275879711,0.1267776604175952
6fb656d506b2,train,252039.0,0.5157666366664464,21.804426752742238,42.27576039751378,6.151032181527462,1.2751994730974174,4.875832708430044,0.940654387025322,73.4503684438665,1.2106925019415635,1.0307764064044151,1.0559624712357836,0.843416587379349,1.15654246275897,750,4614.0,3.280362367630005,1.820265531539917,3.549334764480591,3.169234037399292,3.4874379634857178,2.945556163787842,0.2615347058344861,214794,19689,185820,5,11,358,13425,9285,3.2608037255571416,0.2989001766925266,2.820947271725598
6fbaaf8eb67a,train,242646.0,0.3565368823872176,14.143086596027109,39.667948239551215,4.390758553613082,0.5040264418123521,3.8867321118007294,1.0199581613645337,79.49138638228055,1.0616272147985708,0.971285862357264,1.0199581613645337,0.8119284056511396,1.0110245346776936,291,2438.0,2.9999125003814697,1.4589873552322388,4.928262710571289,4.209031105041504,4.58035945892334,3.930345296859741,0.129678719117803,192,14,178,0,1,1,0,0,0.0494668147235912,0.0036069552402618,0.0458598594833294
6fe4751a3b42,train,261416.0,0.3922323214074052,18.505342836509584,47.17954596426129,8.756541298160785,0.7027113872142485,8.053829910946538,1.0172065417169347,81.5501386658882,1.3272346770438226,0.8770580193070293,1.0217491947499509,0.6884054973358276,1.3076551738513056,1182,6851.0,3.445037364959717,2.2993295192718506,3.5216753482818604,3.2029895782470703,3.513754844665528,3.1465914249420166,0.0872518286311389,0,0,0,0,0,0,0,0,0.0,0.0,0.0
6fe67482bfae,train,249057.0,0.7186551527358644,15.282570626539425,21.265513185788567,7.140132580092107,1.1158088309101932,6.024323749181915,1.101256658705491,78.63167760074977,1.261818323157048,1.006230589874905,0.9729425980652529,0.8513204524822516,1.2095687699694782,1054,5335.0,3.04382061958313,1.3849477767944336,3.4346630573272705,1.9022818803787231,3.343229293823242,1.8242769241333008,0.1852172753932284,223302,111893,100883,8,46,141,7518,10526,4.379434063729315,2.194463174055155,1.9785333165453265
6fe67fd7f5d1,train,259228.0,0.3135184527603949,17.19029542503697,54.83025089491169,7.368416991991606,0.9115527643618744,6.4568642276297314,0.997793430091668,81.85697217955283,1.2733376560178251,0.9689627902499088,,0.7783035784379425,1.2360499104524991,1173,5859.0,2.838801145553589,1.5930370092391968,3.634500741958618,3.615288257598877,3.526859760284424,3.424478769302368,0.1411757677141833,13,0,0,1,0,0,0,13,0.0014926709854613,0.0,0.0
7005be54cab1,train,260010.0,0.3545880253665672,12.401954465036347,34.975671985018145,6.981269951155725,1.2626437444713663,5.718626206684358,1.1490187582825713,77.41491245327562,1.233534854304603,,0.9821133722324832,0.8623616961695079,1.167951406738892,811,5083.0,2.8571510314941406,1.0911184549331665,3.9498908519744873,3.5068576335906982,3.699030876159668,3.161316156387329,0.2207949424978142,6351,817,2805,1,3,9,0,2729,0.1819251062089139,0.0234030564907388,0.0803495391144707
702de9dcde32,train,258822.0,0.8434991776851428,15.766593827484735,18.69188997996867,6.046240273237978,0.6954586549829612,5.3507816182550165,1.0084702242716852,78.97258011232243,1.278368420931438,,1.0220765695064329,0.7347476872499776,1.24880148617409,1201,6054.0,2.9612345695495605,1.3216500282287598,2.7434868812561035,1.2462226152420044,2.759469509124756,1.250248908996582,0.1299732832695501,16973,4639,9394,3,7,3,8737,2940,0.486344920069572,0.1329260639959196,0.2691759959425888
705f508d1e42,train,259575.0,1.4525940686385137,30.53379591547029,21.020184905538677,7.3211981122989505,1.3206202446306463,6.000577867668304,1.1200710300717545,74.78939157566303,1.302175917488546,1.0213243599737851,0.9922778767136676,0.793757430090931,1.2645805796322125,1107,6410.0,3.680542469024658,3.032010793685913,2.901527404785156,1.5991497039794922,3.008171319961548,1.860533356666565,0.2200821777092963,4,0,0,1,0,0,0,4,0.0004592327598281,0.0,0.0
709784f7fcc2,train,251179.0,0.4123346026959539,17.654609343403788,42.81622068090631,5.9539213071156425,1.1875992817870922,4.766322025328551,1.0504514628777804,74.85549132947978,1.2063946858409162,0.9575175804338616,1.0966178441129766,0.8527946794969029,1.1438916974967632,786,4498.0,3.13866925239563,1.464328050613403,3.6077046394348153,3.192158460617065,3.497119665145874,2.920210361480713,0.249164717674574,32909,6357,22387,32,23,95,233,4165,2.0389601297142703,0.3938639747362003,1.387043071011376
70d0392397de,train,247093.0,0.7998941993107003,13.499866274199958,16.87706484911794,7.522268943272371,1.0344283326520785,6.487840610620292,0.891337623249849,88.23358089413135,1.3212270036942493,0.9922778767136676,1.0340172170394766,0.861582706852554,1.2871640067136194,1282,6867.0,2.826776027679444,1.325839638710022,2.922130584716797,1.3429003953933716,2.9067723751068115,1.3406134843826294,0.1594410829018776,0,0,0,0,0,0,0,0,0.0,0.0,0.0
70d657f8f503,train,252419.0,0.4480976394680763,17.40989916509309,38.85291425716921,6.152072546044474,1.5917977648275288,4.560274781216945,1.1802584638392797,78.72200263504611,1.2069068729699477,1.275810451318027,1.2,0.88980453813294,1.1259204709247106,873,4554.0,3.2000620365142822,1.376427412033081,3.625676393508911,2.986499547958374,3.4803452491760254,2.634217500686645,0.349057423334202,55320,13801,39984,26,44,292,0,1535,6.352822826064489,1.5848754125545192,4.591671508990645
70ed3ec68b94,train,260645.0,0.5252162923185757,21.17886251952841,40.32407758341612,7.719311707494868,1.669704003529705,6.049607703965164,1.043045538152238,81.46955054456205,1.3053531772654337,,1.044316986519594,0.9072123157206275,1.239561104617309,1394,6519.0,2.974886178970337,1.5281280279159546,3.342371225357056,2.8794257640838623,3.2489471435546875,2.6297383308410645,0.2760020294266869,85261,15847,66216,4,17,144,1795,3198,2.4428980006062764,0.4540482121439774,1.897220698890996
70f5caf5f305,train,257950.0,0.919561798180934,26.661546188542925,28.99375141647301,8.788524907927894,1.1812366737739872,7.607288234153906,0.9889349458977248,82.94864048338368,1.3815676432044317,0.9370425713316364,0.9289243450753876,0.7872769151330414,1.3565851516432017,1501,8275.0,3.491177558898926,2.566206216812134,2.782386302947998,1.6030933856964111,2.84572696685791,1.7219030857086182,0.1552769709014931,27762,15548,10790,4,10,0,10790,1424,3.178746981495667,1.7802448695445077,1.235454215486573
710b05a96e0f,train,194193.0,0.3273756933157841,12.22306116498893,37.33649569761631,4.707172761119093,0.4516125709989546,4.255560190120138,1.241408832903552,80.40333187198597,1.1189638773885604,1.0540925533894598,1.241408832903552,0.7209077040018703,1.1157505936338392,281,2281.0,3.107405662536621,1.3646725416183472,4.327467918395996,3.0128817558288574,4.19261646270752,2.8915553092956543,0.1061229428848015,60011,37499,19917,1,14,8,13466,2595,1.0979095426160548,0.6860493899211718,0.3643842688887698
7116128c65ab,train,250667.0,0.4939934338558588,17.88662905684383,36.20823239942685,5.804114622188003,1.2287217703167947,4.575392851871207,1.0588235294117647,75.81445523193096,1.2218412984961649,1.1137070295367113,,0.88191569674471,1.154473442146925,662,4635.0,2.9406118392944336,1.3628157377243042,3.3205554485321045,2.5641348361968994,3.225226402282715,2.3513753414154053,0.268550004359578,6210,582,0,19,3,0,0,5628,0.3849050288678772,0.036073224927714,0.0
711d1480d2e3,train,261672.0,0.7652029773024863,26.541799248652502,34.68595919767374,7.542266654437617,1.3876150295025833,6.154651624935033,,81.30608175473579,1.284745312912322,,0.942287399730974,0.8602613625462012,1.2427855601169793,1061,6018.0,2.991171836853028,1.9099507331848145,3.489611864089966,2.3575379848480225,3.386244297027588,2.284025192260742,0.2254579323191555,57205,6268,47319,1,6,50,18539,3618,1.640007408057237,0.1796969921108777,1.3565861470476426
7131bf4c9e6f,train,257809.0,0.8252804916862588,24.73241918654219,29.968500934764062,6.54825859454092,1.3727216660395871,5.175536928501332,1.023610350189156,84.81313458630373,1.21492390348448,1.023610350189156,0.8199122499151819,0.927760391141867,1.1538934052461218,572,4629.0,3.27239990234375,2.058346748352051,3.746438503265381,2.441201448440552,3.638576030731201,2.367779493331909,0.2652327062879412,0,0,0,0,0,0,0,0,0.0,0.0,0.0
7179f85bfd6f,train,260941.0,0.6220915963127615,23.454048616901687,37.70192163970333,9.58224272919932,1.6041940515288895,7.978048677670431,0.9488384294822846,85.52383712505434,1.321252347924296,,1.014028692285125,0.8870125909566154,1.276591001200012,1222,6901.0,3.089844226837158,1.836035966873169,4.058066368103027,3.33709716796875,3.846893787384033,3.107982635498047,0.2010759919300605,925,280,645,0,1,0,645,0,7.236173042321833,2.1904091371352576,5.045763905186576
71a39c660432,train,252780.0,0.5289903475654233,14.286337183205893,27.006801256310293,7.899359126513174,0.4221061792863359,7.477252947226837,1.0203432872015623,79.63450089990309,1.3420204308810284,1.1197705168304328,1.113770870434292,0.7113009926433954,1.3276685991672834,1298,7223.0,3.2657876014709477,1.5824710130691528,2.931485891342163,1.6198675632476809,2.948490858078003,1.6185065507888794,0.0564520395746256,426706,113802,297889,11,41,397,0,15015,8.344135711636042,2.225371408547349,5.825149501069939
71c1a3cdbe47,train,259677.0,0.3051308634942188,11.940702347989491,39.13305331112704,6.156879508004175,1.382101610847322,4.774777897156852,1.079236863840014,80.87343307723413,1.228594778422024,,1.0536089137432665,0.9090448902243692,1.1611811016536149,750,4946.0,2.792376756668091,0.9847824573516846,3.6109907627105713,3.219886064529419,3.3844330310821533,2.8381805419921875,0.2894588273247843,9720,8884,0,0,3,0,0,836,0.2784551354919145,0.2545057020277951,0.0
71c22da3d6c6,train,219335.0,0.5275772665075489,25.421111102512707,48.18462188637343,9.01543301342695,0.7481706066063328,8.267262406820617,1.1745242597140697,83.26743350107836,1.3110269181370144,1.2935233335271092,1.1490485194281397,0.7123142084237132,1.2987219256981744,1212,5564.0,4.5728607177734375,3.481023073196411,4.066567897796631,3.9680004119873047,4.077739715576172,3.9259541034698486,0.090497987095351,77,0,0,1,0,0,0,77,0.0051603425663254,0.0,0.0
71e4130bf5c8,train,254069.0,0.7931971622512922,23.52565442404904,29.659277092315037,6.548614746387792,1.0135042055504606,5.535110540837332,0.9988681377244376,82.4173971679029,1.2838725962818465,1.039168997070661,1.082767402195552,0.7859846207839379,1.2521095538288596,1022,5932.0,3.595054149627685,2.6106808185577397,2.968589782714844,1.7190951108932495,3.0320193767547607,1.849085807800293,0.1831046007253075,336353,152232,156349,9,50,100,34376,27772,6.664891227607126,3.016502666428092,3.098081713393805
71e43b4f8ba6,train,259743.0,0.615673771886444,23.703176794438903,38.4995721383609,5.786873948479844,1.2165871650054092,4.570286783474434,,75.81869442637172,1.2052268963459212,1.0524696231684352,1.150792911137501,0.8002385217577673,1.1501943855702594,870,4611.0,3.52199387550354,2.715850591659546,3.3398444652557373,2.482583999633789,3.353389978408813,2.494616746902466,0.2661949288181282,0,0,0,0,0,0,0,0,0.0,0.0,0.0
71f6a6e4620a,train,260881.0,0.3983553322556875,14.83813154899576,37.24848231596355,7.460489648537073,1.4247875468125313,6.035702101724541,1.1287952262918524,78.88974556669237,1.3075657316788338,0.9905211130872972,,0.8708476210820632,1.2585164078123756,1174,6485.0,3.1300268173217773,1.3679627180099487,3.188108205795288,2.478967905044556,3.161373376846313,2.3137264251708984,0.2360599517337736,17914,6014,10601,1,5,21,2599,1299,0.5134204682633124,0.1723629952068528,0.3038277539387839
720b5f62ce80,train,222684.0,0.8068023870525602,26.561027976497293,32.92135521999508,7.674552280361409,1.910330333566848,5.764221946794561,1.0540925533894598,82.83798882681565,1.2341266554294656,1.1117785310689907,1.086462023418412,0.8686661983729573,1.1897458036884774,976,4475.0,3.75991415977478,3.051441431045532,3.945457935333252,3.2509918212890625,3.872676372528076,3.1836376190185547,0.3314116547210969,0,0,0,0,0,0,0,0,0.0,0.0,0.0
7214fc7cbe03,train,212454.0,0.5263730063760721,19.058344506768268,36.20691843219608,7.139898519208864,0.7535748915059259,6.3863236277029385,,84.65982028241335,1.25342492147568,1.1,,0.7301827605756849,1.2431511817881833,966,4674.0,3.5751700401306152,2.3087496757507324,3.398682117462158,2.686655282974243,3.389056205749512,2.631210803985596,0.1179982311320754,0,0,0,0,0,0,0,0,0.0,0.0,0.0
7247a2c97f71,train,256107.0,0.4539587305579739,21.80660766826884,48.03654209153704,7.051740093008001,0.9281276966268004,6.1236123963812,0.953998092005724,75.87359973248621,1.277383391722036,,1.0508647691687267,0.7935032341407833,1.2389186669971264,1103,5981.0,2.94028377532959,1.9841654300689695,3.322348117828369,3.085803270339966,3.270199775695801,2.958912134170532,0.1515653892750111,82130,4199,50958,10,5,90,0,26973,1.6057380353649482,0.0820953854924804,0.9962887958861198
72595230840c,train,260436.0,0.5190961291558545,11.07229570113631,21.32995235225871,5.963077301141163,0.965688307300066,4.997388993841097,1.025229189260113,77.06532663316582,1.236293077341965,,1.025229189260113,0.8526974258739619,1.18351695721033,867,4975.0,2.814849615097046,1.04297137260437,3.314450740814209,1.8787827491760252,3.2148146629333496,1.7646026611328125,0.1932385708797541,288218,248516,26047,15,146,65,0,13655,6.300933647354703,5.432980682351558,0.5694315369360967
72606afaf3da,train,222080.0,0.8132467407309283,24.64179208763633,30.300511337418737,6.261707492795389,0.9519092219020172,5.309798270893372,1.025304031702032,80.71002979145977,1.204559296728314,,1.0519042812961412,0.6778599628467423,1.188763978279236,747,4028.0,4.405560493469238,3.5068747997283936,3.389245986938477,2.4731366634368896,3.4834868907928467,2.598752737045288,0.1792740841248304,0,0,0,0,0,0,0,0,0.0,0.0,0.0
7269a1d84a57,train,211707.0,0.9873956658611084,23.29619504906824,23.593576369156548,7.8599196058703775,1.1468680771065671,6.713051528763811,1.0728661783849698,87.18761656098471,1.3050888565545362,1.0468478451804275,,0.691876947105215,1.303120462526775,1093,5362.0,4.211873531341553,2.900596857070923,3.092252492904663,1.7212532758712769,3.181673049926758,1.8765442371368408,0.1708415423585702,0,0,0,0,0,0,0,0,0.0,0.0,0.0
726dff37edc0,train,259183.0,0.6648274888031147,32.41280735973289,48.75371115909405,9.221669631110066,1.591539568567383,7.630130062542682,1.0906191688357711,86.07699966810488,1.286610764769322,0.9707253433941512,1.0918055367292605,0.8869446586289716,1.226454660480098,1010,6026.0,3.3070390224456787,2.330753803253174,4.236096382141113,3.3914594650268555,4.042251110076904,3.2226665019989014,0.2085861650485437,0,0,0,0,0,0,0,0,0.0,0.0,0.0
7270367410a1,train,251640.0,0.6323837542107869,21.739776095102624,34.37750566858537,7.913686218407248,0.7951835956127802,7.118502622794468,0.9711301039189826,82.03728967712597,1.3157119785666969,,1.01103270375405,0.7004741196766332,1.2990991632515367,1106,6597.0,3.589357852935791,2.4313015937805176,3.1356301307678223,2.0981550216674805,3.1667404174804688,2.1234233379364014,0.1117065818120917,153479,85966,25004,6,37,34,0,42509,2.9980922882422365,1.6792786091324032,0.4884335940109649
72a867980067,train,257201.0,0.4104678333107373,13.215329083138384,32.1957727516591,7.249583010952524,1.5093253914253832,5.74025761952714,0.9493569029184976,84.44236176194939,1.2559488815395077,0.8550801833380934,1.0157917402813124,0.9179596746822388,1.1895398006291182,773,5335.0,2.899948835372925,1.0783151388168335,3.809223890304565,2.8141188621521,3.5951344966888428,2.538966417312622,0.2629368734760227,0,0,0,0,0,0,0,0,0.0,0.0,0.0
72c31aa48e2c,train,260687.0,0.8578412189378943,26.034479270452422,30.34883227304709,8.65137118460069,0.9916106288384154,7.659760555762274,1.0163583832885748,80.93914569923932,1.3199568251435934,1.0434983894999017,1.1209638004298283,0.7425068668309801,1.2920333851971064,1215,6836.0,3.702681541442871,2.735538959503174,3.36502742767334,2.1703484058380127,3.389570951461792,2.218388557434082,0.1294571314102564,0,0,0,0,0,0,0,0,0.0,0.0,0.0
72d98188648f,train,240437.0,0.7546427535281495,17.751637947137908,23.523233827058466,6.186235895473659,0.8904619505317402,5.295773944941918,1.0265202309330688,77.10056595559425,1.2280520892986326,0.971285862357264,1.015346165133619,0.8266922401305155,1.1952097529857233,648,4594.0,2.833383321762085,1.364863038063049,3.421707391738892,2.128580331802368,3.324203968048096,2.033010244369507,0.1681457629780884,106389,43618,48304,3,11,39,0,14467,1.618123026567947,0.6634077787444257,0.7346794750898881
731b19a460ad,train,256468.0,0.8944838073448064,18.94535404056156,21.18020906023901,5.471637787170329,1.181044028884695,4.290593758285634,1.015346165133619,82.11009174311927,1.2228423309139524,0.9716676031619468,1.0533703247651751,0.8648539544150557,1.1641994846676589,872,4578.0,3.246347188949585,1.4543612003326416,3.139317035675049,1.8167176246643064,3.149512529373169,1.7557741403579712,0.2752635405307161,131357,1093,129608,3,2,173,0,656,3.7655037465267336,0.0313321375713035,3.71536659317613
7335a2d43ada,train,256960.0,0.7456588230874717,32.57114016895722,43.681022956441794,8.425046699875468,1.4562577833125778,6.96878891656289,1.107563012639634,75.36208817443897,1.292176796989997,,1.1088816130487336,0.7965489907393725,1.2502265737280878,1035,6283.0,3.6328258514404297,3.1562275886535645,3.702386140823364,3.44840669631958,3.6826369762420654,3.3987741470336914,0.2089685597810912,120776,85780,19571,1,15,26,0,15425,1.3775224191271866,0.9783721361258036,0.2232189446971101
7347bd23ba80,train,261223.0,0.6656632197559862,30.620462532557564,45.99993153261823,9.214349425586567,1.0466153439781336,8.167734081608435,1.0833333333333333,79.24928106553655,1.3092166059029238,1.039750489820073,1.2606787190727604,0.7613262259923972,1.2774216844520667,1352,6607.0,3.716624975204468,2.9695565700531006,3.93869423866272,3.5934319496154785,3.8852808475494394,3.5027639865875244,0.1281402324709411,17,0,7,2,0,1,0,10,0.0019442970336889,0.0,0.0008005928962248
7347f5133a6a,train,260480.0,1.3936112461410757,25.54441994080248,18.329659732249755,6.474585380835381,1.259213759213759,5.215371621621622,1.1049978113503118,83.45223594919088,1.2679692333660992,1.05,1.0988845115895125,0.8443444292685595,1.2197055962460512,845,5747.0,3.307271718978882,2.195906400680542,3.014598846435547,1.6191388368606567,3.053700685501098,1.7217921018600464,0.2414427677585572,6092,1443,3480,0,2,9,0,1169,0.174514970416676,0.0413370161377648,0.0996901012885805
7350c50667c5,train,262061.0,0.7143077818099273,31.450960083324123,44.02998383082578,9.203200781497438,1.6278652680101198,7.575335513487317,0.8586296628693791,83.43052738336714,1.3526570053097484,0.9308847609842166,0.895628326748149,0.8706920908440228,1.3074921977563412,1350,7888.0,3.2971911430358887,2.4554312229156494,3.2068686485290527,2.934452772140503,3.2174134254455566,2.85725474357605,0.2148901873866613,34046,6,33226,1,1,50,0,814,0.9753512249902596,0.0001718882497192,0.9518598308619622
735836b1ffa6,train,258645.0,0.3487646337121248,13.821339505120026,39.62941814945707,6.891685514894934,1.0036923195886254,5.887993195306308,1.1,82.21136445892147,1.2598600769621462,,1.006774975073718,0.8607362720795708,1.2114436819477548,1065,5526.0,2.9632296562194824,1.16959810256958,3.494971990585327,2.746435642242432,3.4099667072296143,2.5659847259521484,0.1704642458467397,15027,837,13808,1,1,0,13808,382,0.4424687559994016,0.0246453948739934,0.4065754031303479
737ef6226677,train,259939.0,0.4611873734154152,20.5946266759596,44.65566028714528,7.466751814848869,0.8409665344561609,6.625785280392708,1.101339574245772,76.74674491105813,1.2571155824595113,0.9370425713316364,1.1162766263136998,0.7901326302239664,1.219720119245162,1080,5453.0,2.9004926681518555,1.7532857656478882,4.242326736450195,4.379279613494873,4.037463665008545,4.125709056854248,0.1269233002380537,0,0,0,0,0,0,0,0,0.0,0.0,0.0
73881f55a3ec,train,262116.0,0.6704611264600011,31.94592264223482,47.6476881081944,10.909673579636497,1.2788231164827786,9.63085046315372,1.0052114852325285,86.1301562324379,1.3850262803796694,0.807207352795575,1.1278456002275978,0.8448481016056146,1.3585882022920197,2088,8897.0,3.795230627059937,3.758447647094727,3.4613964557647705,3.376554250717163,3.475935220718384,3.399856805801392,0.1327840278878149,44970,41120,1333,3,1,7,0,2517,1.28762885594305,1.177391562294379,0.038167873359397
73a07e2ea23e,train,216203.0,0.3878275121809234,11.431845836871023,29.47662421519496,7.778337950907249,0.5665971332497699,7.211740817657479,1.1666666666666667,85.78509119746234,1.2685409178044118,0.9689627902499088,1.1202088255264926,0.7133047321478687,1.239986170023604,1050,5044.0,2.776946544647217,1.102432370185852,3.5905840396881104,2.58351993560791,3.510430097579956,2.4938833713531494,0.0785659312467932,280,182,98,0,1,1,0,0,0.1174743024963289,0.0763582966226138,0.0411160058737151
73ba798fee25,train,260208.0,0.2991924059670169,16.598602120685747,55.478019460546,7.851795486687573,1.1217948717948718,6.730000614892702,1.0842336365352916,78.81294964028777,1.2578549434122157,0.9370425713316364,1.0471790559652885,0.840841542357951,1.2038274165938427,1051,5560.0,3.009080648422241,1.5801411867141724,4.216185569763184,4.241703033447266,3.993910551071167,3.919408798217773,0.1666857012334399,0,0,0,0,0,0,0,0,0.0,0.0,0.0
73d40ce06a67,train,258998.0,1.078315828743725,23.705785739479527,21.98408398316621,6.505841743951691,1.1413215546065991,5.364520189345091,1.0518264213340671,78.30011282437006,1.2555246111612373,0.9411764705882352,1.1766968108291045,0.7919599163959581,1.2202286698048148,1113,5318.0,3.4947872161865234,2.502897262573242,3.125307559967041,1.768667221069336,3.169358491897583,1.88598895072937,0.212753706635958,3,0,3,0,0,1,0,0,0.0003442190701954,0.0,0.0003442190701954
73ef3c3dcbe4,train,260657.0,1.263826294698391,21.661860058696337,17.139902967334518,8.760171413006365,1.1401957361590136,7.619975676847351,1.1154402705076238,83.47521281922884,1.368881019177608,1.1028219331407116,0.9145576500621346,0.8383663645602826,1.3445958906560511,1420,7988.0,3.5357182025909424,2.49124526977539,2.9160492420196533,1.4445722103118896,2.9755454063415527,1.5825910568237305,0.1496324640016111,196,0,196,0,0,1,0,0,0.0042882200189425,0.0,0.0042882200189425
74211a2b6dcf,train,248932.0,0.6554875450951516,15.412719202344176,23.513366985648585,9.214564620056883,0.8725274372117687,8.342037182845115,1.0875387911473602,84.64777947932619,1.3621532989049212,,1.0404628525314,0.8022192744649317,1.3541208121094046,1517,7836.0,3.0825955867767334,1.455224871635437,3.091042280197144,1.834494471549988,3.086040735244751,1.8017321825027464,0.1045940479630164,227,0,0,0,0,0,0,227,0.0076972714020596,0.0,0.0
7427dedafccf,train,252991.0,0.9306622053506082,32.02912651124177,34.41541552573895,10.03000106723164,1.6672529852840614,8.36274808194758,1.0279729979625227,89.80352789330274,1.3419783150064308,0.9580433317422292,0.9107186096622084,0.8307701128740711,1.31781533471365,1034,6973.0,4.431033611297607,3.3579745292663574,3.698848009109497,2.766594648361206,3.7540478706359854,2.83476185798645,0.1993666398827811,58812,32253,13396,0,6,10,0,13163,0.6750918075269775,0.3702260774700334,0.1537701464604398
7435e9a3e36e,train,257470.0,0.3925274581970593,10.094723330234176,25.71724122587713,8.234357400862237,0.8715578514001632,7.362799549462073,1.0453976534305682,82.56880733944953,1.382487762136464,0.8199122499151819,1.059599614369762,0.8547742082596175,1.3671311963359265,1527,8611.0,2.5748205184936523,0.843360185623169,2.686868906021118,1.4251043796539309,2.675193548202514,1.3725963830947876,0.1183731603101756,0,0,0,0,0,0,0,0,0.0,0.0,0.0
74418f620068,train,257626.0,0.5038714945041706,19.640187363534015,38.97856413342203,5.872466288340463,1.124110144162468,4.748356144177994,1.0415563211493466,77.83157530693411,1.265684274521069,1.150792911137501,0.9370425713316364,0.8230232457415377,1.2218967967522756,1003,5783.0,2.974085569381714,1.8542211055755613,2.8955633640289307,2.1375985145568848,2.9074418544769287,2.086692571640014,0.2367366958227744,23755,515,7750,6,1,15,0,15490,0.4648356843524039,0.0100774732663223,0.1516512967262105
7455e2b5fc57,train,256375.0,0.5010124786086222,16.727246523481355,33.386886031132654,8.427108727450024,1.0987810823988298,7.328327645051194,1.0747706515200468,80.89368258859784,1.3102866278726677,0.9012626521891643,1.0562865309652951,0.8408385426622805,1.2642405923505655,1009,6490.0,3.0377614498138428,1.479877471923828,3.558018684387207,2.3799612522125244,3.475168943405152,2.276643753051758,0.1499361294443261,164285,65805,61855,6,39,97,0,36625,2.497984172312479,1.0005773409564032,0.9405168516808498
74898f372d2b,train,262144.0,0.4349417741748919,17.029512536357327,39.15354548011221,10.729217529296877,0.830078125,9.899139404296877,1.0531472671048276,88.02279434211866,1.4106671339618646,0.8761117993635433,1.0762328660656286,0.8227503764325762,1.3908823162160646,2224,9827.0,3.185267448425293,1.8038569688797,3.0678954124450684,1.9768569469451904,3.062469482421875,1.9557774066925049,0.0838535645472061,0,0,0,0,0,0,0,0,0.0,0.0,0.0
74eee788edee,train,255202.0,0.446064958696409,13.868102813305136,31.089872770624293,5.764845103094803,1.7025728638490294,4.0622722392457735,1.0786699299027425,84.30649012372477,1.2244989508907684,1.024227584862793,1.0462287486943735,0.92295398901533,1.1444610264030897,709,4607.0,3.187264919281006,1.276042103767395,3.241029977798462,2.1891746520996094,3.206170558929444,1.956071257591248,0.4191183563229478,223156,121717,99888,2,32,106,4217,1551,6.392938420884966,3.4869297073565373,2.8615759064751005
750e0168399d,train,224154.0,1.368563815939424,29.312277910030563,21.41827627519855,7.260633314596215,1.2839387207009467,5.976694593895268,1.0647722250042893,78.00117118875659,1.265851352862568,0.8962581595302719,,0.641001482060719,1.2552217447147382,1188,5123.0,5.842209815979004,4.275443077087402,2.958667516708374,1.6840267181396484,3.161912441253662,2.115664005279541,0.2148242143763529,0,0,0,0,0,0,0,0,0.0,0.0,0.0
75238d945315,train,256215.0,0.4994353588086601,19.44305817026156,38.93007939333834,5.575785961009308,0.9601311398630056,4.615654821146303,1.192569587999888,64.60743293133153,1.1802317149686778,,1.1496833845294103,0.8070633119140121,1.125660215691984,687,4063.0,2.8294148445129395,1.627817988395691,3.795941829681397,3.431282758712769,3.602192640304565,3.172525644302368,0.2080162354134956,0,0,0,0,0,0,0,0,0.0,0.0,0.0
7525ebb3434d,train,250426.0,0.6400135996156248,22.05479538531874,34.45988553768899,7.307148618753644,1.622036050569829,5.685112568183815,1.0110575889431157,77.93525527460139,1.2941034797739834,0.9629138409712988,0.991052042759074,0.8796983407134449,1.2370542128048716,1191,6209.0,3.3308801651000977,1.9510897397994995,3.0176963806152344,1.9507070779800413,3.056199312210083,1.9400185346603396,0.2853129170471307,274407,55039,159136,4,20,22,15932,60232,24.792893367076346,4.972817960294435,14.37806571575456
7526c59c36d3,train,258317.0,0.7713862684093654,25.31585387297374,32.818647297386065,6.009283167580918,1.2353039095375062,4.773979258043412,1.0742342414362491,67.38073807380738,1.259262826479893,0.928828236807605,1.1297713198305297,0.7620189464220671,1.220924129133243,952,5555.0,3.856603622436523,2.98186993598938,2.763190984725952,1.745699763298035,2.8993823528289795,1.980358958244324,0.2587577035355173,287,0,287,0,0,1,0,0,0.0328894593293759,0.0,0.0328894593293759
753b14c27c83,train,261198.0,0.426972130715108,23.84173850696807,55.83909766437702,8.351518771200393,1.8740572286158392,6.477461542584552,1.0128383161949963,85.66467296932278,1.2315305051936511,,1.0008017367345274,0.9698990868970688,1.1464799907884744,877,5183.0,3.62058162689209,1.9627060890197756,4.664868354797363,4.814284324645996,4.365294456481934,4.272346496582031,0.2893196997458478,12383,9036,138,0,10,1,0,3209,0.3548389684997673,0.2589295743651698,0.0039544357306765
7550966ef777,train,255230.0,0.6581212531251112,25.425926461569507,38.63410631526277,7.4771774477921875,1.4837597461113503,5.993417701680837,1.1586154817152334,80.58173545661359,1.2921750013976765,0.9177999171377654,,0.8358915046795548,1.2445471379718471,982,6154.0,3.655762195587158,2.654135704040528,3.230609655380249,2.6246132850646973,3.2901079654693604,2.6226065158843994,0.2475648820030071,28429,495,23689,7,3,42,12935,4245,1.2520892745069974,0.0218011252904064,1.043326983847348
7569ac24762e,train,215020.0,0.478404212268007,22.23435225324035,46.47607960605588,5.206957492326295,1.4338201097572318,3.7731373825690633,1.0293004709313307,73.02250803858522,1.1416421080470007,0.9755372173595076,1.1766968108291045,0.8117544454202773,1.0794959214834297,545,3110.0,3.329136610031128,2.3332347869873047,3.681870460510254,3.831032276153565,3.577499866485596,3.4992144107818604,0.3800073955380253,0,0,0,0,0,0,0,0,0.0,0.0,0.0
756b0d6488bb,train,261639.0,0.5574081864293863,24.40911330185005,43.79037462332328,9.026941702116275,1.4562049235779069,7.570736778538368,1.0469413867610264,82.51995289807667,1.3511664665785272,0.9830783046228486,1.1316702415970965,0.9145513792705684,1.2980255424644374,1204,7643.0,3.099907875061035,2.003933906555176,3.3719427585601807,2.9796462059021,3.320199012756348,2.837064027786255,0.1923465266558965,16630,2197,5936,6,4,24,0,8497,0.4766651895682841,0.062972544887644,0.1701433893732612
757e39293591,train,255145.0,0.8928749506568956,21.5052873430176,24.085441446415285,6.42066276039115,2.0964549569852435,4.324207803405907,1.0930940279648798,76.6365905164139,1.2445672106581116,0.9838699100999074,1.0782571575108482,0.9334625654624478,1.1616898130395146,1057,5209.0,3.3337810039520264,1.989781379699707,3.1581063270568848,1.9433157444000244,3.178422451019287,1.9383307695388796,0.4848182724553611,0,0,0,0,0,0,0,0,0.0,0.0,0.0
75a071608ea6,train,257126.0,0.7820522186747498,25.68354035602013,32.84120899182788,7.039739271796707,0.5752043745089956,6.464534897287711,1.0689762645119654,79.15553180117584,1.264137390723676,1.0988845115895125,0.965152102165156,0.6813009391326246,1.246622104796638,1078,5613.0,3.693482398986816,2.9044744968414307,3.410569190979004,2.531047105789185,3.4232563972473145,2.5506534576416016,0.0889784622789074,18,0,18,0,0,3,0,0,0.0020628173730479,0.0,0.0020628173730479
75a4343b12f9,train,258534.0,0.5558795217841884,21.73544010642763,39.10099087058307,6.653283513967216,1.3735137351373514,5.279769778829864,0.8322397195638239,81.62707588816481,1.2154210327949102,0.9299811099505544,,0.9301402967899348,1.150979951483257,1042,4757.0,3.148881435394287,1.4746966361999512,3.90533709526062,3.290090560913086,3.699256896972656,2.999867677688598,0.2601465201465202,732,0,123,1,0,1,0,609,0.0209870207318506,0.0,0.0035265075819913
75a7bc945b7d,train,261391.0,0.331216704134368,13.755417889075684,41.529964272258994,6.9367346236098415,1.8818551518606224,5.054879471749219,0.9922778767136676,85.08950366151342,1.226898776736743,0.9796027006414902,1.1766968108291045,0.9487091717381562,1.1443744374869094,767,4916.0,3.5710926055908203,1.3441931009292605,3.985835552215576,3.4420645236968994,3.862128734588623,3.0196101665496826,0.3722848709604177,67417,17611,46787,6,16,92,12671,3019,1.933129994870182,0.5049817158826226,1.3415808040997257
75c180e04f65,train,259857.0,0.7201321189077914,25.759211756685943,35.77011923277964,6.721004244642246,1.3380436162966554,5.38296062834559,1.0908042310879456,74.41948991244766,1.2484629020741185,1.0914103126634984,1.109399924112659,0.8054241056357707,1.198645220713241,932,5254.0,3.6021900177001958,3.0081138610839844,3.4623777866363525,2.848469018936157,3.456836938858032,2.8557732105255127,0.2485702030311695,8,0,5,1,0,1,0,3,0.0009165682310576,0.0,0.000572855144411
75ed83dbccce,train,261244.0,0.6900268412475309,28.53430796315441,41.35246088625471,8.433877907243803,1.0411722374485155,7.392705669795287,1.0714285714285714,80.16248153618906,1.3116630167001797,1.0737509843863184,1.0509877084907764,0.7458843408054522,1.2822530241994736,1313,6770.0,3.778747320175171,2.673234224319458,3.415456533432007,2.7731969356536865,3.444724798202514,2.754420518875122,0.1408377776627142,0,0,0,0,0,0,0,0,0.0,0.0,0.0
76095c338728,train,258143.0,0.4919294532142896,23.083791839632426,46.92500456885001,7.066625862409595,0.7937461019667393,6.272879760442855,1.0876952992718776,70.93849982225382,1.2632380025538046,1.2,0.9540133445184108,0.686718630952671,1.2391502450789118,1170,5626.0,4.0247578620910645,2.966830015182495,3.4555935859680176,3.09492301940918,3.4891035556793213,3.067044734954834,0.1265361575989625,174,0,153,2,0,2,0,21,0.0199868132978931,0.0,0.0175746116929749
760b6f4c6d82,train,258611.0,0.4487619517628428,11.674487529606456,26.014878230532503,7.279659411239274,0.4968852833019477,6.782774127937326,1.0501909163700522,79.4578502036979,1.2968550514091188,1.2,1.0379339286249327,0.6901176108252306,1.2764239264255317,1150,6382.0,2.797736644744873,1.2002414464950562,3.1229348182678223,2.057606935501098,3.090341329574585,2.0084009170532227,0.0732569408813636,136820,15750,107957,12,18,141,2761,13113,3.920059663296615,0.4512566854036083,3.093099554674117
762d6e5d5068,train,244288.0,0.5353417241599865,21.509210827150103,40.17846892263172,6.576663610165051,1.0413937647367042,5.535269845428346,0.9582340418294176,80.74608904933815,1.2013515705563849,0.9838699100999077,0.9752559592715426,0.8408467225315063,1.150640689296022,674,4155.0,3.239060401916504,1.5721852779388428,4.075291156768799,2.912046432495117,3.913144826889038,2.7369225025177,0.1881378494305576,118494,89064,22652,8,41,26,16519,6778,3.3931959682781683,2.5504380451223416,0.6486630130929588
7635921c5efb,train,206104.0,0.5191918933227002,18.727702794545383,36.07086904745893,7.896013663005085,1.671971431898459,6.224042231106626,0.8134892168199607,89.93930905695612,1.237008419141929,0.9931270663228416,,0.8940068310619729,1.1833602728266197,822,4284.0,3.7088234424591056,1.7579033374786377,4.233096122741699,3.7173023223876953,4.078735828399658,3.3944427967071533,0.268631119426255,0,0,0,0,0,0,0,0,0.0,0.0,0.0
763ad1236efe,train,257898.0,0.8948665952527245,32.71935980158226,36.56339389039524,8.19859014028802,1.0069872585285655,7.191602881759455,1.0899135135227518,80.70529749883487,1.3007980624023034,1.060430864638069,1.017512729476821,0.7261759352744576,1.2741688786190968,1194,6437.0,4.2736639976501465,3.956735134124756,3.2886977195739746,2.490134954452514,3.3650503158569336,2.6541614532470703,0.1400226451717258,5,0,3,0,0,1,0,2,0.0005725186469323,0.0,0.0003435111881593
76516f828d88,train,255210.0,0.8853882694859037,23.98716025958677,27.092249904682827,5.8504760785235685,1.3240076799498453,4.526468398573724,1.0238702938524806,78.39036755386566,1.2230565901594452,1.2979650903611308,,0.832242660816718,1.1667074127982244,880,4734.0,3.1297969818115234,1.8616753816604612,3.2493155002593994,2.018397092819214,3.2163357734680176,1.977530598640442,0.2925034626038781,17,0,0,2,0,0,0,17,0.001944650666386,0.0,0.0
7663aba8d762,train,252475.0,0.3924592280025495,13.868102813305136,35.336416686869306,7.115952074462818,1.5775819388058223,5.538370135656995,1.091525487826815,75.70890018029831,1.2949908877560157,,,0.9339961568737108,1.2316429110588467,1030,6101.0,2.909679412841797,1.151173710823059,3.248052835464477,2.549084424972534,3.1673519611358643,2.3038251399993896,0.284845884288064,26116,7224,14623,4,11,35,0,4269,0.747457054705522,0.2067556196658252,0.4185198541491365
767d777ee889,train,217048.0,0.6205026725154883,26.30326106155804,42.39024620945768,10.613320555821751,1.741550256164535,8.871770299657218,1.099567496372258,88.93095366864972,1.2970721529279703,0.988104929322464,1.0168280966565009,0.8453103043863445,1.2702842030199657,1046,5547.0,4.537665367126465,3.205653190612793,4.375648498535156,3.946585893630981,4.362679958343506,3.8266797065734863,0.1963024511840465,5174,751,4423,0,2,1,0,0,0.3465092574361529,0.0502954101922208,0.296213847243932
76b950c6ed5e,train,220701.0,0.4147133283043281,18.003679998665586,43.41234961576635,6.928831314765225,0.9709969596875412,5.957834355077685,1.098113733811159,80.67265607002994,1.2198401302612665,0.9146591207600472,1.074287371169676,0.7997560068598409,1.1769636740019829,1013,4341.0,3.152015686035156,1.7898526191711426,4.147005081176758,4.237786769866943,3.9725501537323,3.972250461578369,0.1629781732451136,0,0,0,0,0,0,0,0,0.0,0.0,0.0
76be29bb30b2,train,261285.0,0.5099770643031208,18.87322111171488,37.00798022653228,9.06864152171001,1.3242245058078344,7.744417015902176,0.9671133152513398,83.25346784363178,1.3591200649852857,0.8962581595302719,0.9775873021665674,0.8567834760625368,1.3193420323938208,1635,7930.0,2.969571590423584,1.7218157052993774,3.244863986968994,2.555441379547119,3.197039842605591,2.4506750106811523,0.1709908574252532,1341,272,107,4,1,1,0,962,0.0384439516712798,0.0077977291980522,0.0030674890595279
76c0c7e1b6cb,train,252780.0,0.2823449543712264,10.292001957831248,36.4518713668931,7.84437059893979,1.3054830287206267,6.538887570219163,0.9792592966471768,81.35931267259896,1.308278483987956,0.8956389883189337,1.0242133356714762,0.8734201574921997,1.2571243066187752,1126,6518.0,3.004265546798706,1.0572974681854248,3.24731707572937,2.3253014087677,3.205763339996338,2.1649489402771,0.1996491015790429,14499,9988,1616,4,16,1,0,2895,0.4152818210876895,0.2860773038846708,0.0462856350698466
76cab26493f1,train,247229.0,0.1559423113512139,4.31585091403489,27.67594552523153,3.0558712772368937,0.0088986324419869,3.0469726447949066,1.116312611302876,77.22567287784679,0.982772552812804,0.953998092005724,1.116312611302876,0.4041620266830931,0.9809378424873636,160,1449.0,2.444444417953491,0.3975231945514679,4.958467483520508,2.7751588821411133,4.942852020263672,2.7737457752227783,0.0029204832072215,0,0,0,0,0,0,0,0,0.0,0.0,0.0
76cb010f7aa0,train,224866.0,0.7401718877836589,30.76797136679382,41.56868407813245,7.681463627226882,0.9721345156671084,6.709329111559773,1.0270075586613008,80.73660252431202,1.2402060874431151,0.9577042613611466,,0.6372988016142013,1.231975452403027,1093,4833.0,5.237281322479248,4.294672012329102,3.7183823585510254,3.5611796379089355,3.8271753787994394,3.633413076400757,0.1448929541989792,0,0,0,0,0,0,0,0,0.0,0.0,0.0
76cfe8967f7d,train,223581.0,0.7643888866850961,26.30326106155804,34.41083657773552,8.404560315948135,1.111006749231822,7.293553566716313,0.9363892446617744,84.85691573926869,1.2587596421391345,1.0486376559959645,1.1067971810589328,0.8243800456087169,1.2300073123323907,889,5032.0,3.1698129177093506,2.0897045135498047,4.268344402313232,3.809406995773315,4.09995698928833,3.624898433685303,0.152327221438646,34968,22902,7575,2,12,18,3982,4491,1.142374386351096,0.74818857802027,0.2474687135841212
76df141d966b,train,226518.0,0.6730268278799958,34.163454480572874,50.76091036101223,12.936720260641538,1.6572634404329898,11.279456820208548,1.034664633559897,92.85815703535424,1.361225492739039,1.0213243599737851,0.9985719627301324,0.904898246692854,1.3193001038037648,1472,7043.0,3.788577318191528,2.86533260345459,4.782989025115967,4.880173683166504,4.615570545196533,4.63940954208374,0.1469275929549902,337,337,0,0,1,0,0,0,0.0225937792688331,0.0225937792688331,0.0
76e589911303,train,254798.0,0.691769991998579,27.38632717111295,39.58877587620078,8.043234248306502,1.1872149702901906,6.856019278016311,0.9647638212377322,83.7495723571673,1.2843004275898084,1.0536089137432665,,0.8171461613591937,1.2484073976851875,955,5846.0,3.961692094802856,2.984323024749756,3.6479837894439697,2.68456506729126,3.677110195159912,2.7169673442840576,0.1731638903199954,3763,330,2311,0,1,2,0,1122,0.1077215111241139,0.0094467442654684,0.0661558363560529
76e5b50f95a7,train,258498.0,0.9290228864714908,22.449225143498968,24.16434026589276,5.429829244326842,1.889763170314664,3.540066074012178,1.0077937804874906,79.00305666588291,1.1810417904481445,0.8746097183218543,1.2374368670764582,0.927758516960984,1.0753759948652306,810,4253.0,3.1458163261413574,1.6662805080413818,3.441744565963745,2.169001579284668,3.309246778488159,2.000544309616089,0.5338214402797509,0,0,0,0,0,0,0,0,0.0,0.0,0.0
76e6a9238570,train,247071.0,1.0210660794726,28.07882484342782,27.49951781566484,6.016893929275391,1.1891318689769337,4.827762060298457,1.061910643081971,75.57219251336899,1.2209451865028451,,1.073232323232323,0.8549021094099241,1.1578608947205,681,4675.0,3.081150531768799,2.069953680038452,3.3431203365325928,2.0878400802612305,3.2815070152282715,2.076586961746216,0.2463112005365526,113143,45740,53913,3,11,22,35305,13490,2.2110031325296498,0.8938359711330456,1.0535500374222977
76f3473df8a6,train,221296.0,0.5901109698070071,21.11151589559362,35.77550151710964,5.749765020605885,0.7049381823440098,5.044826838261876,1.077905301220543,73.48937186529734,1.220516261284336,0.8629109946080097,1.1043152607484654,0.6886325637814009,1.1972101342517083,959,4187.0,4.4865570068359375,2.834124088287353,3.079334020614624,2.2116832733154297,3.1656196117401123,2.274991512298584,0.1397348620566105,17,0,0,1,0,0,0,17,0.0011397906271664,0.0,0.0
76fe19ff64fb,train,254266.0,0.8187622084920295,27.342489175452386,33.3949086705051,7.284497337434026,0.8380986840552807,6.446398653378745,1.0597418505957932,75.09162879343205,1.32021418206455,0.9676859950268466,1.042334545247703,0.7268908545570124,1.2987898959223956,1248,6821.0,3.2953670024871826,2.4368607997894287,2.8731284141540527,1.970426321029663,2.9101550579071045,2.0148260593414307,0.1300103715453602,26451,5950,461,6,5,3,0,20040,0.5173972907402687,0.1163855385393595,0.0090174341624613
772af553b8b7,train,222349.0,0.8329361897092691,20.45428587260787,24.5568461609854,8.951693059109777,1.105019586326001,7.846673472783777,0.9590435368487746,85.9147517979302,1.3107393488985686,1.0739434959940208,1.0399838179943248,0.7740263909909302,1.2958281689885705,977,5701.0,3.876653432846069,2.5464084148406982,3.5101358890533447,2.047001838684082,3.5423061847686768,2.098666191101074,0.1408265031237462,359330,341573,8601,7,46,30,0,9156,13.016972091377092,12.37371276589193,0.3115770377033211
77543f66a84a,train,261864.0,0.6586408624148209,14.07018131366138,21.36244821202695,6.589298261693092,1.4343323251764275,5.154965936516665,0.9825113063742752,82.22976796830787,1.2467749553092984,0.9825113063742752,0.9404210530221097,0.8730002447883592,1.1876956017713824,875,5301.0,3.5305747985839844,1.5513293743133545,3.2492752075195312,1.7557357549667358,3.290584087371826,1.712865114212036,0.2782428328024298,76523,49209,25678,0,23,11,995,1636,63.76172779842352,41.0027163497592,21.39583715233223
77a1f1398fdb,train,262144.0,0.5377572432103399,14.114832490480891,26.2475915828064,8.364486694335938,0.772857666015625,7.591629028320312,1.0054666609932488,83.27641031680604,1.3683618970019154,0.8331080776640382,,0.7840046907481615,1.3429909988414472,1786,8491.0,2.8420815467834477,1.2856757640838623,2.810704231262207,1.5566706657409668,2.8069193363189697,1.5279072523117063,0.1018039294507813,0,0,0,0,0,0,0,0,0.0,0.0,0.0
77a9538b8362,train,256162.0,0.2350482525503331,13.278881696548597,56.49427958927311,8.465346148140629,1.182064474824525,7.283281673316105,1.2403473458920846,83.17950649839895,1.2540618091815492,1.2403473458920846,1.131370849898476,0.8676648264075852,1.207152455065788,848,5309.0,3.188833236694336,1.2947883605957031,4.482964038848877,5.110342979431152,4.248907566070557,4.6914472579956055,0.1622983330653374,2098,1274,0,0,3,0,0,824,0.0601509105494605,0.0365263393899011,0.0
77ab222bf85c,train,219234.0,0.4819578895667752,26.87870860831418,55.76982800815866,10.33963710008484,1.1334920678361933,9.206145032248648,1.0868438944979817,85.86727863836298,1.2757775429290767,0.9443540661963298,1.0442654888124754,0.7500716838350447,1.250811734677515,925,5229.0,4.471668243408203,3.402104139328003,4.702505588531494,5.457324981689453,4.674409866333008,5.270871162414551,0.1231234207005896,0,0,0,0,0,0,0,0,0.0,0.0,0.0
77acc2cafee1,train,257025.0,0.8022665673421934,26.491621003816125,33.02097093685392,6.896605388580877,1.6282462795447914,5.268359109036086,1.0107478819989435,84.43620963472736,1.272873522576201,1.116880781646981,1.044769541575989,0.9126197874480524,1.2183751528844204,1159,5667.0,3.182875871658325,2.096984624862671,3.2947888374328613,2.315978765487671,3.250556945800781,2.2557082176208496,0.3090613691750978,2,0,2,0,0,0,0,0,0.0002288578277959,0.0,0.0002288578277959
77b7b71ebcc3,train,258690.0,0.423121327300945,20.79450353777431,49.14548663954304,8.237658974061619,0.7549576713440798,7.482701302717539,1.0680002876950638,80.94869012556192,1.3078229716862722,,1.0647590970979652,0.7273054185248687,1.2876435882425348,1240,6451.0,3.4898414611816406,2.5147628784179688,3.58644437789917,3.313876152038574,3.57193660736084,3.2509326934814453,0.1008937335330888,30,0,30,0,0,2,0,0,0.0034371741845304,0.0,0.0034371741845304
77e15f213b04,train,211936.0,0.5214423532019585,18.25653498024804,35.0116074540979,7.251245659066888,1.3471047863505965,5.904140872716292,1.125,81.43996013951171,1.21930074073273,,1.067992104589992,0.8597811891118314,1.1659180052997034,683,4014.0,3.19933819770813,1.859486103057861,4.164474964141846,3.64769983291626,3.961718797683716,3.373175621032715,0.2281627107807879,3994,3994,0,0,1,0,0,0,0.2677894962687818,0.2677894962687818,0.0
77e7c7a160c8,train,258527.0,0.7585858143666044,18.431998978926572,24.29784294650529,7.167916697288871,1.1712509718520696,5.996665725436801,1.0552354521492908,79.12163321324412,1.2802904060779587,1.1111111111111112,1.0539303728279354,0.8238060431949695,1.2329248193501137,1049,5829.0,3.0276198387146,1.694401741027832,3.2411677837371826,1.8537977933883667,3.2050302028656006,1.8271385431289675,0.1953170354125008,2198,1100,316,7,3,2,168,782,0.2521093223099545,0.1261693605736806,0.0362450163102573
77f69c7ff324,train,237087.0,0.6309440515890871,13.278881696548597,21.04605259864894,6.033650094690978,1.9613053436080423,4.072344751082936,1.1094003924504583,84.1521020311762,1.2198933806917398,0.8797513153322956,1.1094003924504583,0.9344843561417132,1.1300796081973787,810,4234.0,3.49014949798584,1.359853744506836,3.456001043319702,2.004638910293579,3.3860905170440674,1.798270583152771,0.4816157431382703,50287,27878,22209,0,22,5,20352,200,1.8705386535335535,1.036985236407191,0.8261139649676198
780be525036d,train,259708.0,0.6988251183403412,25.836209638476305,36.97092299692292,8.045574260323132,1.1039321083678593,6.941642151955273,0.9203579866168444,80.7319013524264,1.3034780431754758,1.0141803161680976,0.9933333665710756,0.792849160739135,1.269451155251126,1182,6285.0,3.608815670013428,2.737654685974121,3.5543782711029053,2.994360446929932,3.549264430999756,2.95806622505188,0.1590303971599733,8,0,0,1,0,0,0,8,0.0009153600854946,0.0,0.0
780f9c237c56,train,248147.0,0.6532166011817171,22.40899525135436,34.305611968242744,6.583597625600954,1.9879345710405525,4.595663054560402,,83.86834620073141,1.2467309929578152,0.9722718241315028,0.9415045990092812,0.9516862803584792,1.167384998760799,1010,4922.0,3.1044888496398926,1.4962815046310425,3.704302072525024,3.084613561630249,3.517165422439575,2.7104086875915527,0.432567520168362,0,0,0,0,0,0,0,0,0.0,0.0,0.0
780f9daaa24b,train,257821.0,1.2813009759181675,33.34018189700172,26.020570126476706,5.898278262825759,1.1248114001574736,4.773466862668285,0.99183760723509,73.98125119571456,1.2458747110312345,,0.8995114626884497,0.7264544588490195,1.2181157384864594,906,5227.0,4.505959987640381,4.283022880554199,2.831624984741211,1.56750750541687,3.0224533081054688,2.112769842147827,0.2356382546518241,68,0,68,0,0,2,0,0,0.007793865998228,0.0,0.007793865998228
7828dd083cdc,train,259157.0,1.2592005691144414,33.471893966938474,26.581860577205955,7.183290437842698,0.8855635772909858,6.297726860551712,0.912357598803905,79.04181758314125,1.2846067154843184,1.039555396378104,1.1067971810589328,0.7065858035218398,1.261127129587622,1334,6074.0,3.743896007537842,3.369402408599853,3.1148407459259038,1.7789305448532104,3.1727094650268555,1.9941755533218384,0.1406163838000122,0,0,0,0,0,0,0,0,0.0,0.0,0.0
7831ce1d895e,train,258914.0,0.2032295037784282,10.71946267093123,52.74560273796744,7.613725020663232,0.882918652525549,6.730806368137682,1.0283825438569263,79.55052005943537,1.2480169050417378,,1.0271696388325833,0.8360287829499785,1.20772601641982,1218,5384.0,2.9088475704193115,1.1006929874420166,4.4334917068481445,4.882009506225586,4.209312438964844,4.565814971923828,0.1311757617490101,0,0,0,0,0,0,0,0,0.0,0.0,0.0
784d6d302f98,train,258819.0,0.6043347819188019,23.6357597179879,39.11037462206435,7.943002638909817,1.3097956486965794,6.633206990213238,0.9906628937133568,82.78263686426952,1.2892785932292434,0.9761870601839528,,0.8367809185587376,1.2467114081198214,1234,6174.0,3.572981119155884,2.646003246307373,3.419205665588379,2.6772751808166504,3.404977560043335,2.647360324859619,0.1974603914259086,23,0,23,0,0,1,0,0,0.0026386768068339,0.0,0.0026386768068339
7877be80901c,train,256498.0,0.4973027337885173,24.89179994299094,50.05361573897242,7.6238411215682,0.792598772699982,6.8312423488682175,1.0496781760299871,82.9283586769086,1.3025036996320536,1.0289915108550531,1.05203663352761,0.7218473507524578,1.2744125117233518,1267,6379.0,3.3166370391845703,2.580946922302246,3.341132164001465,3.309443473815918,3.3395044803619385,3.2477867603302,0.1160255678575505,61477,27157,22728,5,8,68,0,11592,1.2030825308314728,0.5314526130063325,0.444778693832453
788ddb0b70b7,train,254217.0,0.3968271906451013,11.297957460592732,28.47072410090204,6.567617429204184,1.8315061541911044,4.736111275013079,0.967284931345622,87.90689534476724,1.279020792919082,,0.9203579866168444,0.9560462825514462,1.2080578783772564,1021,5714.0,2.938345193862915,1.0440527200698853,3.1059889793396,1.8925979137420652,3.03671669960022,1.6850988864898682,0.3867109634551495,144854,81152,57826,2,37,5,57281,5876,4.7766621731778285,2.676044076640805,1.9068528782510743
78937523f7a8,train,224004.0,0.8764314618096696,23.647604950013385,26.98169335590194,8.561900680344994,1.3330119105015985,7.228888769843396,1.0,85.67866604332242,1.3449316232037514,1.028991510855053,1.0,0.6972398415020019,1.332457825874764,1244,6417.0,5.710159778594971,3.8618106842041016,2.9030601978302,1.8124241828918457,3.086838960647583,2.129173517227173,0.184400666954857,0,0,0,0,0,0,0,0,0.0,0.0,0.0
789434d095d1,train,253053.0,0.7192585437044812,23.769503821352806,33.047231804755434,6.497453102709709,1.30367946635685,5.193773636352859,1.0854293496425746,78.95460797799174,1.271879425000339,1.0524696231684352,1.0,0.7730465004902185,1.2404133890495452,950,5816.0,3.9857311248779297,3.238499879837036,2.841322422027588,1.721910834312439,2.9881207942962646,2.020598888397217,0.2510081412158563,104664,61243,8685,6,25,18,3260,34736,2.0463478310343595,1.1973981523354476,0.1698055770134278
789c60cba801,train,228516.0,0.6514149816504365,29.32580019297226,45.01861489072893,6.967564634423848,1.567505119991598,5.400059514432249,,77.7126786969768,1.2206488454088749,0.9081532183729996,,0.8554518158363329,1.1582087443085622,732,4267.0,3.872197389602661,3.221535444259644,3.826395034790039,3.3990631103515625,3.824914932250977,3.3548989295959477,0.2902755267423014,0,0,0,0,0,0,0,0,0.0,0.0,0.0
789f0ec1eab8,train,259659.0,0.6547401457792883,24.515157982615104,37.442576479614736,6.049087457010926,1.166144828409568,4.8829426286013575,,72.78784093275037,1.2214924101277074,1.0786387432600122,1.0919532494235424,0.8328969514448598,1.1612673146704595,916,4803.0,3.144992589950561,2.0716943740844727,3.478685140609741,2.7076237201690674,3.399488925933838,2.5963165760040283,0.2388200962220995,0,0,0,0,0,0,0,0,0.0,0.0,0.0
78a577c3e0bf,train,262132.0,0.5859962508564883,11.055657497866637,18.86643042802366,7.626310408496483,0.8648314589596081,6.761478949536874,0.9619428089894516,85.16193823750942,1.353639946923476,0.8957630045089214,0.9682857469918384,0.8350501376681796,1.3213811860196436,1603,7966.0,2.7443630695343018,1.0790280103683472,2.7002499103546143,1.2620458602905271,2.703722715377808,1.2403022050857544,0.1279056646355224,22154,7631,7902,4,8,38,0,6621,1.0493349412336437,0.3614460113999247,0.3742820576703192
78b3f819dcc5,train,233523.0,0.6978782847259954,16.26327428043052,23.303883551579325,3.9131049190015545,1.2118720639936966,2.701232855007858,1.0213243599737851,79.98096446700508,1.146148272635694,0.8802137472490511,1.0213243599737851,0.8833490760628955,1.0726878904851525,500,3152.0,3.0027999877929688,1.250009536743164,3.0682806968688965,2.043855667114258,3.0293610095977783,1.831693649291992,0.4486366518706405,25726,11320,14053,1,7,31,0,353,1.0411114793811282,0.4581117136979853,0.568714126554575
78bcdffb8785,train,251975.0,0.9415705268396274,25.246566100894825,26.813250182792665,6.808215100704435,1.0949498958229984,5.713265204881437,1.0800489382684069,78.97983749623833,1.32250577377876,1.0963225241337866,0.966304577483236,0.8348050430002405,1.284621530569887,1052,6646.0,2.944187879562378,1.942184567451477,2.710054874420166,1.3475626707077026,2.7404706478118896,1.4399055242538452,0.1916504584606835,6354,2389,3313,7,2,2,3019,652,0.3939473224106055,0.1481177452374782,0.2054056467022876
78d53c82a23e,train,262034.0,0.6983730422605874,13.346410249100844,19.110717970870404,6.10607783722723,1.0273475961134817,5.078730241113749,1.1094810030722002,68.84685047293218,1.219625269714757,1.034792955221957,1.1320126769200527,0.8664301558316557,1.1638402094136413,895,4969.0,3.0290191173553467,1.3608016967773438,3.351166009902954,1.5952914953231812,3.2861695289611816,1.5576692819595337,0.2022843402464683,7831,700,7072,7,11,149,0,59,4.379582454825594,0.3914835548943833,3.955102428875827
79059d0592c4,train,235181.0,1.0455198271882633,17.570591365029678,16.805603211067368,5.789158137774735,0.7436825253740735,5.045475612400661,0.9768703970074556,76.05521104220844,1.267961100023412,0.8930806222350903,,0.7983991493502056,1.240075539683709,761,4999.0,2.883074283599853,1.5285887718200684,2.8474462032318115,1.3672058582305908,2.849403381347656,1.3862309455871582,0.147395921119164,118629,3757,96764,9,7,97,4783,18108,2.3198552576463176,0.0734701987117586,1.8922731722503623
79540be95177,train,247763.0,0.7501485220968324,20.40128395135945,27.196326261275978,6.148214220848149,0.7515246425010998,5.39668957834705,1.1205004896047437,76.27535341118623,1.234123584106655,0.8915786895268649,1.0643041683803829,0.7884188650105545,1.2071825002879286,780,4881.0,3.341302394866944,2.0325677394866943,3.2785799503326416,2.020344018936157,3.2846364974975586,2.0200741291046143,0.1392566001047042,122648,77536,9062,18,40,3,8001,36050,2.39935364095381,1.5168309626328569,0.1772792274992126
799214e8b07c,train,259576.0,0.5489050931438922,18.118414398458707,33.00828253329592,6.869279132123155,0.8980028970320831,5.971276235091072,1.006230589874905,77.70331461691723,1.2545715265916422,,1.0769230769230769,0.792096841297205,1.2124011310166327,1090,5521.0,3.0832512378692627,1.827464938163757,3.512480974197388,2.6768295764923096,3.44380259513855,2.570995807647705,0.1503870967741935,4,0,4,0,0,1,0,0,0.000458048484432,0.0,0.000458048484432
799cb4c816ae,train,256332.0,0.3333425144844763,11.72919462693023,35.18661471990683,8.208495232745033,0.8687951562816971,7.339700076463337,1.0186355235648097,84.42195160525067,1.294416010169435,0.971285862357264,0.9872572819371036,0.8303649764717328,1.2633151474644535,1175,6323.0,3.0478410720825195,1.173760175704956,3.6682217121124263,2.732994794845581,3.583646535873413,2.6089532375335693,0.1183692994578505,13790,5755,4889,7,6,9,3265,3146,0.3946928551148073,0.1647177216233296,0.1399313537821822
79ade634c633,train,220818.0,1.270012264244924,31.76848689449294,25.01431504945399,6.348214366582434,1.8164280085862563,4.531786357996178,1.030650602241329,83.47037142047066,1.1877057407910767,1.9949173996614704,1.028991510855053,0.865957422478162,1.122481061926478,742,3527.0,4.321290016174316,2.92371678352356,3.811315059661865,2.736660480499268,3.916449785232544,2.776245594024658,0.4008194264015189,2220,2139,0,0,2,0,0,81,0.1496477211752873,0.1441876016188917,0.0
79be2ff796bf,train,254083.0,0.4535243597389058,16.797011648154218,37.0366250179467,6.959143272080383,1.0913756528378522,5.867767619242531,1.1739421419643614,79.719703215169,1.285365924227177,,1.2,0.8778569738823341,1.238379064619307,993,6065.0,2.8218469619750977,1.385119080543518,3.1364243030548096,2.38909912109375,3.0839192867279053,2.264490842819214,0.1859950365551009,245519,26058,206444,6,17,325,0,13017,4.802794521051728,0.5097414848934948,4.038417035357765
79cbae28d8b2,train,259505.0,0.7375494266486251,21.118802883517443,28.633745916500622,7.823741353731142,1.1795533804743648,6.644187973256777,0.9942297641185008,80.83047143303153,1.2963317406823671,0.9984603532054124,1.0285961314645944,0.8238634722508518,1.2519684083902771,1510,6406.0,3.0948989391326904,2.0525951385498047,3.383827209472656,2.360451459884644,3.304410696029663,2.298040866851806,0.177531608862081,55,0,0,2,0,0,0,55,0.0063053726360584,0.0,0.0
79ce83c07588,train,259677.0,0.3051308634942188,11.940702347989491,39.13305331112704,6.156879508004175,1.382101610847322,4.774777897156852,1.079236863840014,80.87343307723413,1.228594778422024,,1.0536089137432665,0.9090448902243692,1.1611811016536149,750,4946.0,2.792376756668091,0.9847824573516846,3.6109907627105713,3.219886064529419,3.3844330310821533,2.8381805419921875,0.2894588273247843,9720,8884,0,0,3,0,0,836,0.2784551354919145,0.2545057020277951,0.0
79d44db3da2d,train,245779.0,0.4392403528992489,14.701717655965444,33.470780994790935,6.450510417895752,0.9508542226959992,5.499656195199752,0.9636791806146248,77.16573647173016,1.1917108934824463,0.7912240535768487,0.9636791806146248,0.8323741072409323,1.1425189708446633,662,4121.0,3.264362573623657,1.293865203857422,4.084295272827148,3.035731315612793,3.9409432411193848,2.836965560913086,0.1728933935044758,119179,24558,91190,0,6,64,7074,3431,1.3565883531393708,0.2795383144379183,1.037995720074671
7a06ea127e02,train,260597.0,0.7330661805767081,26.75928629176347,36.5032339518265,7.807457491836053,1.1999370675794423,6.60752042425661,1.015128094808628,77.15545395166558,1.287257031500232,0.9850365626224086,1.0415875745972227,0.8037070117728226,1.2505784467719454,1171,6124.0,3.7125320434570312,3.0068438053131104,3.451707363128662,2.8405537605285645,3.479698181152344,2.854708433151245,0.1816017190313026,0,0,0,0,0,0,0,0,0.0,0.0,0.0
7a0cff4c24b2,train,249035.0,1.1498193882589194,28.921078988081465,25.15271466406073,5.910815748790331,1.1809584998092637,4.729857248981067,1.123841730600676,80.02002002002003,1.242506692073187,0.9707253433941512,1.116312611302876,0.7738041193297059,1.203306987504433,842,4995.0,3.781592845916748,3.0916824340820312,2.9412050247192383,1.5476977825164795,3.046412706375122,1.8438198566436768,0.2496816368112742,204785,33028,169031,1,15,200,8845,2726,4.004788889338679,0.6458977339017891,3.3055813206719544
7a12f49e29df,train,254434.0,1.068359955160951,17.873982567328877,16.730300008891778,6.817878113774103,0.9416980435004756,5.876180070273627,1.028591269649903,81.74382941434204,1.3174977639414742,1.028591269649903,1.086575709569963,0.7961430390782703,1.3021621864691868,1110,6847.0,3.1110153198242188,1.494455099105835,2.698991060256958,1.2248814105987549,2.7402024269104004,1.2604238986968994,0.1602568390074242,39,0,0,1,0,0,0,39,0.0010981352818195,0.0,0.0
7a238a1d3cf3,train,255996.0,0.5899685025017205,26.37803992303412,44.71092916177706,6.764168190127971,1.5004140689698278,5.263754121158143,1.0495697051587212,79.92597430873067,1.2177517432989364,1.0228166239135177,1.0329384371514128,0.9394452742848892,1.1575307072309289,626,4593.0,3.711651563644409,2.120344400405884,3.834692478179932,3.484111785888672,3.793529987335205,3.2342076301574707,0.2850463821892394,68634,66677,472,1,2,1,0,1485,1.966468550943552,1.9103975226748144,0.0135235183151988
7a39c91416e2,train,258810.0,0.7699242766240522,28.473851815645048,36.98266528300237,6.547660445886944,1.483327537575828,5.064332908311116,1.0302042296151677,71.82258665672754,1.265425767613126,1.0932163332202425,1.0302042296151677,0.8579698283477972,1.2081761145838918,933,5366.0,3.569547176361084,2.6744184494018555,3.2232770919799805,2.660928010940552,3.27646803855896,2.653623580932617,0.2928969253070878,37,34,1,0,1,0,0,2,0.0042304134714658,0.0038874069737794,0.0001143354992288
7a3ea1779b13,train,251999.0,0.2555134843860262,12.156881418749704,47.57823818168146,6.683359854602598,1.0289723371918142,5.654387517410783,0.9672686212790942,79.75621414913958,1.1984993048910544,1.0490994977110422,1.1597648300141865,0.929406822613256,1.1374983404636,555,4184.0,3.1783523559570312,1.217398166656494,4.830576419830322,5.134594917297363,4.494800567626953,4.670332431793213,0.1819776826443961,23821,253,22561,1,1,16,0,1007,0.6827127032253238,0.007251010197557,0.6466009528343282
7a42443ed106,train,258777.0,0.8693802178262007,22.619638203252784,26.018119275604125,7.391692461076525,0.6488211858086306,6.742871275267895,1.034647968890691,83.37511751801944,1.3003188247132509,0.7851358838853206,1.0881068463253007,0.6800053536269312,1.2795324973133604,1189,6382.0,3.428261041641236,2.5276968479156494,3.0504987239837646,1.7289226055145264,3.0666205883026123,1.786689043045044,0.0962232792710184,25,0,0,1,0,0,0,25,0.002870079535644,0.0,0.0
7a46cfa69bae,train,256291.0,0.4827479952025708,15.01250261278824,31.09801130606185,6.559730930855941,1.26457815530003,5.295152775555911,1.192569587999888,74.25666602723959,1.2465875235407915,1.028991510855053,,0.8483348990526458,1.1875478172446117,1062,5213.0,2.849917411804199,1.2305173873901367,3.434164762496948,2.394423484802246,3.308856725692749,2.2180583477020264,0.2388180679389875,0,0,0,0,0,0,0,0,0.0,0.0,0.0
7a6495a39d87,train,262129.0,0.4761310005160907,19.81189808619705,41.61018304777976,9.267955853797176,0.5863525210869457,8.68160333271023,1.0194915803824942,82.03722590515044,1.353912155653178,0.9126362278141088,0.9485968676751974,0.7494982216929258,1.330710134446567,1485,7844.0,2.89916729927063,1.683744192123413,3.410430669784546,2.933184862136841,3.419195413589477,2.9682536125183105,0.0675396581271696,96,0,31,0,0,2,0,65,0.0077084782018689,0.0,0.0024891960860201
7a6e384a0846,train,251564.0,0.96770973445814,13.48365604308112,13.933574875767029,5.915790812675899,1.61112082809941,4.304669984576489,0.955283884753517,79.87012987012987,1.2793402146416692,0.9143271813113512,1.0721914029279755,0.9362320513058268,1.2299375573296765,961,5698.0,3.1492249965667725,1.2238863706588743,2.641700029373169,1.0447443723678589,2.752560615539551,1.1137031316757202,0.3742727860374919,43388,26329,16886,1,12,17,13850,173,0.9484856102919476,0.5755664615418247,0.3691372733334062
7a77c3eb468c,train,257316.0,0.8824207393095954,28.73723776897938,32.56636714076252,6.925336939793872,1.1705451662547215,5.75479177353915,1.218135167823798,78.36338418862691,1.280411366052136,0.9299811099505544,1.1921535798015237,0.7880798440309199,1.2451957350358636,1131,5768.0,3.5301759243011475,2.714054822921753,3.2136988639831543,2.342541456222534,3.247962236404419,2.392101287841797,0.2034035656401945,7,0,7,0,0,0,5,0,0.0008022085948628,0.0,0.0008022085948628
7a9f45fdf29b,train,259014.0,0.8825657850729776,23.43897329881121,26.557763393097197,6.857158300323535,1.4338993259051631,5.423258974418372,1.017119190127291,75.04204507231752,1.2809746881015516,1.025229189260113,1.0753742739441765,0.7927979662659864,1.237281703782548,1040,5946.0,3.954737901687622,2.848264455795288,2.891566514968872,1.7695940732955933,3.0281262397766118,1.9717506170272827,0.2643980921193137,38,0,26,1,0,1,0,12,0.0043447042628408,0.0,0.0029726923903648
7aabd768abff,train,257460.0,1.5876311351177683,34.679453837546454,21.84352087235552,9.71063466169502,1.677542142468733,8.033092519226287,0.9945768443719876,88.02067183462532,1.4197208031702957,0.8557169633109855,0.9320675836461562,0.8710547275412549,1.3947837634314997,1586,9675.0,3.715621471405029,2.5035059452056885,2.6378798484802246,1.3414454460144043,2.7536416053771973,1.547755479812622,0.2088289333720143,0,0,0,0,0,0,0,0,0.0,0.0,0.0
7ad0c4975890,train,259112.0,0.4554378342617622,23.916450249522747,52.51309498318227,7.750702398962611,1.3889746518879866,6.3617277470746245,0.9228989487839544,80.45777700710941,1.2827583710476411,0.9665953493282832,0.9918761351019192,0.8910551854912853,1.230635288847166,911,5767.0,3.462770938873291,1.9587559700012207,3.807225227355957,3.791762828826904,3.7277071475982666,3.5378777980804443,0.2183329289007522,1539,1093,0,1,1,0,0,446,0.0441292853292348,0.0313406815236216,0.0
7adfb8fc0621,train,260451.0,0.6129072636801214,20.457976400364075,33.378583698823924,8.442662919320716,1.0623879347746794,7.380274984546038,0.9370425713316364,81.28058157416469,1.3294121084191912,1.094540909230988,1.1000246497945518,0.760621753494042,1.3006395873560392,1380,7153.0,3.4791741371154785,2.448560237884521,3.228477716445923,2.4804601669311523,3.2344470024108887,2.454386711120605,0.1439496410363125,1,0,0,0,0,0,0,1,0.0001145446506502,0.0,0.0
7ae69d22075a,train,258836.0,0.7297134015537008,25.9396723074797,35.547753751334604,7.318147398352624,1.4032051182988456,5.914942280053779,0.9669194651539396,73.42846820809248,1.2688825631147398,0.8919529754965996,0.994008750029114,0.8437101832507841,1.221467445752441,979,5536.0,3.267583131790161,2.122072219848633,3.447215795516968,2.720780372619629,3.402015209197998,2.613710165023804,0.2372305682560418,252,252,0,0,1,0,0,0,0.0288662108401785,0.0288662108401785,0.0
7af4d8704032,train,259802.0,0.6637183820786311,20.52536318097597,30.924807471347563,6.886398103170876,1.285594414207743,5.600803688963134,0.8849846507021011,74.75710014947683,1.2432798953385733,,1.028991510855053,0.8626341106763834,1.1844725331049497,1167,5352.0,3.0529963970184326,1.6971174478530884,3.565192461013794,2.6714887619018555,3.4423513412475586,2.508206605911255,0.2295374888323826,5,0,0,1,0,0,0,5,0.0005720817253069,0.0,0.0
7b20210d9120,train,255742.0,0.3844154125265523,16.942914468114353,44.07449315509448,6.434609880269959,2.110720960968476,4.323888919301483,0.7660323462854266,84.81232371447169,1.215945474300479,1.4884168150705015,0.7660323462854266,0.9652008045399976,1.1207005698080006,740,4609.0,3.5284433364868164,1.4785391092300415,3.5595498085021973,2.914762020111084,3.531589984893799,2.546776056289673,0.4881533731235305,29644,665,24636,4,4,29,0,4343,0.8493104294942557,0.0190524705037673,0.7058295689185159
7b211d8bd249,train,247795.0,0.3997374439455107,17.211511435567054,43.05704080579752,7.80201376137533,0.9984059403942775,6.803607820981053,1.1125,82.52718410198725,1.2663254836000335,0.9121817098024456,1.1,0.8068939301176146,1.2249760192922718,968,5334.0,3.415574073791504,1.8351149559021,3.751458406448364,2.8161659240722656,3.69649887084961,2.7041268348693848,0.1467465448721751,1224510,1197450,11927,1,18,26,0,15133,18.548974573494466,18.139067547860733,0.180671141712251
7b29e3783919,train,261046.0,0.520073956469397,12.291431192910718,23.634006356236355,7.192985144380684,1.0599664426959232,6.133018701684761,1.1774829276549632,77.11624812905372,1.282977595984362,,1.088348405414552,0.8108641417275403,1.2448948686323245,973,6013.0,2.907997369766236,1.1324913501739502,3.248049259185791,1.7850322723388672,3.1630373001098637,1.6805367469787598,0.1728294815740162,225587,29179,179930,15,40,210,0,16478,8.740629725820556,1.130574167703449,6.971596353366517
7b49041cbf17,train,262133.0,0.6410900943575442,13.400180911114273,20.90218056565513,11.279388707259292,1.144838688757234,10.134550018502058,1.1254861295700047,82.87856696521558,1.415811290753922,1.049344364594206,1.0081694257896483,0.8328794034089383,1.3838257049544496,1858,9602.0,2.9610509872436523,1.2221882343292236,3.170163154602051,1.7476727962493896,3.1446967124938965,1.7001571655273438,0.1129639388692313,351311,284915,55964,10,124,33,44089,10432,11.847833125139957,9.608652660603427,1.8873651352087824
7b691d9ced34,train,258382.0,0.4140532574262284,16.00513669244859,38.654777870695085,9.6570194518194,0.7728866561912208,8.884132795628178,1.0149074780002056,84.66307277628033,1.3518311098837852,0.9203579866168444,1.0486740307286957,0.7944724705316465,1.327221307003799,1272,7420.0,3.0252747535705566,1.424102783203125,3.62061619758606,2.699547290802002,3.5676159858703613,2.617509126663208,0.0869962971030276,133,0,0,0,0,0,0,133,0.0038137163030923,0.0,0.0
7b87b0015282,train,259153.0,1.1569157726332042,29.6691610724541,25.6450484765416,5.873364383202201,1.037610986560063,4.835753396642138,1.0509877084907764,71.28176382660688,1.2491701519598568,0.8919529754965996,1.0509877084907764,0.776655899092579,1.2116595664955854,898,5352.0,3.54756236076355,2.980151891708374,2.8781492710113525,1.7088749408721924,2.972412347793579,1.9503731727600095,0.214570699010533,16,0,0,1,0,0,0,16,0.0018329096639016,0.0,0.0
7b8c78b41c0d,train,252347.0,0.5080036063925105,9.959161272411448,19.60450899775005,5.326395796264667,0.8900442644453868,4.43635153181928,0.9793237050445645,79.16362752248966,1.186455236608711,0.8899883189799697,0.9737815696693786,0.8400571545914104,1.1337211770992828,648,4113.0,2.981565475463867,1.0499013662338257,3.376183271408081,1.8666280508041384,3.2932374477386475,1.7473052740097046,0.2006252791424743,601636,35808,565772,1,6,4,0,56,332.3717081093623,19.782004607403888,312.5587664974339
7b9d519cbd66,train,240933.0,0.7753271623694562,12.861367069140387,16.588309675408656,7.049677711230923,1.9777282481021692,5.071949463128754,1.1067971810589328,84.97837939462305,1.273766602600157,,1.0137828906650743,0.951861672875018,1.2139933653943284,772,5319.0,3.0550785064697266,1.19802987575531,3.352726459503174,1.9645628929138184,3.24845552444458,1.7715030908584597,0.3899345335515548,0,0,0,0,0,0,0,0,0.0,0.0,0.0
7ba6b23c4b46,train,259666.0,0.4395867125419804,17.850336479652437,40.60708836359046,9.015042400622338,1.8824181833586224,7.132624217263715,1.0,86.8437306979617,1.3133602732498857,1.1892706339954662,1.021497784233132,0.911748911816388,1.257741577476957,1252,6476.0,3.4820635318756104,1.6534725427627563,3.77940845489502,2.788729429244995,3.6811490058898926,2.5766446590423584,0.2639166351708871,95,54,41,0,1,1,0,0,0.6147275786204219,0.3494240973210819,0.26530348129934
7bc00e58d419,train,258836.0,0.8807477217795076,24.176252424775228,27.449690560570847,6.617703874267876,1.1041740716129131,5.513529802654963,1.1490187582825713,78.87705361978696,1.2515589418594402,1.0606601717798212,1.0263859937141024,0.7515211230794094,1.2186516634088818,1185,5539.0,3.683504104614258,2.6714565753936768,3.1529929637908936,2.015852212905884,3.2097766399383545,2.0983002185821533,0.2002662742624903,0,0,0,0,0,0,0,0,0.0,0.0,0.0
7bc2e0fa3f72,train,223600.0,0.7118136963913251,15.110173735142968,21.22770861497449,4.787567084078712,1.0800536672629697,3.7075134168157424,1.048222994686684,81.98225757112267,1.154550805169509,0.9509146221003928,1.0277402395547233,0.8625269964828332,1.114058077249489,480,3269.0,3.294593811035156,1.559733748435974,3.28434419631958,1.9582340717315676,3.2796518802642822,1.875689148902893,0.2913148371531966,197961,22366,175529,3,24,216,2052,66,5.547862685206904,0.6268077895006472,4.91920524381915
7bc4dd99eee5,train,241751.0,1.4747509470045412,20.652551115141023,14.004094153721148,6.464089083395725,1.1226427191614512,5.341446364234274,1.042112257487663,81.70167319330723,1.2856751195276577,0.9692435141339464,0.9957334300595586,0.8210285210295059,1.2408853629561514,831,5618.0,3.0433270931243896,1.7881240844726562,2.8506648540496826,1.2998709678649902,2.866638660430908,1.3728132247924805,0.2101757918376829,27357,11613,8895,0,3,20,0,6849,0.3128597037456364,0.1328084124574359,0.1017248625513556
7bda86d95c5b,train,252702.0,0.4576851025556492,15.624088999985608,34.13720244059265,6.148348647814422,0.715467230176255,5.432881417638167,1.06387741307804,77.94200187090739,1.2565560873584576,1.125,1.0988845115895125,0.7942254599094889,1.2274643284553666,1050,5345.0,3.014896869659424,1.624053955078125,3.0528345108032227,2.148132562637329,3.0479860305786133,2.0928571224212646,0.131692038750091,129944,15178,92229,16,19,132,18990,22537,2.548763660150461,0.2977062029317529,1.8090094472389409
7be1b9aa78aa,train,257974.0,0.6697350866264604,26.74834773205185,39.9386985483867,6.455689333033561,1.7641312690426167,4.691558063990945,1.082566958442846,80.79181663193786,1.2495468994847665,1.073312629199899,1.0094061317448997,0.8795482205663592,1.194730538742822,944,5279.0,3.5920119285583496,2.5678772926330566,3.257138729095459,2.755084991455078,3.308552026748657,2.696372032165528,0.3760224737668347,3,0,3,0,0,1,0,0,0.0003435304625637,0.0,0.0003435304625637
7bf981d9c7fe,train,260834.0,0.4189190291136457,16.588309675408656,39.59789009944574,7.145157456466565,0.8944386084636206,6.250718848002944,,76.89716312056737,1.2666131219881434,1.0210775083108723,,0.7939067808372849,1.2269723706462383,918,5640.0,2.829524517059326,1.5713521242141724,3.515665292739868,2.924098253250122,3.420156240463257,2.7851953506469727,0.1430937193326791,11146,1466,5922,6,6,15,0,3758,0.3192708273657435,0.0419927357723111,0.1696323200843292
7c2e852171c0,train,258364.0,0.3698836699256442,18.114416639251765,48.9732802826716,9.016736077781736,1.426282299391556,7.590453778390178,1.2409292825547626,79.89571263035921,1.323829318627569,1.278724026182012,1.3151918984428583,0.8565624256732953,1.2788237737145642,1353,6904.0,3.16943097114563,1.7951066493988037,3.602741479873657,3.120394468307495,3.522239923477173,2.9256067276000977,0.1879047473356789,17,0,0,1,0,0,0,17,0.0019505433984432,0.0,0.0
7c2f820a6425,train,257458.0,0.7525535185228688,17.206600785322298,22.86428853471558,5.2121122668551765,1.3672132930419718,3.844898973813205,1.0776665542756372,78.40257057608446,1.197355303685507,1.041161079488963,0.9780675089485068,0.890407212679383,1.1305765626959836,795,4357.0,3.2302474975585938,1.646642565727234,3.1533873081207275,1.887417674064636,3.150204658508301,1.8146735429763796,0.3555914738862511,59923,1301,57611,1,1,115,0,1011,1.71770161702962,0.0372933565368145,1.651427796650592
7c3747c0b2c3,train,223804.0,0.5548561551585245,24.270973557343705,43.742821146877965,8.544976854747905,2.1621597469214136,6.382817107826491,1.1002450479987809,87.85112359550561,1.2050417419077948,0.9707253433941512,1.0,0.974035931117598,1.1111691368229648,882,4272.0,3.726087808609009,2.4959747791290283,4.828906059265137,4.199597835540772,4.484997272491455,3.8005001544952393,0.3387469373468674,20,20,0,0,1,0,0,0,0.001342711727177,0.001342711727177,0.0
7c52fe73e748,train,242321.0,0.4013869345497563,13.127191905279531,32.70458197650245,4.7197725331275455,1.117525926353886,3.60224660677366,1.105556220903699,72.21269296740995,1.1846517093811617,0.8762302154233782,1.089033122567392,0.8224348115925086,1.122884081369259,675,4081.0,2.96465277671814,1.086592435836792,2.9646942615509038,1.9120692014694212,2.950199604034424,1.7574318647384644,0.3102302669263375,55955,3174,6441,18,2,8,0,46340,5.0519642213853695,0.2865683931494444,0.5815334027333244
7c629b491d1a,train,231428.0,1.563681857318454,21.218346708993533,13.569478094080283,3.377292289610592,0.9933975145617644,2.383894775048827,,67.28624535315986,1.065412590727264,0.9044271332210012,,0.8477882595364855,0.9898744914667016,298,2421.0,3.645575761795044,1.9307663440704343,2.9984281063079834,1.3457119464874268,3.126457691192627,1.5193068981170654,0.4167119811491753,1981,0,364,1,0,1,0,1617,0.0387392249808357,0.0,0.0071181614805775
7c6594b50690,train,258166.0,0.4392043341199013,21.43866604230341,48.81251020726659,7.61641734387952,1.2623660745411869,6.354051269338333,1.1493672298515274,79.24495776590243,1.270704090187088,0.9469425238482128,0.8962581595302719,0.8059727382507915,1.2341648755410903,1065,5801.0,3.509719133377075,2.5008537769317627,3.621694326400757,3.307295560836792,3.58780574798584,3.1820809841156006,0.198671055840039,1,0,1,0,0,0,0,0,0.0001145216944171,0.0,0.0001145216944171
7c90ab025331,train,255954.0,0.4912734302074057,24.3518358276108,49.56880289115157,7.0391554732491,1.3471170600967362,5.692038413152363,1.0329007969223274,79.3428170707273,1.22766447560262,1.0051414220648334,1.0099019513592786,0.8343716629231549,1.1846557109502962,740,4991.0,3.9162867069244394,2.490984439849853,3.698009014129639,3.2364838123321533,3.7257893085479736,3.114901542663574,0.2366668954629693,176561,146626,20741,4,12,2,20218,9194,3.452770296644011,2.86737103616158,0.4056043448026089
7cc4b7aabe04,train,257996.0,0.6801413236822412,23.154083416407577,34.04304754055064,6.408626490333184,1.8329741546380565,4.575652335695127,1.0286926391660156,80.04613610149943,1.2501392274822802,0.9647638212377322,0.9740745047747807,0.9324421029353336,1.1609565332958671,913,5202.0,3.1385300159454346,1.7136516571044922,3.4113762378692627,2.5895004272460938,3.327993154525757,2.3708250522613525,0.400592969080898,81180,59870,8513,5,45,25,2170,12797,2.326407128125196,1.7157180926441915,0.2439603828742275
7ccb267fd394,train,251119.0,0.6420601377654628,21.39437825269692,33.32145541250225,5.56628530696602,1.3937615234211669,4.172523783544853,1.0487954714446808,74.83311081441923,1.2081374866721126,1.0540925533894598,0.8677218312746247,0.9159277409281515,1.1360812764730566,662,4494.0,3.186373472213745,1.581735134124756,3.254176616668701,2.3152074813842773,3.218459129333496,2.1449108123779297,0.3340332124451231,32756,390,26726,3,3,33,378,5640,0.938259779602331,0.0111711232764961,0.7655370274041976
7ccf9d25dc48,train,260547.0,1.080113825747731,26.76609354981924,24.78080819981159,7.110425374308666,0.902716208591924,6.207709165716742,1.1357054951559071,79.72646822204344,1.291078666898738,1.0504514628777804,1.025304832720494,0.6889136414186982,1.2705130752070866,1190,6215.0,3.9742958545684814,3.055073976516724,3.09285306930542,1.909608244895935,3.162816047668457,2.0517375469207764,0.1454185730184246,6,0,0,1,0,0,0,6,0.0006880670819533,0.0,0.0
7ce671f952be,train,259086.0,0.7189426250685609,27.578020409478068,38.35913944711253,6.565387554711563,1.320410983225647,5.244976571485916,1.1288650420603168,74.76208602969166,1.242247914315402,1.192569587999888,1.1024427322634804,0.8475139136445253,1.1858992880418049,1060,5254.0,3.446045160293579,2.6665871143341064,3.5220654010772705,3.010171413421631,3.500166893005371,2.9418888092041016,0.2517477371403341,70,0,70,0,0,4,0,0,0.0080215068056755,0.0,0.0080215068056755
7d0a871c45db,train,257598.0,0.5046271342734729,18.386518707057405,36.43585027097093,7.583909812964387,0.8059068781589919,6.778002934805395,0.921166782108218,82.81428338496657,1.29184817845605,1.0569963951264665,1.060266182856522,0.7613641315792276,1.261484560353078,1483,6133.0,3.1852176189422607,1.9755878448486328,3.4284842014312744,2.6498539447784424,3.384983539581299,2.575038433074951,0.1189003436426116,7,0,6,0,0,1,0,1,0.0008013104860634,0.0,0.0006868375594829
7d11dbc1e738,train,223059.0,0.6602053174901888,23.78660901780612,36.02910850253733,9.082350409532904,0.9746300306197015,8.107720378913202,0.971285862357264,80.7328190743338,1.2960950635856692,0.9126362278141088,1.0529804311391104,0.7268085393112726,1.2715412595408666,1225,5704.0,4.289039134979248,2.833705186843872,3.714259147644043,3.216824531555176,3.752949953079224,3.1895992755889893,0.1202101188830522,0,0,0,0,0,0,0,0,0.0,0.0,0.0
7d1b40fdbd86,train,259145.0,0.5040792561296075,20.723466277719808,41.11152368545681,7.92181983059677,0.9647108761504176,6.957108954446352,1.112635287262647,79.41831132215462,1.312452270526826,1.1766968108291045,1.150792911137501,0.7459914950569316,1.2842329853591297,1380,6739.0,3.446227550506592,2.302512884140014,3.279289722442627,2.77868390083313,3.282944917678833,2.7265162467956543,0.1386654833878751,31964,0,31743,0,0,19,959,221,3.671111417381617,0.0,3.645729249216139
7d1da90d3ca9,train,254009.0,0.5537299380582227,10.553175923225062,19.058344506768268,4.375435516064392,1.6680511320465023,2.7073843840178893,1.019543613938764,81.08318217154704,1.1796746593660596,1.0199569077309534,1.0213243599737851,0.9363947711457152,1.0866476800502516,494,3859.0,3.0334954261779785,1.0065404176712036,2.9651215076446533,1.6527488231658936,2.96625018119812,1.4433952569961548,0.61611167660317,59329,4,59208,1,1,27,0,117,1.7430419635685457,0.0001175170296865,1.739487073420527
7d261f986bef,train,257726.0,0.964587079260761,24.65723458051623,25.56247653598368,8.238594476304293,0.9808866780999976,7.257707798204295,1.0561116307910694,85.07757033920589,1.3528927041849206,1.0625,1.0449351067372186,0.7122804654215525,1.330768156987996,1378,7606.0,4.352303504943848,3.71735954284668,2.861989736557007,1.6267210245132446,2.9602935314178467,1.8788814544677732,0.1351510291365945,20148,5208,5370,11,11,22,3458,9570,0.887082358473204,0.2292994303617454,0.236432016329219
7d37a2939f12,train,255154.0,0.6156286739447345,22.23435225324035,36.116498782895135,9.035719604630929,0.913565924892418,8.122153679738512,1.128902134662531,83.73241175018514,1.3744467162547855,0.8770580193070293,1.0750822772799329,0.7467416419852557,1.3554342651781055,1414,8102.0,3.240841150283813,2.162433862686157,3.0127410888671875,1.974003314971924,3.028355836868286,1.986754894256592,0.112478286045165,183207,80844,66958,12,17,96,2385,35405,3.585365223599256,1.582118948166054,1.3103696072844322
7d3835e4e63a,train,255036.0,0.7730663915226599,21.36244821202695,27.633394034826285,9.89703414419925,1.319029470349284,8.578004673849966,0.9933184273858336,86.0430586488493,1.3718934006416517,,0.984516640199142,0.8250210378590102,1.3421600718086166,1624,8082.0,3.717717170715332,2.31812047958374,3.1582510471343994,1.8577165603637693,3.208019733428955,1.9096962213516235,0.1537687982813,59203,23246,29358,5,14,9,22764,6599,1.1578049209300378,0.4546109689025836,0.5741404467453347
7d48f8cdfb69,train,201841.0,0.3302784779237829,16.951427449456745,51.32465050710497,9.35637457206415,1.3897077402509896,7.96666683181316,,86.17482951022939,1.3072843205538096,,1.0536089137432665,0.8764379895549522,1.2641180928416158,1120,4839.0,3.118872880935669,1.448318600654602,4.507150173187256,4.597973823547363,4.231029987335205,4.225214958190918,0.1744402985074626,25,25,0,0,1,0,0,0,0.0016734418750046,0.0016734418750046,0.0
7d626a7ffe76,train,260483.0,0.6520955167813564,21.73544010642763,33.33168155136296,6.55205905951636,1.055731084178238,5.496327975338122,1.0642536662671302,74.65116279069767,1.2163964375977672,0.9931270663228416,1.0004698667848797,0.8066466993450812,1.1736702198393696,906,4730.0,3.067901134490967,1.5967611074447632,3.838698148727417,2.9917120933532715,3.6787734031677246,2.790471076965332,0.1920793462317524,469860,253373,211076,9,74,239,126835,5411,13.465703381385827,7.261409064086901,6.049220633655546
7d8f67cadc29,train,248675.0,0.5614460253104228,28.91878754058853,51.507689496242094,7.47079521463758,1.4452598773499548,6.025535337287624,1.094312831041493,81.38444120976872,1.2974800292611388,0.9159291318091396,1.0311901570658308,0.8603728648958441,1.2503883786930168,749,6183.0,3.326589107513428,2.3134796619415283,3.235557794570923,3.2156708240509038,3.2471556663513184,3.074331045150757,0.239855846235985,24185,2495,8061,8,2,10,0,13629,0.4728826208940013,0.0487840454467865,0.1576145051489164
7d94a000c2d0,train,257619.0,0.7549119339097851,28.48590153535233,37.734072354400624,6.431590837632317,1.1827543775886096,5.248836460043708,1.0284981975632332,74.32835820895522,1.2264098312447975,1.0606601717798212,,0.8411260839067985,1.1638112830288407,1165,5025.0,2.849588394165039,1.9445761442184448,3.720834732055664,2.9961700439453125,3.517452955245972,2.8171281814575195,0.2253364886851057,2,0,2,0,0,0,0,0,0.0002289925130897,0.0,0.0002289925130897
7da558d92100,train,202294.0,0.5293134625704518,16.88781242400001,31.90512544681827,6.62550545246028,1.4839787635817177,5.141526688878563,,82.04518430439953,1.1875685197755783,,,0.8476108378236453,1.1476388540605171,555,3364.0,3.2948927879333496,1.6274056434631348,4.205038070678711,3.310694694519043,3.968632221221924,2.995560646057129,0.2886260936448418,0,0,0,0,0,0,0,0,0.0,0.0,0.0
7ddcfcea7369,train,214339.0,0.5754051084100003,21.06960098870837,36.61698632973448,7.040249324667933,1.4071167636314437,5.633132561036489,,86.2086258776329,1.2081737261804284,0.9470462247029644,,0.8573018765387139,1.1641802056000423,930,3988.0,3.197014808654785,1.619004249572754,4.171967029571533,3.8382863998413086,3.935466051101685,3.489497423171997,0.2497929435149908,1098,1098,0,0,2,0,0,0,0.0736478278921361,0.0736478278921361,0.0
7dee6bf8b9c1,train,261881.0,0.8797047878850561,25.65488166507053,29.16305790121793,10.375323142954242,1.2356757458540328,9.139647397100209,0.970169468195312,85.4641693811075,1.414372180805456,1.060430864638069,1.1140621176284518,0.8037235856447661,1.3874482023803096,1765,9824.0,3.775349140167236,2.778059244155884,2.892524003982544,1.7795344591140747,2.9524121284484863,1.8850314617156985,0.1351994986421558,61401,15803,39832,1,14,44,5322,5766,1.7595587763299068,0.4528640794505222,1.1414593439646397
7e0598cc88a0,train,261253.0,0.6668617206840582,26.077933567052547,39.10545883530717,8.67626400462387,0.863147982989669,7.813116021634201,1.1168913537697984,85.06377929397804,1.3065537788476882,,1.0522394624164906,0.807461887227905,1.2805816660560685,1239,6742.0,3.3190014362335205,2.247441291809082,3.5248191356658936,2.523550510406494,3.500685930252075,2.4957990646362305,0.1104742308446012,132364,125076,3282,3,12,17,0,4006,3.7936745913167145,3.5847937746179426,0.0940651537328991
7e160c8b611e,train,258335.0,0.9851974744647124,25.22554427485124,25.604556374403053,9.382778175624674,1.523603073528558,7.859175102096115,1.049114831026219,83.04226103186242,1.3448508309540577,0.973417168333576,0.9411764705882352,0.789736191057773,1.3158689002690287,1272,7501.0,4.597302436828613,3.0692145824432373,3.2195515632629395,1.8761630058288572,3.349328756332397,2.067854404449463,0.1938629759148894,614262,56138,554709,2,21,460,20239,3415,12.012524462145691,1.0978362624677007,10.847904366332893
7e4019ac7f5a,train,248979.0,0.9137310132080064,24.32769198400948,26.624566346498074,6.229842677494889,1.141863370003093,5.087979307491796,0.9497216198126412,77.05670926517571,1.2376433420073736,1.0317214083506576,1.0252462894418035,0.8380592580190244,1.1972096307464204,898,5008.0,3.2864699363708496,2.05134391784668,3.2285375595092773,2.1044538021087646,3.234503746032715,2.092421054840088,0.2244237448689612,284759,156531,93468,16,43,158,1992,34760,5.568737363179127,3.0611149364753776,1.827857043540772
7e5a76c4e103,train,226754.0,0.5924140591909677,26.375109274982734,44.52141009449032,8.498196283196767,0.9512511355918748,7.546945147604894,0.962641977181494,84.80964224220394,1.270519523150378,1.0077420510481725,1.085642931178632,0.6820865327825975,1.2599642119069354,1201,5227.0,5.773034572601318,3.818072080612183,3.882380962371826,3.850580930709839,3.985597610473633,3.857774019241333,0.1260445275521533,0,0,0,0,0,0,0,0,0.0,0.0,0.0
7e6e90a93aa5,train,255784.0,0.834089165502457,16.797011648154218,20.13814870504362,6.059409501767116,1.671332061426829,4.388077440340287,1.0684504994133817,80.16869728209934,1.2449089882040365,0.9952631714716488,1.039750489820073,0.9313466439331168,1.1740383581578018,965,5335.0,3.233332633972168,1.5466983318328855,2.986734628677368,1.6925843954086304,3.03298020362854,1.6579127311706543,0.380880256593015,23743,15688,508,5,8,2,0,7547,0.4645993239309842,0.3069803392085785,0.009940464834138
7e70344b0c25,train,183872.0,0.4879038511873642,19.58237990491256,40.13573546766811,9.895470762269404,1.66365732683606,8.231813435433345,1.028152129723196,90.5683438582196,1.3371259630582315,,0.8333094209864272,0.8827701571494878,1.2980741631865007,1006,4909.0,3.742440223693848,1.9590610265731807,4.005976676940918,3.308513164520264,3.9382762908935542,3.1197075843811035,0.2021009513742072,187,187,0,0,1,0,0,0,0.0125238841185764,0.0125238841185764,0.0
7e77b61e1639,train,260564.0,0.6522511321891986,28.84822348896832,44.22870588532809,7.1560154127201,1.3420886998971462,5.813926712822953,1.0820680226540584,79.06718489727929,1.248780769969685,1.041358616113871,1.0540925533894598,0.8678683829221027,1.1979381384371897,1149,5403.0,3.1255784034729004,2.3203489780426025,3.960781097412109,3.9762213230133057,3.7950241565704346,3.721050977706909,0.2308403194930358,0,0,0,0,0,0,0,0,0.0,0.0,0.0
7e9081e95bf6,train,260028.0,0.4168682840571481,21.98758478819005,52.74468130364121,7.960681157413817,1.461381082037319,6.499300075376498,,80.92885375494072,1.2890734988619397,1.0242950394631678,,0.8314066235186972,1.2518529303843884,1139,6072.0,3.588672161102295,2.486917495727539,3.5453457832336426,3.140725612640381,3.539154529571533,3.0229716300964355,0.2248520710059171,22,0,22,0,0,1,0,0,0.0025197023544327,0.0,0.0025197023544327
7e9458de5707,train,259743.0,0.5423736353888358,27.28079701839388,50.29889957471082,8.339782015299738,2.002748870999411,6.337033144300328,0.9611998930144768,80.65644785071643,1.2939026382713457,1.030677001764963,1.135199525846825,0.9269177333028716,1.229198535359024,958,6002.0,3.309332132339477,1.7912626266479492,3.839162826538086,3.5359909534454346,3.687901496887207,3.1968677043914795,0.3160388821385175,45373,28543,10165,7,21,31,1520,6665,1.3002066667507242,0.8179269364835016,0.2912877871756575
7e980424868e,train,259556.0,0.3693235719694155,13.638734621297091,36.92895784736574,8.820061951948713,0.5293655319083358,8.290696420040376,1.1061180620968725,82.17973765001395,1.327778044830625,1.0170466823871596,1.0500715100970708,0.698620324326742,1.3043678854623129,1472,7166.0,2.644728660583496,1.1040174961090088,3.574437141418457,2.8509209156036377,3.506274700164795,2.76916766166687,0.0638505506761466,156,0,81,2,0,1,0,75,0.0178848217479432,0.0,0.0092863497537397
7ea756985353,train,260186.0,0.7000843631369081,16.688991021818982,23.83854275367566,6.93196405648267,1.2763945792625275,5.655569477220142,1.3370230624846566,80.9531914893617,1.2782749869193482,,1.5897363311345387,0.8802266774763519,1.2182797431592176,958,5875.0,2.8674020767211914,1.154824137687683,3.282472848892212,1.9355539083480835,3.1882193088531494,1.811880350112915,0.2256880733944954,17250,116,14153,2,1,33,0,2981,0.4946500372492984,0.0033263422794735,0.4058424334602505
7ec0e61a7e29,train,260374.0,0.290517435411935,15.848824822682186,54.55378194499608,7.508430181200888,1.2697120296189328,6.238718151581955,1.0712803489072242,79.73637961335676,1.2619784043383178,,1.1341066367404369,0.8969268839689307,1.1992820554110493,1236,5690.0,2.737657308578491,1.207117199897766,4.099660873413086,4.28541898727417,3.806897640228272,3.881544589996338,0.2035213001723713,118,0,88,2,0,1,0,30,0.0134943815341968,0.0,0.0100636065678755
7ec1ffe8220b,train,257430.0,0.5317200069276595,24.072786890348905,45.27342694784853,8.601173134444315,1.6478265936371053,6.9533465408072095,0.97908305944302,84.78877444394686,1.3088494953966854,0.7913267865219101,0.8871282015737516,0.8773827343061018,1.2620298795595877,1213,6699.0,3.6953954696655273,2.4602091312408447,3.465394258499145,2.79050350189209,3.489039897918701,2.731430530548096,0.2369832402234637,200394,89924,99045,5,54,49,50861,11425,3.920560492596786,1.759296594390418,1.9377422177772223
7ed4128b2a4e,train,260196.0,0.3137929424096196,14.002367652057286,44.62295278068698,8.812203108425956,0.4846346600255192,8.327568448400436,1.170086829980477,75.99265225377985,1.3260750235565226,1.0815151826269973,1.1858590978952803,0.6928888808297866,1.3077629026102144,1403,7077.0,2.992534875869751,1.5387675762176514,3.524090528488159,3.001082420349121,3.4776625633239746,2.926128625869751,0.0581964186819272,0,0,0,0,0,0,0,0,0.0,0.0,0.0
7ee6de71c140,train,258917.0,0.5155670847781982,21.98129041603532,42.63517021357536,7.779713189941178,1.6951378240903456,6.084575365850832,1.0507007598597062,78.15439219165927,1.2683912112450575,1.0,1.1525300307321444,0.899909511898261,1.2036204184382675,1145,5635.0,3.260709762573242,2.045243978500366,3.99258041381836,3.751871109008789,3.801940679550171,3.4377002716064453,0.2785959121492954,19,0,0,2,0,0,0,19,0.0021759695089409,0.0,0.0
7eeb191ad06b,train,261447.0,0.5458791675186662,23.429070972228203,42.91988477729745,8.109100506029902,1.2989248298890406,6.810175676140863,1.0451465419891526,81.18887530562347,1.3007679269048764,,1.0888193824395145,0.8353145144102941,1.2595022809545862,1350,6544.0,3.4334874153137207,2.224550485610962,3.5725550651550293,3.1012864112854004,3.5458288192749023,2.9803950786590576,0.1907329401853411,34,0,0,1,0,0,0,34,0.0038905474572411,0.0,0.0
7f0ffeb0a333,train,262144.0,0.4824276779963944,18.987136914265346,39.35747839577159,11.821746826171877,0.6450653076171875,11.176681518554688,1.067556328475736,84.7932792146498,1.437994101580201,0.8380540736433386,1.003238725817425,0.79700070914331,1.4211644362837077,2290,10594.0,2.7989516258239746,1.570772647857666,3.1977601051330566,2.339686393737793,3.1527743339538574,2.2718393802642822,0.057715280384996,338,0,338,0,0,5,0,0,0.0074061349091017,0.0,0.0074061349091017
7f1f3269f546,train,258784.0,0.6843172205912669,27.971714385282606,40.87536239569473,8.626112897242487,1.0854612340793868,7.540651663163101,1.0976993629237486,84.34894162924952,1.2937454484674047,1.1043152607484654,1.246216848818687,0.7995823209673045,1.2669904178985634,1201,6236.0,3.6524951457977295,2.887230157852173,3.713788747787476,2.9995763301849365,3.688241004943848,2.964723587036133,0.1439479348160295,3,0,0,1,0,0,0,3,0.0003437954096436,0.0,0.0
7f2123bc89a3,train,221727.0,0.7354072927056126,30.33174491135342,41.244824755219526,8.444167828004709,0.8862249523062145,7.557942875698494,1.1490187582825713,84.96719775070291,1.2792331997123434,1.2,1.090357607246341,0.6757738761503551,1.260461209989242,1073,5335.0,4.384078979492188,3.5324156284332275,3.6833627223968506,3.297396659851074,3.7237584590911865,3.3026363849639893,0.1172574292875044,0,0,0,0,0,0,0,0,0.0,0.0,0.0
7f2cce721e19,train,258735.0,0.436537479982875,19.92725054223948,45.64842987369884,8.712775619842697,0.8483583589386824,7.864417260904013,1.0924948112765485,83.18543451652387,1.3045450749254293,0.8013876853447538,1.1187524811315466,0.7992381607583711,1.2741374215299768,1261,6536.0,3.219610452651977,2.227848052978516,3.9541282653808594,3.898600816726685,3.864574670791626,3.752771615982056,0.1078730096323963,0,0,0,0,0,0,0,0,0.0,0.0,0.0
7f39c36469b5,train,254746.0,0.3073245578428316,14.700768356829098,47.83466853419242,8.617995964607884,1.0386816672293189,7.579314297378565,1.053543221659742,77.21908671113391,1.2742793203066425,0.9778024140774094,1.2,0.8177153366522764,1.2296446968764694,1181,5847.0,2.8785479068756104,1.2867510318756104,4.3740997314453125,4.157019138336182,4.112403392791748,3.872612237930298,0.137041640770665,0,0,0,0,0,0,0,0,0.0,0.0,0.0
7f43becd3e83,train,259221.0,0.6813790217405211,22.529387138250645,33.06439796268069,7.837713765474247,1.7309554395670104,6.106758325907237,1.0082990586244722,85.79825258141382,1.2949930253667636,,0.9870026136150925,0.9009523975187236,1.2340173654659352,1152,6295.0,3.1622142791748047,1.84900963306427,3.470928907394409,2.540522813796997,3.379225730895996,2.396808385848999,0.2834491471888818,19,0,19,0,0,1,0,0,0.1393472680601393,0.0,0.1393472680601393
7f60f2a083d3,train,253092.0,0.4268438090555597,26.52915649761107,62.151906469745526,6.814913154109968,1.306639482875792,5.508273671234176,1.0429000189079498,79.10581891709728,1.1993380128419948,1.0169503597462533,1.0429000189079498,0.8754898529606421,1.1453708874796331,741,4451.0,3.321897029876709,2.0101125240325928,4.73829460144043,5.597642421722412,4.4198079109191895,5.058948993682861,0.2372139731726562,8136,793,5556,3,5,12,0,1787,0.2330577660141278,0.0227156844209935,0.159153017204338
7f6ce40f306b,train,253852.0,0.3352667199303602,12.701339976341696,37.884285022324754,7.277468761325497,1.0632179380111246,6.214250823314372,0.9074062565877088,85.87474472430225,1.281243801601793,0.9074062565877088,1.0580691400846018,0.8484316588347288,1.2384504416913298,1076,5876.0,3.095577955245972,1.306524634361267,3.336867332458496,2.378307819366455,3.2962982654571533,2.2523717880249023,0.1710935023771791,16480,7739,5849,48,19,15,2736,2892,1.48929748174978,0.699373374469754,0.5285740880312174
7f84284598f5,train,249681.0,0.2380776260823856,9.818356699239642,41.24014868932726,6.624052290722963,1.0965992606565975,5.527453030066365,0.9982683969692436,85.27814197415246,1.255121496281388,,0.9683982299744,0.8590940138538885,1.221986885028466,786,5339.0,2.61283802986145,0.877598762512207,3.380614757537842,2.9151554107666016,3.2343530654907227,2.6589014530181885,0.1983914209115281,16012,1718,11018,3,4,54,0,3276,0.730524109531168,0.0783812403306611,0.5026801548097932
7fc3a8bb40de,train,260982.0,1.0387202977838514,28.286512889173267,27.2320786929105,6.413085959951261,0.9150056325723612,5.4980803273789,1.121921563901196,76.49956024626209,1.2594138460966462,1.0242950394631678,1.0841300131968994,0.751678982171105,1.2314798101301896,1099,5685.0,3.566092729568481,2.856808423995972,3.0508947372436523,1.813149333000183,3.103020668029785,1.9564144611358645,0.1664227472297721,0,0,0,0,0,0,0,0,0.0,0.0,0.0
7fdb177b8f7d,train,259668.0,0.597931196880155,22.639480841806016,37.86301995937454,5.978018084631144,1.0605850547622349,4.91743302986891,1.0540339179552043,75.39968025579536,1.2299556101493154,0.9922778767136676,1.0383831705117124,0.8058669774050894,1.1847909453112684,982,5004.0,3.279381275177002,2.282716989517212,3.2910349369049072,2.5914835929870605,3.258970022201538,2.5108680725097656,0.2156785966011433,8,0,0,1,0,0,0,8,0.000916945379856,0.0,0.0
7fe7309d0b4f,train,259922.0,0.4518183151560315,20.90218056565513,46.26235782061368,8.596040350566708,1.0814782896407384,7.51456206092597,1.0523725813350149,83.35022441001882,1.322242882654245,0.9826826731206276,1.055847302003773,0.7370755881824127,1.295016814625651,1198,6907.0,3.894285917282105,2.7671337127685547,3.3532631397247314,2.7587478160858154,3.382889986038208,2.747853994369507,0.1439176735613352,0,0,0,0,0,0,0,0,0.0,0.0,0.0
8000a6b97a84,train,224274.0,0.4211242764591469,11.44793730858325,27.18422553275389,5.640421983823359,0.5301550781633181,5.1102669056600405,0.9708379023908302,81.87482299631833,1.1803901992829868,1.162476387438193,0.9299811099505544,0.7891760091860739,1.1481790819662387,477,3531.0,2.888147354125977,1.1966609954833984,3.780020236968994,2.633822202682495,3.669647693634033,2.5188663005828857,0.1037431288718262,346782,38578,300914,1,9,112,12087,7290,3.963928209854028,0.4409698960146394,3.439629200304557
8010c931321f,train,260114.0,0.9472364119637312,25.54441994080248,26.96731208616224,9.427020460259731,1.0333930507392912,8.393627409520441,1.0753964555687503,84.02427999483405,1.3498688013923352,1.0086167222030835,1.043445750891418,0.7553642576760934,1.327573395263202,1485,7743.0,4.020553588867188,3.041745662689209,3.2484652996063232,2.170536756515503,3.2905750274658203,2.245571613311768,0.1231163834562359,0,0,0,0,0,0,0,0,0.0,0.0,0.0
803120c5d287,train,253632.0,0.6303741813189994,20.94161369095801,33.22092546230182,8.792265960131214,1.1489086550592984,7.643357305071915,0.9909119966407932,87.2331217541835,1.3323119579383864,0.9126332951925508,0.9520898082372876,0.8191577730101872,1.3098693013133107,1157,6932.0,3.3866240978240967,2.1088085174560547,3.4418864250183105,2.4268643856048584,3.430715322494507,2.3853700160980225,0.1503146600639636,113479,22433,77515,2,17,115,0,13531,1.7204384215429656,0.3401034121773486,1.1751935093356742
807135cbc438,train,234556.0,0.7486932894790269,10.243572017138892,13.68193379196281,3.788860655877488,1.7027916574293558,2.086068998448132,,75.62918126791972,1.1493258604060674,1.0375129498079088,,0.9404538567276908,1.0366787461108002,364,3139.0,2.938274383544922,1.0551882982254028,2.761073112487793,1.1711543798446655,2.826944589614868,1.122668981552124,0.8162681381565501,839667,204799,623151,0,16,4,0,11717,22.87504617688116,5.579338692575847,16.976501279876032
80964d8e0863,train,254521.0,1.4816511218215276,27.30979196453981,18.431998978926572,8.484958019181128,1.157075447605502,7.327882571575627,1.0507600956989749,84.59411094843013,1.2960716968117332,0.9370425713316364,1.0392492556926334,0.795484013949315,1.2569894268308723,1020,6147.0,3.510908603668213,2.260431289672852,3.5640318393707275,1.9129152297973635,3.5460526943206787,1.954463243484497,0.1579003806766393,33887,7923,23678,54,21,74,408,2286,3.061731562931427,0.7158526624695516,2.1393360270041706
80a02014b418,train,233880.0,0.6462333636858799,22.6067230143882,34.98229012109137,6.950572943389773,0.6794082435436977,6.271164699846075,1.5434872662825794,80.48167539267016,1.2435482915452774,0.953998092005724,1.028991510855053,0.616437377899247,1.2523817972974762,1000,4775.0,5.078177452087402,3.271806240081787,3.568782329559326,3.066841125488281,3.639617443084717,3.0823042392730717,0.1083384468534806,5565,230,1620,5,1,6,0,3715,0.181806717733718,0.0075140242729119,0.0529248666179017
80b5697f2a5e,train,257950.0,0.4019754590123083,16.431565815316606,40.87703725916631,7.202558635394456,1.299476642760225,5.903081992634231,0.9269747111196792,76.75406203840473,1.2577466542670832,1.1043152607484654,1.0431506357915985,0.879907893304086,1.1943378622143768,1006,5416.0,2.76027250289917,1.2684599161148071,3.965503692626953,3.4354231357574463,3.691384315490722,3.124364137649536,0.2201352860051225,17,0,17,0,0,1,0,0,0.0019454340091618,0.0,0.0019454340091618
80b5a9519aec,train,195631.0,0.5459131067067762,11.940702347989491,21.872899187238502,5.0963293138613,0.7008091764597635,4.395520137401537,1.0300524052492095,78.09345794392523,1.1537652363606814,0.9432422182837986,1.0300524052492095,0.7871249933922373,1.106557663564517,442,2675.0,3.1841490268707275,1.1829731464385986,3.8886735439300537,2.0945048332214355,3.7416818141937256,1.9840034246444704,0.1594371438539364,410689,17202,387704,1,7,89,0,5783,12.91196707627445,0.540826897350728,12.18932399781808
80c67efc8101,train,260092.0,0.6421558358449444,23.59299341728353,36.74029277681488,8.119434661581286,0.7962567091644495,7.323177952416837,1.1880936590997542,80.87367178276268,1.2790594984368362,1.181757895737503,1.0417356565546017,0.6870095192864549,1.2562122192999463,1180,5929.0,3.671855926513672,2.7499091625213623,3.873516321182251,3.2000732421875,3.858195781707764,3.161566972732544,0.1087310337585971,0,0,0,0,0,0,0,0,0.0,0.0,0.0
80ca40196225,train,262121.0,0.7793480811389193,16.872017105507627,21.6488851564904,7.125716749134941,1.1956310253661475,5.930085723768793,1.0098311463945049,79.0986283474853,1.2900066735774456,1.0,0.9780240467302804,0.8468669538530433,1.2394202897608326,851,6124.0,3.024815320968628,1.2717231512069702,3.170834541320801,1.8698846101760864,3.1396303176879883,1.7788227796554563,0.2016212043232115,107810,36967,68442,1,24,167,0,2401,3.1895326762164293,1.0936597202642866,2.0248399538596127
80d24897669f,train,254612.0,0.7386037529385716,25.246566100894825,34.18147552114393,6.425855811980583,1.212433035363612,5.21342277661697,,83.15277470705284,1.205823171610537,0.9717953225876054,1.0136268792967575,0.8345773457841279,1.1544097581091353,811,4523.0,3.5701680183410645,2.2050869464874268,3.808872222900391,2.7377679347991943,3.744154453277588,2.6389667987823486,0.2325598915172517,8322,6331,69,1,4,2,0,1922,0.2383594272270509,0.1813330369832323,0.0019763038306496
80dbeb0fdc75,train,260628.0,0.5586412321485054,26.911946470152856,48.17393511512012,7.890556655462959,1.12650981475513,6.764046840707829,0.9673713423664924,75.85440874914559,1.276895201437804,1.006230589874905,1.029919299886765,0.7418465390793954,1.241398768870035,1074,5852.0,3.8857085704803462,3.146632671356201,3.692967653274536,3.553027391433716,3.7040555477142334,3.485768318176269,0.1665437631175903,10,0,10,0,0,0,10,0,0.0011460188451338,0.0,0.0011460188451338
80e6e425f966,train,259097.0,0.7386997872220371,23.440776014240686,31.73247971600525,7.751151113289618,1.075272967267085,6.675878146022532,1.150636310887885,82.60285474391267,1.2807266742931955,,,0.782874024169257,1.2436253584800516,1211,5955.0,3.264486789703369,2.093374729156494,3.5517983436584477,2.4005184173583984,3.4893484115600586,2.349378824234009,0.1610683933630109,0,0,0,0,0,0,0,0,0.0,0.0,0.0
80e7cc0a0649,train,227146.0,0.6164766894224569,17.048241954997646,27.65431726375446,5.465647645126923,1.04690375353297,4.4187438915939525,0.9667118308249693,72.97775530839232,1.2105636289123898,1.028591269649903,1.0358679029554034,0.8810836532096278,1.151459968723339,495,3956.0,2.8301005363464355,1.201245665550232,3.258553981781006,2.065462589263916,3.1760237216949463,1.931945562362671,0.2369233834811198,370553,172324,196411,0,55,306,10632,1818,12.936545978915571,6.0160823128422845,6.856994633061361
80ed04a84a16,train,218245.0,0.7230919532920578,31.289201042511724,43.27139985455484,9.279937684712136,2.172787463630324,7.107150221081811,,87.4952344643538,1.296382345946581,1.1094003924504583,1.2636000486201828,0.8628838999257264,1.241050317902001,1108,5246.0,4.708218574523926,3.3593382835388184,3.885878801345825,3.121644973754883,3.997192859649658,3.1595051288604736,0.3057185223389853,139,139,0,0,1,0,0,0,0.0093567975788108,0.0093567975788108,0.0
80feb1f7ca5e,train,244819.0,0.5861733911914557,20.20769504354096,34.47392076680043,5.769160073360319,1.3377229708478509,4.431437102512469,1.0859868681260585,83.54928273947246,1.2019599364043825,,0.9348741343855252,0.9401286506360952,1.1283505429309146,730,4322.0,3.2445919513702397,1.6428625583648682,3.356987953186035,2.46655011177063,3.3289899826049805,2.3087027072906494,0.3018711401972532,14998,0,14075,0,0,18,0,923,0.29338546640621,0.0,0.2753300733209364
810d3779abd9,train,261135.0,0.6280273602448496,11.940702347989491,19.013028896279547,7.302353188963563,1.3590671491757138,5.943286039787849,0.9298398187778386,74.7517730496454,1.26321894639386,0.8223283805009608,0.9896822085305708,0.8741276673329083,1.2031515940977575,837,5640.0,3.1276605129241943,1.2275322675704956,3.4116969108581543,1.7987723350524902,3.3368566036224365,1.6991384029388428,0.2286726804123711,139229,102412,36265,2,14,15,1344,552,67.87453626290055,49.92614331609199,17.679291365836775
8114d6a160df,train,250115.0,0.3794792082261052,17.72413843421488,46.70648101398562,6.624952521839954,1.6840253483397638,4.94092717350019,1.1538115337608188,77.62210546798988,1.2512726604413706,0.8509832651425396,1.021356001727143,0.9183436416344718,1.1644731223040965,912,5139.0,3.030456066131592,1.36359441280365,3.458126783370972,3.472196340560913,3.3423702716827397,3.070329189300537,0.3408318498138857,143838,74018,60621,0,14,63,0,9199,1.644550749227677,0.8462739843180118,0.6931013429617416
812d5adafaf2,train,261703.0,0.5304288631221517,27.96607966032071,52.723525442619895,7.732047397240383,1.288101397385586,6.443945999854797,1.104745053493665,81.93622853845044,1.3127329508155383,1.0833333333333333,1.0622710622710625,0.7859824803614216,1.2732995803817575,1346,6931.0,3.5812346935272217,2.6960232257843018,3.0905237197875977,2.8899707794189453,3.1458940505981445,2.85253381729126,0.1998932637571157,54496,15037,34453,10,18,74,10574,5006,1.561324444113375,0.4308139251712569,0.9870873288505232
81371b0c01ad,train,218546.0,0.7101152219673402,28.26430355428459,39.80241893136679,7.357718741134589,0.7389748611276344,6.618743880006955,1.0307764064044151,85.81896551724138,1.2379363739847355,1.0504514628777804,1.025229189260113,0.6367428190896587,1.2326736755916168,1070,4640.0,5.167978286743164,4.2070393562316895,3.640580177307129,3.267393112182617,3.7102975845336914,3.327369451522827,0.1116488074662979,243,0,0,0,0,0,0,243,0.1020048357848075,0.0,0.0
81704925f759,train,224407.0,0.4517106028337683,20.27482438623504,44.88454390718889,8.25063389288213,0.7566608884749585,7.493973004407171,,79.92974238875878,1.2170042182695409,,1.053880611802962,0.694141490445197,1.1916418552547312,886,4270.0,3.830012559890747,2.671576499938965,5.036327362060547,5.192800521850586,4.906165599822998,5.01598072052002,0.1009692572991615,0,0,0,0,0,0,0,0,0.0,0.0,0.0
8185ce1cdcef,train,256757.0,0.5465024461492124,20.43581423687661,37.39382024887952,8.953991517271195,1.0811779230945993,7.872813594176595,1.016187192398576,83.66563284596072,1.320572836942725,,0.9542522257042436,0.8033971311460424,1.2780481337377516,1441,6771.0,2.865870714187622,1.6121797561645508,3.656980276107788,2.680744409561157,3.530017614364624,2.560694456100464,0.1373305629761551,0,0,0,0,0,0,0,0,0.0,0.0,0.0
81914ceb4e74,train,260642.0,0.4228642815499474,23.714854452726208,56.08147930064669,8.311783979558168,0.7305039095771211,7.581280069981047,1.0171200274886991,80.62252059810803,1.3045544906263535,0.8822575465125693,1.0540963384712552,0.7047099798910077,1.2846258893037514,1204,6554.0,3.4549601078033447,2.557246446609497,3.558565616607666,3.366252899169922,3.5494532585144043,3.3098583221435547,0.0963562753036437,5,0,0,1,0,0,0,5,0.000572803299347,0.0,0.0
8191ae701985,train,236926.0,0.7715473889920629,11.582857193133288,15.01250261278824,4.579911027071744,2.106986991718933,2.472924035352811,1.0909090909090908,89.1156462585034,1.19777404626706,1.0909090909090908,0.9117647058823528,1.0060499991730274,1.11256382238816,466,3675.0,3.1434855461120605,1.1217857599258425,2.96626877784729,1.5262142419815063,3.0265588760375977,1.373173713684082,0.8520225294418842,0,0,0,0,0,0,0,0,0.0,0.0,0.0
81b0a2651c45,train,235792.0,0.5638952171799076,23.659692456710705,41.957604419904506,4.515844473094931,1.3482221619054082,3.1676223111895228,0.9214919810232648,82.09856915739269,1.1383987258112638,0.9570244044334736,1.0573097607281436,0.8176794332587822,1.1281478233332498,419,3145.0,3.5329699516296387,2.204464912414551,3.572826147079468,3.4077694416046143,3.56011700630188,3.1379964351654053,0.4256259204712813,24051,1397,20634,2,4,78,0,2020,1.059612043917661,0.0615474626981403,0.9090696816846292
81bc03e2ff2b,train,256535.0,0.6655216018782766,23.053826564815857,34.640237822111125,5.709552302804686,1.4033172861402927,4.306235016664393,1.054295244008272,85.10056629564538,1.23651334629363,1.150792911137501,1.054295244008272,0.8836396210910596,1.179708596711676,837,5121.0,3.1276862621307373,1.6009186506271362,2.953444719314575,1.933524489402771,2.984748363494873,1.8602545261383057,0.325880329501222,59277,4415,51848,5,3,26,25833,3014,1.1587397402946724,0.08630389448523,1.013518532564033
81d79d53ed7b,train,262144.0,0.4068763504044148,10.62746397534714,26.119640438142863,7.635116577148437,0.8121490478515625,6.822967529296875,1.0893013887450995,79.63013326081044,1.3239666170245965,1.0056648883720063,1.0522956190493098,0.7933290933596432,1.2957138384791762,1697,7354.0,2.632282018661499,0.942849099636078,2.9883148670196533,1.860412836074829,2.936924695968628,1.7725430727005005,0.1190316448619031,99,0,99,0,0,2,0,0,0.0025810683589437,0.0,0.0025810683589437
8201cab8322d,train,262144.0,0.6942326976555789,17.066074909871016,24.582643496198152,7.647705078125,1.409149169921875,6.238555908203125,0.9934211791203972,75.51931330472102,1.275511527782724,1.0047904465790938,1.0610160669391406,0.8852350910882362,1.216492531528364,962,5825.0,3.1891446113586426,1.3120012283325195,3.515688419342041,2.0408194065093994,3.435146808624268,1.9213206768035889,0.2258774611715788,9784,5761,3941,6,19,20,2243,82,4.970660705667183,2.9268168770797875,2.002184570833439
82088c6734e6,train,261020.0,0.4613819507700639,24.73241918654219,53.6050860794681,7.318979388552601,1.3041146272316295,6.014864761320972,1.1156734595866065,77.18856731979147,1.2556738364787596,0.975342893301088,0.9769781823836524,0.7987796350262587,1.2178313876218487,1215,5563.0,3.372427463531494,2.6016223430633545,3.84654688835144,4.059663772583008,3.751157999038696,3.8554980754852295,0.2168152866242038,15,0,1,1,0,0,0,14,0.0017164121036804,0.0,0.0001144274735786
821789e9053f,train,259921.0,0.3960716670949177,22.74705131961965,57.43165494887159,7.389552979559173,1.5127673408458724,5.876785638713302,1.0573097607281436,78.7038807111451,1.2463989974815417,0.885686650451322,1.0573097607281436,0.8783849462184643,1.1885413695992142,1045,5231.0,3.410367965698242,2.193711757659912,4.050615310668945,4.4482502937316895,3.877097606658936,4.046762466430664,0.2574140752864157,6677,6,6401,3,1,50,0,270,0.7650231901593063,0.0006874553154044,0.7334002456506993
8241e43408a8,train,258022.0,0.4727795450446239,28.40459031434395,60.07998994893686,6.504096549906597,1.1549402764105383,5.3491562734960585,1.1471280157472297,75.60421400537079,1.2245361330794904,1.1067971810589328,1.1107479430585774,0.8240639827562587,1.1787530861759732,851,4841.0,3.42512845993042,2.812791109085083,3.625298500061035,3.795745372772217,3.5836353302001958,3.637057304382324,0.2159107375742645,0,0,0,0,0,0,0,0,0.0,0.0,0.0
8273fdb4405e,train,261048.0,0.8851382010403901,22.619233594910767,25.55446547027815,6.502635530630382,0.777634764487757,5.725000766142625,1.035874095737418,81.7680573424003,1.2550400932993822,0.9847982464479192,1.2271439821557926,0.7272057279371643,1.2323623459684907,963,5441.0,3.367237091064453,2.411062717437744,3.2866673469543457,2.035470485687256,3.291325330734253,2.072343111038208,0.135831381733021,9409,4899,2863,1,4,13,1222,1647,0.26959916286437,0.1403726537222392,0.082034477976479
82910bba4753,train,260297.0,0.7634314233839873,15.051873445276575,19.716077939990495,8.328178964797903,1.1348574897136732,7.193321475084231,1.0570198891906677,84.20300214438885,1.3204267568941654,,1.021476909797617,0.8420953263078653,1.2811266205275718,1349,6995.0,2.86476469039917,1.2697529792785645,3.2637288570404053,1.7936444282531738,3.1947686672210693,1.7297160625457764,0.1577654347361674,155086,57050,97076,1,23,234,5229,960,3.453575062358134,1.270433548531341,2.16176349092425
82ac8463fadd,train,257150.0,0.5423830487662897,21.5052873430176,39.649630260263024,6.33249076414544,1.1596344545984834,5.172856309546957,0.9574911162157008,74.33774834437087,1.257986811372247,1.0846522890932808,0.9824799136681815,0.8310938814196425,1.2081226973321737,951,5436.0,3.0501415729522705,1.7300090789794922,3.1360137462615967,2.2258553504943848,3.1019821166992188,2.1369779109954834,0.2241768155164636,438,0,438,0,0,4,0,0,0.0502221585208542,0.0,0.0502221585208542
82bb8a01935f,train,242814.0,0.7721401429016664,23.849186311627964,30.887121374112013,7.743787425766224,1.343003286466184,6.400784139300041,0.9413574486632832,83.45464228652583,1.2814448595804782,1.0643041683803829,,0.8765656335764129,1.2452975811536806,882,5633.0,3.305356979370117,2.07769775390625,3.5687789916992188,2.560647487640381,3.5141098499298096,2.4763991832733154,0.209818556170377,71429,34304,18633,2,11,26,0,18492,0.8159764088927252,0.3918752149778948,0.212855960840809
82d364726a58,train,262107.0,0.5965821123695311,17.102820304099332,28.66800721893856,8.300808448458072,0.8118821702587111,7.4889262781993615,0.9803374185276588,86.19131308059252,1.354224638551185,,1.098915558240033,0.8196498151696476,1.327392520442973,1616,7966.0,3.0726757049560547,1.4450429677963257,2.965825319290161,1.972485303878784,2.965801477432251,1.9169501066207888,0.1084110245045595,0,0,0,0,0,0,0,0,0.0,0.0,0.0
82deb07a6618,train,254216.0,0.4213708912592444,14.488338002522712,34.38381317519368,7.431475595556535,1.139975453944677,6.291500141611857,1.0436498932849436,74.57475380483437,1.2671690934209732,0.8770580193070293,1.0364191264038485,0.8625488677331901,1.222633505298781,937,5585.0,3.0580687522888184,1.4182199239730835,3.64488673210144,2.6703667640686035,3.546994686126709,2.513847827911377,0.1811929473552582,159744,78163,46981,9,52,84,2974,34600,3.123001619329828,1.5280897909885651,0.91848043793654
82e5bc01f8a4,train,259622.0,0.7187448441446568,27.904756785657863,38.824287941663016,12.83211746308094,0.9047769449430324,11.927340518137909,0.9870527381722992,88.1026137463698,1.4358413680081044,0.8249579113843055,1.03315715070157,0.7214521809756814,1.4257604490692843,2100,10330.0,4.530269145965576,3.807830333709717,3.347202777862549,2.308826208114624,3.3922653198242188,2.398178100585937,0.0758573919782987,0,0,0,0,0,0,0,0,0.0,0.0,0.0
82f2784ead76,train,251202.0,0.2880419013271979,13.278881696548597,46.1005209150616,7.4047977325021295,0.7257107825574637,6.679086949944666,1.0953721066293438,74.73501638080555,1.2492905438019315,1.4214846311870668,1.119598405414552,0.7404177402152317,1.215025896635343,837,5189.0,2.855043888092041,1.2671287059783936,3.746972799301148,2.8699748516082764,3.6318259239196777,2.734994888305664,0.1086541900107283,248473,89887,135068,8,54,160,24407,23518,4.867964879449431,1.761023367203161,2.646188037885307
83038ca49b6d,train,258434.0,0.6373284754890121,21.27312186275384,33.378583698823924,7.282323533281224,1.4518213547753005,5.830502178505924,1.0498411656479107,79.73868237026132,1.2510154090943983,1.0625,1.014134976662219,0.8235474913555164,1.1985517263387475,1140,5434.0,3.3969550132751465,2.1429543495178223,3.5764968395233154,2.4650754928588867,3.527379035949707,2.395772933959961,0.2490045128749668,1,0,1,0,0,0,0,0,0.0001147379786151,0.0,0.0001147379786151
830e297965a1,train,215951.0,0.6902280879865635,23.68920157800972,34.32083102719354,8.776064940657834,0.7367412051808049,8.03932373547703,0.9831553536769128,86.24423145189918,1.3029013686205573,0.8838834764831844,0.9504228335912276,0.723643461326895,1.2926234331491713,1197,5634.0,3.6875081062316895,2.6727664470672607,3.490459442138672,2.742065906524658,3.508424758911133,2.7366950511932373,0.0916421865099936,0,0,0,0,0,0,0,0,0.0,0.0,0.0
8329e80c10ac,train,259151.0,0.5938496235583245,25.583120538943163,43.0801326195175,7.824009940150723,0.86860556200825,6.955404378142473,1.029170292892238,83.57472544962597,1.3018519877558832,0.8481820113081203,1.0288963224019665,0.7448629234675719,1.2762925754004435,1163,6283.0,3.481120347976685,2.414138078689575,3.476780891418457,3.19971776008606,3.468998670578003,3.1232309341430664,0.124882108183079,0,0,0,0,0,0,0,0,0.0,0.0,0.0
8344c783da65,train,258555.0,0.5985840661319463,19.918322544822896,33.275731299590404,9.004660517104679,1.4874978244474095,7.517162692657268,0.9750127505737788,80.5239179954442,1.326858190973916,1.028991510855053,1.002589304908596,0.8965755331505997,1.2679523807676614,1392,7024.0,3.00435733795166,1.6863815784454346,3.593240737915039,2.736210823059082,3.468169450759888,2.570241451263428,0.1978802222679563,0,0,0,0,0,0,0,0,0.0,0.0,0.0
83517eaeccb9,train,260500.0,0.7350882240470505,28.35324738335581,38.571216972101865,9.179654510556622,1.3654510556621882,7.814203454894434,1.0685885365391798,85.71047720607838,1.3431336562380585,0.8711871219403557,,0.8083699430948337,1.3037396201737066,1450,7502.0,3.625943660736084,2.839979648590088,3.290183782577514,2.3945016860961914,3.3147692680358887,2.443621158599853,0.1747396345057968,8,0,8,0,0,1,0,0,0.0009857315360161,0.0,0.0009857315360161
835b9f6e12ba,train,259949.0,0.4899511166398483,22.67549802273217,46.281143674585,8.555139662010625,2.22389776456151,6.331241897449115,1.0960495882870316,87.46991817744265,1.2896960611787147,0.9615384615384616,1.172386736647581,0.9538870077576468,1.2026548831931334,1217,6233.0,3.326072454452514,1.7163681983947754,4.079870223999023,3.777716398239136,3.852015018463135,3.342216730117798,0.3512577469923441,35,0,34,0,0,1,0,1,0.0040055069999095,0.0,0.0038910639427693
837acf120946,train,257794.0,0.3342743788925979,17.24275358265189,51.58263591656234,8.931162090661536,1.1761328812928151,7.755029209368721,1.0880309147678482,88.05281578110086,1.2940727495052602,0.9648554015737,1.0476454436543672,0.8542081460338697,1.2559722329494736,1072,6286.0,3.3359158039093018,1.571879267692566,3.993826389312744,3.378807783126831,3.882503032684326,3.1771273612976074,0.1516606642657062,2797,0,2698,0,0,1,0,99,17.635561160151322,0.0,17.011349306431274
838b3e4d0bb4,train,262139.0,1.109258781077902,25.43663748373593,22.93120227456603,11.522512865311915,0.9365260415275866,10.585986823784328,1.032200144888794,87.25363787069442,1.4509842628054217,,1.0148994673614466,0.7945794708851575,1.4330580816906162,1913,10858.0,3.2994842529296875,2.1773931980133057,2.9009816646575928,1.5619603395462036,2.920410394668579,1.6075055599212646,0.0884684684684684,81,0,81,0,0,1,0,0,0.0032863600235806,0.0,0.0032863600235806
838c87c63422,train,255899.0,0.5201890005342836,10.754494252186271,20.67420541599377,5.545547266695063,0.582651749322975,4.962895517372088,1.1201790946320054,81.59493002376551,1.1794636329562034,,1.0941565765250418,0.8434215703586146,1.1482467663155338,665,3787.0,3.202146291732788,1.1940360069274902,3.74609899520874,2.0816869735717773,3.677039623260498,2.0175580978393555,0.1174015748031496,1128093,1088634,33446,1,29,53,0,6013,32.30741869540339,31.17735367921951,0.9578589049718966
83a63c4a3e4a,train,260038.0,0.5300977571779824,24.20040177069693,45.65271488702329,7.758096893530945,1.310962243979726,6.447134649551219,0.978577809464792,78.91121415078139,1.2715113203230666,,0.9421630606623848,0.8125042492427849,1.2282141651673135,1074,5823.0,3.5337092876434326,2.5036516189575195,3.638583421707153,3.232832431793213,3.60090970993042,3.107727527618408,0.2033402922755741,2,0,2,0,0,0,0,0,0.0002290549308082,0.0,0.0002290549308082
83b61051737f,train,255666.0,0.4180297797536923,21.661860058696337,51.8189399603534,6.506144735709872,0.8065210078774652,5.699623727832407,,81.94004840811768,1.25078304855822,1.1766968108291045,0.9,0.7383032882593186,1.2241716740164128,960,5371.0,3.851542711257935,2.6876134872436523,3.3453588485717773,3.001587152481079,3.374975204467773,2.9639735221862797,0.1415042547351084,376094,17660,345229,9,8,342,0,13205,7.356803626154178,0.3454486166699888,6.753050990054562
83d6e40c869f,train,248682.0,0.515920042269593,15.01250261278824,29.098506324248373,8.590891178291955,1.3201598829026628,7.270731295389292,1.0652286521295593,85.4357099329677,1.3239394662835433,1.0476454436543672,1.2537149477966687,0.8824355358485994,1.2758317238245052,1194,6564.0,3.040140151977539,1.4822007417678833,3.49609375,2.366783618927002,3.3954198360443115,2.2420802116394043,0.1815718157181572,22126,6625,14022,7,12,87,1721,1479,1.371517973976739,0.4106619622885246,0.869177665692029
83d81ba5959c,train,215940.0,0.6641627684974465,23.04700804019305,34.70084312665241,7.023710289895341,0.90025006946374,6.1234602204316015,1.4199567088524283,80.52631578947368,1.2510125892745547,,1.697056274847714,0.6444648271081682,1.2451673942382246,910,4560.0,5.6616530418396,3.1328346729278564,3.3066649436950684,2.4241154193878174,3.4482810497283936,2.531367540359497,0.1470165620509718,26,1,25,0,0,1,0,0,0.0017449277969011,6.711260757312086e-05,0.001677815189328
83df53d58f28,train,252163.0,0.6324445995417514,21.98129041603532,34.75607259823586,7.442408283530891,1.8361139421723247,5.6062943413585655,1.1111111111111112,83.18500284037114,1.2495605657846298,0.8962581595302719,0.9460132634618794,0.9376350240177505,1.1615013405815355,1016,5281.0,3.061100959777832,1.6217961311340332,3.909109115600586,2.952583312988281,3.6731786727905273,2.6663403511047363,0.3275093725684375,34,0,0,2,0,0,0,34,0.0038910951143867,0.0,0.0
83e529e95b0e,train,257809.0,0.4711627935897059,17.73289557407514,37.63645138227352,4.70154261488156,1.5783002144998817,3.123242400381678,1.071749194749951,76.8199233716475,1.1412697765988289,1.0,1.0434983894999017,0.9303147509417904,1.036238656736565,548,3654.0,3.057922601699829,1.510890007019043,3.679368257522583,3.0096595287323,3.4532463550567627,2.594733715057373,0.5053402881271734,3835,363,2625,0,1,9,0,847,0.1099444859185051,0.0104067401273578,0.0752553521606456
83fda7c0500b,train,261894.0,0.2527928999145072,10.32889283216425,40.859109712564745,9.907061635623572,0.5189122316662467,9.388149403957328,1.0551805068131872,85.11291383468537,1.3907541865475006,0.8772663218914428,1.0103913108330482,0.7629183789052123,1.3739209555722822,1931,9122.0,2.7446959018707275,1.0374563932418823,3.169380187988281,2.265348434448242,3.1221909523010254,2.178686141967773,0.0552731118070525,0,0,0,0,0,0,0,0,0.0,0.0,0.0
840527bc6628,train,250545.0,1.108215279375798,22.394476408218672,20.20769504354096,6.714163124388833,1.0481151090622445,5.666048015326588,1.052190917852858,79.16083916083916,1.2733317624785518,1.0666666666666669,1.1079213640258931,0.7729247346564196,1.2390658811580864,722,5720.0,3.4938759803771973,2.1583456993103027,3.0046794414520264,1.6194612979888916,3.0524046421051025,1.6939539909362793,0.1849816849816849,130211,47798,66358,8,25,61,9693,16055,2.5470215373360445,0.9349635241384234,1.298010576483901
840a06a9c690,train,259766.0,0.7120243101993216,23.793955481386725,33.41733581361278,7.207255760954089,1.0725037148818553,6.134752046072235,0.954390361188538,79.53119841531858,1.2834514477125265,1.0213243599737851,1.033695314262629,0.7442120965907977,1.2512580643470947,1215,6058.0,4.308428287506104,3.112390279769897,3.086062431335449,1.886707067489624,3.207799196243286,2.073473691940308,0.174824297188755,0,0,0,0,0,0,0,0,0.0,0.0,0.0
8421107255ae,train,248327.0,0.477907137708346,19.17835445493837,40.129876584187805,6.571979688072582,0.8665992823978061,5.705380405674776,1.0164847039054747,83.63978269954032,1.2315858116928269,0.8356716504931926,1.0490994977110422,0.7966710602680892,1.2002549707219643,785,4786.0,3.183536529541016,1.7015626430511477,3.664935111999512,3.005013227462769,3.5942516326904297,2.86527156829834,0.1518915866741954,60025,6148,31713,10,9,67,1567,22164,1.174449534867113,0.1202918074196253,0.6204967613367888
842d697884f6,train,260337.0,0.8389489164299395,33.504931062675496,39.93679520470957,8.9207450343209,1.6090682461578647,7.311676788163035,1.062830630820108,76.54746517305759,1.3241919719556958,,1.0741564169689657,0.8258950894291955,1.2888082123411808,1327,6963.0,3.7911102771759033,3.191046476364136,3.4518227577209477,2.980531692504883,3.4643337726593018,2.985604286193848,0.2200682952456002,11891,3097,8555,6,5,72,0,239,1.363776598001874,0.3551943590961066,0.9811713729632524
8446826853d0,train,242226.0,0.3632667845448715,14.48555516594004,39.87580418090978,5.674452783763923,1.1584222998356906,4.516030483928232,0.943433364214464,76.09354699003897,1.2205786107505792,0.8808303292720552,1.0274936706584832,0.8809653839644153,1.1693265661804668,754,4618.0,2.7328197956085205,1.1733744144439695,3.179198980331421,2.6087002754211426,3.0789289474487305,2.375453233718872,0.2565133924490355,8501,5765,692,1,6,3,184,2044,0.166237758518194,0.1127350520947404,0.0135321172679202
8448af27ba07,train,259975.0,0.6822162565337743,21.65278262071526,31.73888398779794,6.146360226944899,1.0951052985864025,5.051254928358496,1.0101710411563334,75.30445198642444,1.239792090425392,0.8731282501307986,1.055956419046446,0.7540878245400909,1.2141675852465377,890,5009.0,3.8682701587677,2.8402814865112305,3.172699213027954,2.221099853515625,3.254424571990967,2.3097915649414062,0.2167986597624124,0,0,0,0,0,0,0,0,0.0,0.0,0.0
847b04287c9c,train,256283.0,0.435878182127157,17.43709029908702,40.00450358398569,7.623603594463932,1.4468380657320228,6.176765528731909,1.1094003924504583,83.75834331678932,1.2790997750844575,1.0833333333333333,1.218415398160343,0.8735494140151935,1.218076932698304,1224,5843.0,3.122665882110596,1.6564666032791138,3.5800251960754395,2.670098066329956,3.4768404960632324,2.499918937683105,0.2342387871130764,8,0,8,0,0,1,0,0,0.0009163236180121,0.0,0.0009163236180121
848e66b9e199,train,262062.0,1.191072381183147,19.759117047618435,16.589350370118392,8.148453419419832,1.346246308125558,6.8022071112942735,0.9487540326084014,83.20020286547484,1.3554646925581948,1.0036644891978548,0.985008418718898,0.8864381149283301,1.3178497684945616,1455,7887.0,3.097787380218506,1.693230390548706,2.840085506439209,1.3947899341583252,2.842853546142578,1.371968388557434,0.1979131605520027,0,0,0,0,0,0,0,0,0.0,0.0,0.0
849a91e9ab28,train,260604.0,0.2334786351637211,10.027171394861918,42.946847739754055,7.914306764286043,1.3894644748353824,6.52484228945066,1.0823941625167146,83.18232395485614,1.292478435326408,1.1769646985527409,1.0504514628777804,0.8947968120431227,1.2375991321720117,1241,6291.0,2.853571891784668,1.0162829160690308,3.5711402893066406,3.00268030166626,3.430328845977783,2.737367391586304,0.2129498941425547,8638,6792,1687,2,6,12,0,159,0.2472715114478293,0.1944278890661793,0.048292086109341
84a72e15b23c,train,259321.0,0.7382378486192801,14.70445958359496,19.918322544822896,6.269835454899526,0.9366769370779844,5.333158517821541,0.9960807794600396,75.52541077569737,1.2443339805807934,1.030677001764963,1.0141372680745668,0.8328338406711484,1.1999315903476742,886,5234.0,2.947650909423828,1.3141008615493774,3.271944046020508,1.8443913459777832,3.214179515838623,1.7725719213485718,0.1756326825741142,80876,13498,59881,5,9,96,0,7497,2.3177743222152234,0.3868306766069178,1.7160918466364532
84b472c49cfa,train,258690.0,0.788841684102244,21.429697385410428,27.166030671666263,6.149445281997758,1.9393869109745252,4.210058371023233,1.0176563596237094,84.89292364990689,1.2029683016538302,0.921745835149465,1.131370849898476,0.9041440425761263,1.1414447112682615,491,4296.0,4.1515889167785645,1.9840514659881592,3.563889265060425,2.20246696472168,3.704222440719605,2.1562178134918213,0.4606555871820769,25,0,25,0,0,1,0,0,0.0062412778142545,0.0,0.0062412778142545
84b4da14bc23,train,259673.0,0.6791532203516095,23.499624836705927,34.60135965274487,6.493166405440689,1.3455384271757171,5.147627978264972,1.065301283133832,79.2560258113494,1.2512527142807262,1.060430864638069,0.9770187170710684,0.8343122441489565,1.2035885683076597,907,5269.0,3.497159242630005,2.278416395187378,3.34462571144104,2.4970858097076416,3.357527494430542,2.4480509757995605,0.2613899902745567,22,0,22,0,0,2,0,0,0.0025224787251851,0.0,0.0025224787251851
84b79243e430,train,258613.0,0.6347596623901164,26.491621003816125,41.73488419863495,7.21038772219494,1.2095292966710878,6.000858425523853,1.0095970867207655,77.01884834860799,1.27299847575114,,0.9633590625521904,0.8115449225656876,1.235587775122317,1007,5783.0,3.6070520877838135,2.861278533935547,3.304382562637329,2.620805501937866,3.3377339839935303,2.647373914718628,0.2015593788259553,11,0,1,2,0,0,0,10,0.0012597602790712,0.0,0.0001145236617337
84b88e8d3bca,train,257969.0,0.5817289148500017,12.916767635165224,22.20410109491601,6.673670092142855,1.2082847163806505,5.465385375762204,,84.38095238095238,1.2617322773469128,1.1028219331407116,0.9755937271062396,0.8827191274547246,1.2218724518767716,878,5250.0,3.1262214183807373,1.2311558723449707,3.371542930603028,2.011626482009888,3.313798666000366,1.8898409605026243,0.2210795091850486,0,0,0,0,0,0,0,0,0.0,0.0,0.0
84c663f39632,train,250333.0,0.8007776776931309,13.611521635837772,16.997878456164827,5.6568650557457465,1.4808275377197573,4.176037518025989,0.9009192002645994,81.86732186732186,1.2130717119374497,0.9203579866168444,0.9693364790925872,0.8963634199332704,1.1412305940861664,636,4070.0,3.4182491302490234,1.3065574169158936,3.5224714279174805,2.0385310649871826,3.487745761871338,1.883172869682312,0.3546011096231108,340046,307067,29279,2,2,60,0,3700,5.176603334925685,4.674555960798319,0.4457213701772382
84e8c62165b5,train,250066.0,0.5543378539250708,13.975779415495074,25.21166345855241,5.826061919653212,1.0421248790319355,4.783937040621276,1.002051272154551,80.51462502749065,1.219703551965503,0.9927337820337084,0.9613452228035344,0.8586877637042668,1.1591012719227245,725,4547.0,2.816962242126465,1.0841881036758425,3.385413885116577,2.205939531326294,3.271127700805664,2.047105073928833,0.2178383348658363,335300,57608,272723,2,10,303,0,4969,6.559420564301885,1.1269761403766865,5.33523666733702
851e40a21f81,train,260567.0,0.4057042712344755,16.732809572879322,41.24385854249152,8.810785709625547,1.695149424140432,7.115636285485115,0.8677218312746247,85.34740822435796,1.3004498207048774,1.1141720290623112,1.0217216347819025,0.9044503019852324,1.235303243311009,1367,6347.0,2.9427590370178223,1.400829553604126,4.113493919372559,3.7240123748779297,3.823521137237549,3.357572555541992,0.2382287902486381,2,0,2,0,0,0,0,0,0.000228956074777,0.0,0.000228956074777
8543a801dce0,train,257670.0,0.7280435472770863,23.440033546337357,32.19592239228556,8.175573407847246,2.028563666705476,6.147009741141771,1.0683704376618066,87.55522827687776,1.316030606112077,1.0182337649086284,1.0942692315849532,0.9493605892811574,1.2510341033123549,1266,6790.0,3.3534977436065674,1.9881343841552732,3.2496705055236816,2.21709418296814,3.261030435562134,2.1646804809570312,0.3300082075888629,126102,18542,94076,1,9,150,0,13484,1.9204156438445408,0.2823773363480792,1.4326895854968125
855f0a5442b6,train,254655.0,0.4805112734103831,19.27267558259707,40.10868557944767,7.984135398872985,1.8157899903791404,6.1683454084938445,1.0506848731250231,77.93800762473064,1.2869799371199384,0.90075469822209,0.9570236746913128,0.9355670319326864,1.2102244955800403,1012,6033.0,3.129506826400757,1.5812448263168335,3.719531297683716,3.3768272399902344,3.5706465244293213,3.0508131980896,0.2943722943722944,157068,5459,138601,4,8,168,6576,13008,2.386259999152257,0.0829360107429404,2.1056995832537626
8564b7aa3c1a,train,259450.0,0.5071873016577437,19.532815141104543,38.51203505541535,8.127192137213337,1.3046829832337636,6.822509153979572,1.073312629199899,76.81133103323043,1.2565175790625869,0.8280299936296638,1.0637025912946794,0.8410725590258797,1.2030476336226237,868,5507.0,3.1406729221343994,1.8493618965148928,4.130376815795898,3.3355860710144043,3.9393701553344727,3.1343109607696533,0.1912321337777526,0,0,0,0,0,0,0,0,0.0,0.0,0.0
857002ed4e49,train,250545.0,1.108215279375798,22.394476408218672,20.20769504354096,6.714163124388833,1.0481151090622445,5.666048015326588,1.052190917852858,79.16083916083916,1.2733317624785518,1.0666666666666669,1.1079213640258931,0.7729247346564196,1.2390658811580864,722,5720.0,3.4938759803771973,2.1583456993103027,3.0046794414520264,1.6194612979888916,3.0524046421051025,1.6939539909362793,0.1849816849816849,130211,47798,66358,8,25,61,9693,16055,2.5470215373360445,0.9349635241384234,1.298010576483901
857230f64a2e,train,231083.0,1.1226839274088305,18.70129047842627,16.65766296449001,3.8116174707788977,0.5197266782930808,3.291890792485817,1.0504514628777804,67.92664670658682,1.097914174638024,1.0443762011289497,1.0504514628777804,0.7018187744800842,1.0560339543154076,344,2672.0,2.92069935798645,1.6397557258605957,3.2414846420288086,1.5583516359329224,3.1984403133392334,1.5750218629837036,0.1578808991718154,93953,68395,22467,16,42,48,6352,3091,5.819216737998055,4.2362173511796,1.3915504821836695
8596a24a14bd,train,252960.0,0.5540784901082731,14.001030502896898,25.26903814685342,6.772612270714737,1.5836495888678053,5.188962681846932,,79.67189728958631,1.2702008314722584,0.9707253433941508,1.2109354908083003,0.9057989383652776,1.2014733011392518,1144,5608.0,3.15653133392334,1.310915470123291,3.213976621627808,1.9934042692184448,3.1705880165100098,1.852145791053772,0.3051957946061253,141357,45796,89268,8,51,194,0,6293,4.0503450000988535,1.3122066797153809,2.5578230824707973
85cbb84ac8e0,train,258410.0,0.8534974214743443,23.084868400025943,27.047379194361003,8.49115746294648,1.7634766456406483,6.727680817305832,1.0260530076739318,85.37101405470757,1.3128074322375085,1.116880781646981,1.0774816561889289,0.901685031466396,1.2533277860044392,995,6617.0,3.2729592323303223,1.9456169605255127,3.552430391311645,2.233036994934082,3.489727258682251,2.1728529930114746,0.2621225194132873,238743,21180,215434,3,19,167,2525,2129,6.844961029168273,0.6072482736573807,6.176672548966201
85cc6d636898,train,261177.0,1.2670101322618028,31.648725408125284,24.979062599623862,7.332192344655157,1.78423061755055,5.547961727104608,1.1109601487404526,81.7448798580874,1.2928912123455665,0.850090285378968,1.16945067431247,0.8786826717087715,1.2422789640297385,1052,6201.0,3.669020414352417,2.887125968933105,3.112381935119629,1.885392904281616,3.202042818069458,2.1100966930389404,0.3216011042097998,70278,4230,64317,5,5,151,561,1731,2.013929983278862,0.1212175051832662,1.843107867818472
85f99e7e4052,train,255200.0,1.3439460065971855,22.935883223409576,17.066074909871016,6.915752351097178,1.012539184952978,5.903213166144201,1.015346165133619,82.34442836468885,1.325663395608879,1.0526315789473684,1.0472926100297368,0.8070480127645355,1.3007103309611987,1218,6910.0,3.10256576538086,1.824010133743286,2.678921937942505,1.182880401611328,2.724361658096313,1.2770668268203735,0.1715233986060405,0,0,0,0,0,0,0,0,0.0,0.0,0.0
85fce24084da,train,247849.0,0.7195925734648773,21.848732984905546,30.362643793977345,6.495487171624658,1.5541720967201804,4.941315074904479,1.112019150156626,79.53629032258064,1.23922003770464,1.0327868852459017,1.039034088341039,0.8893274257329657,1.1712807931844955,749,4960.0,3.204495429992676,1.9411457777023315,3.3570399284362797,2.352264642715454,3.3211023807525635,2.2619998455047607,0.3145260063689066,73045,16178,42408,3,12,35,16319,14459,1.428536784846656,0.3163921980320241,0.8293707710558832
86410aa13b3e,train,259202.0,0.3657656338552961,17.097839209722437,46.74534080609298,8.001481470050386,1.5350961798134273,6.466385290236958,1.0001931652538545,81.16053563183007,1.3068024655859949,1.006230589874905,1.012303030397531,0.8922177153107224,1.2434657593959528,1235,6497.0,3.0993428230285645,1.6526238918304443,3.5309741497039795,3.250595092773437,3.4419708251953125,3.0284740924835205,0.237396336734085,0,0,0,0,0,0,0,0,0.0,0.0,0.0
8650d32f4a9e,train,212088.0,0.4975153331731098,23.23804296896005,46.7081945409598,7.611934668628117,1.1009580928671117,6.5109765757610045,1.0968816335804654,80.92921430308927,1.2245938952189237,1.1666666666666667,0.9245003270420484,0.7738957967823249,1.2142184308660102,819,4111.0,3.312473058700561,2.138579130172729,4.261733055114746,3.9656903743743896,4.086770057678223,3.726885080337525,0.1690926207545803,19,0,19,0,0,1,0,0,0.0079645201586197,0.0,0.0079645201586197
8660e1864665,train,261034.0,0.8014658014147126,25.29628831220864,31.56252988905669,8.64140303561988,1.098324356214133,7.543078679405748,0.9919132517402548,79.10131411615092,1.326604239204405,0.807207352795575,1.0612389176036234,0.8123948932690752,1.2902145283867974,1374,7077.0,3.4988698959350586,2.681123733520508,3.388845920562744,2.561415672302246,3.391075611114502,2.567042112350464,0.145606907059421,29,0,29,0,0,1,0,0,0.0033245671757457,0.0,0.0033245671757457
86722fcd802c,train,261944.0,0.5902256572460282,22.98414772393384,38.94128871180737,8.661775035885533,0.8211678832116789,7.840607152673854,1.1116362340544668,83.02883889476068,1.3030724919719907,1.0988845115895125,1.0220928782308785,0.7724666500204276,1.271656779244465,1259,6623.0,3.082492589950561,1.7122318744659424,3.633586645126343,3.012090921401977,3.568105459213257,2.905769109725952,0.1047326906222611,146073,5815,137178,4,10,300,0,3080,4.185075856702416,0.1666031101348267,3.930228966822917
8676427e4625,train,225900.0,0.7943307447564816,13.346410249100844,16.802081925196614,5.262505533421868,1.939353696325808,3.32315183709606,0.9238707425561746,85.48648648648648,1.1899276713109694,0.9157882087939492,0.994505452921406,0.977699546172977,1.0924984522386147,547,3700.0,3.364532947540283,1.3512126207351685,3.1939175128936768,1.559289574623108,3.20961332321167,1.4813027381896973,0.5835886505927801,14349,634,12988,1,1,36,0,727,0.5467460437213939,0.0241575713791458,0.4948872824484956
8688f3d0fcaf,train,242163.0,0.4493980692569094,11.225290995483862,24.97850294293688,5.458719953089448,1.2590693045593258,4.199650648530122,1.108249101927436,74.29385236173748,1.1990012145788334,,1.1055587022318898,0.859234900104327,1.121382341849737,803,4213.0,2.9897825717926025,1.155513048171997,3.26682710647583,1.8248074054718015,3.1814541816711426,1.6910734176635742,0.299803343166175,12203,3932,8111,5,15,92,0,160,1.3984066666972252,0.4505887907443653,0.9294826250578706
8693ab1fd2be,train,258646.0,0.4455235493070375,23.91256513519934,53.67295437557158,7.790570896128299,1.8720567880423435,5.918514108085955,1.0266521312207686,88.30674401740391,1.266395918365252,1.0127239288658885,0.9711376367075164,0.9223075913960952,1.196142778800002,907,5516.0,3.111222267150879,1.793639063835144,4.07662296295166,3.929867029190064,3.774669647216797,3.482154130935669,0.3163051998954795,0,0,0,0,0,0,0,0,0.0,0.0,0.0
869bbd3170cc,train,249331.0,0.9911300818913888,21.65255688025316,21.846332056568453,6.235887234238823,1.2934613024453436,4.94242593179348,1.0534063876503903,81.50069156293223,1.2779912395936734,,1.024805456480429,0.8843017488675464,1.2529217591443145,885,5784.0,2.9590306282043457,1.485085368156433,2.836508512496948,1.5960309505462646,2.855441093444824,1.5741393566131592,0.2617057534691227,44439,23222,9730,6,11,12,0,11487,0.869904294671638,0.454576330044888,0.1904671299344053
86b3a7929bec,train,254023.0,0.5473138441743202,22.098160463443996,40.37566507527571,7.377678399200072,1.14832121500809,6.229357184191983,1.0479508850703092,77.76284850520658,1.284227944653714,1.0301164479674407,1.0221507857543,0.8303279929432941,1.2403518980812211,1088,5954.0,3.1231882572174072,1.846303343772888,3.2556560039520264,2.2867588996887207,3.232388496398926,2.225616455078125,0.184340242669363,77376,49690,13129,10,16,20,0,14557,6.987587315491699,4.487350259858128,1.1856393954855575
86baef833ae0,train,249035.0,1.1498193882589194,28.921078988081465,25.15271466406073,5.910815748790331,1.1809584998092637,4.729857248981067,1.123841730600676,80.02002002002003,1.242506692073187,0.9707253433941512,1.116312611302876,0.7738041193297059,1.203306987504433,842,4995.0,3.781592845916748,3.0916824340820312,2.9412050247192383,1.5476977825164795,3.046412706375122,1.8438198566436768,0.2496816368112742,204785,33028,169031,1,15,200,8845,2726,4.004788889338679,0.6458977339017891,3.3055813206719544
86d58f850a0c,train,260827.0,0.6181931338067221,21.080907708029688,34.10084414593422,11.384940976202618,1.4921768068489842,9.892764169353631,1.107614489499099,91.78165093197772,1.3743372099102025,0.891792642741046,0.9985202256689982,0.8620670957940476,1.3378584597059158,1573,8262.0,3.3787429332733154,1.7024602890014648,3.825659513473511,2.568657636642456,3.732467651367188,2.469456434249878,0.1508351742045498,215,0,215,0,0,1,0,0,0.2482994375729018,0.0,0.2482994375729018
86d6808f0609,train,259387.0,0.5472542809971269,16.660729202791433,30.44421904280892,6.159522258247329,1.2911209891012272,4.868401269146102,,85.96190883800557,1.220102653945899,1.0037712264569911,1.0904849308706053,0.8693153947750045,1.170068977108333,882,4673.0,3.2013368606567383,1.3259928226470947,3.593534231185913,2.390620231628418,3.497542381286621,2.205098390579224,0.2652043078872347,233378,47033,182992,4,25,261,0,3353,6.691147757566096,1.348476516559428,5.246537850408072
86e7f98f73f1,train,242255.0,0.3667662554740589,13.413598844593302,36.5726089693168,8.406844027987038,1.365090503807971,7.041753524179067,1.01639485928435,81.32427843803056,1.3362099307002937,1.0687057498186447,1.0300524052492095,0.8849741836222086,1.2997163025672829,1102,6479.0,3.0444397926330566,1.2945153713226318,3.383122444152832,2.6210458278656006,3.3205294609069824,2.4547111988067627,0.1938566152763937,70758,54923,8197,9,11,12,4535,7638,1.3830113480109465,1.0735059253625767,0.1602157214681835
86fbac86ed3e,train,258865.0,0.243137640491764,13.48365604308112,55.45688448653783,6.945318988662044,1.062329785795685,5.882989202866359,1.125,82.6524064171123,1.2128341916798446,0.9882117688026184,1.1666666666666667,0.8669057119856934,1.1589774261560035,891,4675.0,3.075921058654785,1.1930092573165894,4.465251445770264,5.175708293914795,4.180881023406982,4.701219081878662,0.1805765316173091,38191,18689,17911,3,6,68,0,1591,1.0952809225929976,0.5359824346662965,0.5136701475364137
870f433e8f37,train,256696.0,0.7132724544422744,26.200609360634267,36.732961153141936,8.116215289681179,0.977810328170287,7.138404961510893,1.0639280274286549,82.26779252110977,1.3153901817168063,1.2415318255628207,1.0864289525102224,0.6955519696912835,1.2926606468762705,1151,6632.0,4.05281400680542,2.9577536582946777,3.222556829452514,2.25780725479126,3.2686431407928467,2.310000419616699,0.1369788255839336,136,0,0,5,0,0,0,136,0.0156058691838015,0.0,0.0
870fbe6eaa68,train,257496.0,0.6055843981243051,22.93120227456603,37.866236887197786,7.486718240283344,1.7852704508031192,5.701447789480225,1.066636907132665,82.75547445255475,1.2660547064886978,,1.125,0.8937359997415534,1.1994945712882827,974,5480.0,3.3139395713806152,2.152732610702514,4.00656795501709,3.701236248016357,3.809057474136353,3.3841311931610107,0.3131258088686056,25,0,23,0,0,1,0,2,0.0028675644054965,0.0,0.0026381592530568
8714d17bb6da,train,256196.0,0.4575624793469551,22.795803084490128,49.82008821401808,7.329934893597089,1.396977314243782,5.932957579353308,1.2998673672393632,81.94602812618776,1.2450909448050795,1.131370849898476,1.056645999647981,0.8842879179994863,1.1821043566260678,914,5262.0,3.164020299911499,1.764762043952942,3.9649970531463614,4.347733497619629,3.792811393737793,3.963273763656616,0.2354605263157894,1207,92,609,1,1,0,609,506,0.0748232478992768,0.0057031804529689,0.0377525749549789
87295c5fa1cc,train,259629.0,0.9188989587528074,21.17886251952841,23.04808631873281,7.363199026302917,0.8612289074024858,6.501970118900431,1.0888488177927131,79.86143187066975,1.315463353423782,,1.065482854520801,0.7465878064685572,1.2885780162144211,1190,6495.0,3.274827241897583,2.2152259349823,2.970033884048462,1.6203631162643433,2.995863914489746,1.6842517852783203,0.1324566080208518,22,0,0,1,0,0,0,22,0.0025229762863165,0.0,0.0
873dcc0b468f,train,257511.0,0.5033106331771897,19.918322544822896,39.57461104901927,6.271576748177748,0.9351056848056976,5.33647106337205,1.0450347489699685,78.7722059815606,1.1986907236174889,1.006230589874905,1.0143602216695171,0.8515716390341617,1.144914393094871,791,4447.0,2.9270241260528564,1.4832998514175415,4.10797643661499,3.888887405395508,3.884396314620972,3.588489532470703,0.1752292242759423,38139,32434,115,9,28,2,0,5590,1.0923313407931152,0.9289355962999528,0.0032936916067859
873fe0404d6e,train,249434.0,0.5091864915001555,27.23784410788823,53.492864721608406,9.788160395134584,1.2339937618768893,8.554166633257696,1.0242981457292593,85.3077975376197,1.345329512877028,1.0795912380986197,1.021308232982224,0.810105716580285,1.3192858507007823,1326,7310.0,3.4237632751464844,2.477414131164551,3.685632944107056,3.4582741260528564,3.6479573249816895,3.3489673137664795,0.1442564559216384,56762,33444,6410,1,11,9,3429,16908,0.6474473440024546,0.3814740314438901,0.0731147153915601
874f8c1929f6,train,257806.0,0.8668499511577895,24.411305542044563,28.160935476134163,8.03899055879227,1.3828227426824822,6.656167816109788,,84.95292535305985,1.2769402081028651,1.028991510855053,,0.8423426435298375,1.2302517017987964,1230,5948.0,3.311963558197021,2.1717662811279297,3.641391038894653,2.319068193435669,3.5718014240264893,2.2886180877685547,0.2077505827505827,56,0,56,0,0,1,0,0,0.0064223055847681,0.0,0.0064223055847681
875a2fc5fe23,train,229269.0,0.6397907045438482,21.666889795479715,33.8655901712851,8.81628131147255,1.4232190134732563,7.393062297999293,1.018442678986854,86.43700787401575,1.2672441595307151,1.0349959503354025,1.0161254766941086,0.8368456115123689,1.2199351410955828,921,5080.0,3.643046140670776,2.136341094970703,4.21950101852417,3.523150682449341,4.116923809051514,3.336609363555908,0.1925073746312684,103433,16754,85310,1,23,1,84809,1369,3.36913992518596,0.5457307658732278,2.7788164997400657
875d2ffcbf47,train,261130.0,0.8573381486092189,23.59299341728353,27.51888908192909,7.99946386857121,1.2484203270401717,6.751043541531038,1.056257093001269,78.2799939329592,1.306552413826123,0.957206171533769,1.0751178530614878,0.7991667331989597,1.269644058724334,1351,6593.0,3.4598405361175537,2.407090663909912,3.345266342163086,2.387689113616944,3.356513261795044,2.3754260540008545,0.1849225707640819,0,0,0,0,0,0,0,0,0.0,0.0,0.0
876deb29f000,train,209098.0,0.4551090078643823,22.16256420945056,48.69726554842169,8.293240490105118,1.1850902447656122,7.108150245339506,1.0213243599737851,88.9550107117353,1.2386043372366826,1.150792911137501,,0.8695611220760279,1.1978424426120586,800,4201.0,3.603115797042847,2.146995306015014,4.487747669219971,3.821582317352295,4.323855876922607,3.617671012878418,0.1667227343066675,5379,134,5245,0,1,1,5234,0,0.3613027857056017,0.0090006643027608,0.3523021214028409
876e1dd12d38,train,256486.0,0.6840878845156331,26.240283271684085,38.35805876062761,8.475706276365962,0.9899175783473562,7.485788698018605,1.0846522890932808,81.03145673012015,1.3458677306176867,1.0179731971185753,0.9329968547046216,0.7754966582622951,1.3153357027795904,1470,7407.0,3.309668064117432,2.5719940662384038,3.191870927810669,2.5658950805664062,3.190538167953491,2.554870128631592,0.1322395833333333,175640,3825,165862,6,8,136,0,5953,3.434525783581856,0.074795383296519,3.243323363222807
87774aafe068,train,261664.0,1.097791451105784,34.905969171817176,31.79653943985178,6.859178182707595,1.620016509722392,5.239161672985202,1.132482470099906,75.00435161009574,1.2668032449314717,0.928828236807605,1.0823117459700458,0.887879001760744,1.200680476988641,1059,5745.0,3.1750972270965576,2.365856170654297,3.255618095397949,2.2434239387512207,3.2259716987609863,2.261809825897217,0.3092129258151579,87204,67353,15187,7,21,26,7701,4664,2.5004838730489163,1.9312771237725757,0.4354714070454784
878a3a097436,train,244819.0,0.5861733911914557,20.20769504354096,34.47392076680043,5.769160073360319,1.3377229708478509,4.431437102512469,1.0859868681260585,83.54928273947246,1.2019599364043825,,0.9348741343855252,0.9401286506360952,1.1283505429309146,730,4322.0,3.2445919513702397,1.6428625583648682,3.356987953186035,2.46655011177063,3.3289899826049805,2.3087027072906494,0.3018711401972532,14998,0,14075,0,0,18,0,923,0.29338546640621,0.0,0.2753300733209364
878e356c8fc9,train,260651.0,0.7140030504575056,27.49971680726011,38.51484498510105,7.047354508519054,0.7584854844216979,6.288869024097356,1.0137157549844669,79.16007731505887,1.2754748741881197,0.829935804784006,1.0837286764193772,0.7274385901563738,1.2497407257235575,1145,5691.0,3.157785654067993,2.3651068210601807,3.344527006149292,2.377113580703736,3.3132710456848145,2.3681342601776123,0.1206076134699853,1,0,1,0,0,0,0,0,0.000114522874799,0.0,0.000114522874799
879744b9dc65,train,255113.0,0.5108227063598383,19.296876723113964,37.7760747180269,9.39975618647423,0.8200287715639736,8.579727414910256,0.9034371468228052,82.8982354363065,1.3817961317683929,1.0588235294117647,,0.7702949352616348,1.36208700431483,1469,8274.0,3.1121788024902344,2.1124088764190674,3.071805238723755,2.0916531085968018,3.0717575550079346,2.086763620376587,0.0955774853801169,101775,34059,41729,12,38,49,16522,25987,1.9908655898224168,0.6662430962786706,0.8162793436276065
87a9f4d20f07,train,260595.0,0.5023530243456689,19.942465930741232,39.69811061995087,7.71657169170552,1.041079069053512,6.675492622652008,1.0213243599737851,80.12443829934324,1.274498719408875,0.9370425713316364,1.0769651864139678,0.8220004659394656,1.230386660369137,1233,5786.0,3.121799230575561,1.810218334197998,3.794637680053711,3.2072696685791016,3.692817211151123,3.047976493835449,0.155955392044148,2,0,2,0,0,0,0,0,0.000229208234535,0.0,0.000229208234535
87b1938994b5,train,254017.0,0.7887765357535276,27.7908284232815,35.23282851807019,7.125113673494294,1.1365381057173338,5.98857556777696,1.0482965687310666,77.2477360931436,1.295312178812102,0.9299811099505544,0.9708936785619056,0.7880748166235618,1.2604881264021932,923,6184.0,3.5307705402374268,2.82826566696167,3.07251238822937,2.232164144515991,3.126604557037353,2.314361810684204,0.1897843807520378,210630,51233,135761,4,22,33,112366,23636,4.118700224795033,1.001820104528908,2.654697152439816
87b671c6d4c5,train,257703.0,0.4692839364828112,18.591299828355112,39.61631409694772,9.140367011637428,2.143552849598181,6.996814162039247,0.9860701435575004,85.2061556329849,1.3246718468933405,1.0338682751933663,1.0814939108823254,0.9746365752776144,1.2466742961724528,1469,6888.0,3.155319929122925,1.3858952522277832,3.7483062744140634,3.205950260162353,3.569488525390625,2.852078914642334,0.3063612667073374,84,0,62,1,0,2,0,22,0.0096141410280034,0.0,0.0070961517111454
87d46b1cc4e9,train,209094.0,0.8875022030766538,24.424302628759687,27.520272675481067,8.131749356748639,2.0588826078223192,6.07286674892632,0.939619407771256,90.1948051948052,1.2823118617040865,0.9671271234844026,1.1094003924504583,0.9310683542962004,1.2141617647147205,1014,4620.0,3.94929575920105,2.489665031433105,3.695550441741944,2.4924092292785645,3.697646617889404,2.4578564167022705,0.3390297684674752,6461,1692,4769,0,4,1,4698,0,0.438816032100605,0.1149166887965057,0.3238993433040992
881ec6186e68,train,260944.0,0.629182909484997,26.85062627378144,42.67539036583081,6.310932613894169,1.0358544362008706,5.275078177693298,1.043778711808346,73.01209597461828,1.2303053745209531,0.953998092005724,1.1766968108291045,0.7691572486580904,1.1941900310896003,1010,5043.0,3.618728399276733,2.780372142791748,3.3580973148345947,2.7759952545166016,3.380602598190308,2.760772228240967,0.1963675989829277,12,0,0,1,0,0,0,12,0.0013751595758091,0.0,0.0
882a71de424e,train,252835.0,0.3802364948250542,13.868102813305136,36.472308686954975,7.373188047540887,1.257737259477525,6.115450788063361,0.9347472858737202,74.14519906323186,1.2095662723038432,,1.0242950394631678,0.9019300010088138,1.1455365695249515,590,4270.0,3.3605737686157227,1.287235975265503,4.723772048950195,4.190589904785156,4.4308905601501465,3.809136390686035,0.2056655025223127,82774,520,80848,3,1,54,0,1406,2.3717961024421985,0.0149000165905953,2.3166087333008782
883c6a184f16,train,257248.0,0.6855155250647064,24.254921161704694,35.38201583314288,7.331057967408881,1.4791174275407388,5.851940539868143,1.0990328781158851,76.47637795275591,1.2941788615812253,1.0434983894999017,1.031348087510381,0.8847636941574596,1.2332518169604123,1122,6096.0,3.0494818687438965,1.9978539943695068,3.270190477371216,2.399511814117432,3.212559938430786,2.3153669834136963,0.252756742394048,231,55,176,0,1,3,0,0,0.0264739151711578,0.0063033131359899,0.0201706020351679
883ddb650967,train,259325.0,0.6893424482779771,24.21034577261529,35.12092695451199,6.620649763809891,1.07394196471609,5.546707799093801,1.0213243599737851,69.81164980816185,1.2701556221006738,1.0213243599737851,1.0713348651559544,0.7470857645013018,1.2313875446791531,1074,5734.0,3.4233944416046143,2.544996738433838,3.090970277786255,2.2894210815429688,3.127767324447632,2.313666582107544,0.1936179087875417,8,0,8,0,0,1,0,0,0.000915297248502,0.0,0.000915297248502
8846b09384a4,train,262043.0,0.7531744970251626,19.74157274327001,26.211154017088912,8.454719263632304,0.8094091427742776,7.645310120858027,0.9183513419331636,85.64,1.3430305949648718,0.9497097738259116,0.848000135627868,0.7821268677993897,1.3177970436100082,1312,7500.0,3.081843614578247,1.983665108680725,3.116835832595825,1.8420926332473757,3.109246253967285,1.8523600101470947,0.1058700209643606,0,0,0,0,0,0,0,0,0.0,0.0,0.0
885fa5fc5da8,train,257590.0,0.7227230349173871,19.36056042076878,26.78835388577568,5.803796731239567,1.2356846150859893,4.568112116153578,1.028991510855053,73.01490100020412,1.2297119061539636,0.9428090415820634,1.0988845115895125,0.8435600560362808,1.1815700776314306,899,4899.0,3.1490254402160645,1.8370521068573,3.0301167964935303,1.7941187620162964,3.0466115474700928,1.7959401607513428,0.2705022520608481,2,0,0,0,0,0,0,2,0.0002289817638923,0.0,0.0
8860c7b11530,train,243951.0,0.6064157157209273,16.866020310879662,27.81263722828946,6.270931457546802,0.6714463150386758,5.599485142508127,1.0520223502964396,79.57349312654212,1.2820821209257012,0.9,1.0725274998491905,0.7784931747232819,1.2914919889347332,1013,5674.0,2.9949796199798584,1.6724601984024048,2.876371383666992,1.4766020774841309,2.8874616622924805,1.4956188201904297,0.1199121522693997,71943,0,64596,2,0,59,0,7347,1.4066612428196104,0.0,1.2630094608394915
8871e6a26596,train,257041.0,0.6404869385871681,20.08929251010742,31.3656552535198,9.723351527577313,1.5970214868445112,8.126330040732801,,89.29587922286845,1.3749373233775453,0.8333094209864272,0.9434121741854816,0.8729839317003405,1.349273890240387,1402,8081.0,3.3299365043640137,1.901285171508789,3.193622350692749,2.048094749450684,3.2030251026153564,2.0189383029937744,0.1965243201838376,62092,59456,956,3,27,4,0,1680,1.2148311450838096,1.1632577556223505,0.0187041579382226
887c26fc0e1f,train,252738.0,1.0859347420682683,31.41190009346908,28.926139736207407,7.1580055235065565,1.602845634609754,5.555159888896802,1.0194598762530571,80.35124326204138,1.2727992189502375,1.0666666666666669,1.008365745801482,0.8366689351254369,1.2197719474654969,969,5751.0,3.972000122070313,3.083930492401123,3.250757932662964,2.1499831676483154,3.339152336120605,2.322578430175781,0.2885327635327635,190885,98072,66686,5,41,12,63237,26127,3.735647986241402,1.919283701216265,1.3050549891845569
88e4399d207c,train,259986.0,0.7894143072042346,26.10568206244552,33.06968447899127,7.455016808597386,0.7908118129437739,6.664204995653612,1.052805079780056,76.0453808752026,1.289748799235424,,1.0308835519622908,0.6836137567284102,1.2715462499157195,1087,6170.0,4.904821872711182,3.853328227996826,3.1751887798309326,2.18655776977539,3.274098396301269,2.3478634357452397,0.1186655892877756,0,0,0,0,0,0,0,0,0.0,0.0,0.0
88e5051f65bd,train,217605.0,0.6001991847986887,21.739776095102624,36.220935725519695,6.380827646423565,1.211369224052756,5.169458422370809,,81.58447009443861,1.2001062831529978,1.1141720290623112,,0.8113233641763288,1.1544436823835054,857,3812.0,3.2390072345733643,1.97886061668396,3.854637384414673,3.241872787475586,3.724062919616699,3.0374388694763184,0.2343319406169437,0,0,0,0,0,0,0,0,0.0,0.0,0.0
8906c9ed54a2,train,227304.0,0.6277625739880831,24.06562739628396,38.33555613772668,11.165663604687994,1.4922746630063703,9.673388941681624,0.9370425713316364,86.75194152581088,1.3399907764361283,1.0932163332202425,1.0439177412345688,0.8447383203947918,1.3005164887826428,1347,6567.0,4.189065933227539,2.8328683376312256,4.129268169403076,3.3842029571533203,4.104387283325195,3.3105123043060303,0.1542659632526833,24,24,0,0,1,0,0,0,0.0016096989728779,0.0016096989728779,0.0
891329021e12,train,258620.0,0.4520258710611549,18.909710211481222,41.83324765701943,7.233392622380326,1.178176475137267,6.055216147243059,1.0326331263125696,78.63264140163778,1.2516145109914103,1.0,1.0147744364029578,0.830506100228423,1.2050884430600364,882,5251.0,3.0419275760650635,1.646989345550537,3.8264312744140634,3.1018741130828857,3.6749227046966553,2.906696081161499,0.1945721583652618,29,0,0,2,0,0,0,29,0.0033229291276508,0.0,0.0
891392c9683c,train,232369.0,0.5886661538547362,11.673245559291228,19.829992743513174,4.710611140040195,1.5187051629089938,3.1919059771312006,1.0021337841184457,80.74651547365934,1.230551526727248,1.0988845115895125,1.0277777777777777,0.9395644231367448,1.1620946007207655,706,4233.0,2.854593276977539,1.0945526361465454,2.6384780406951904,1.1925026178359983,2.6927011013031006,1.1686345338821411,0.4757988405015505,39704,8288,30171,2,9,119,0,1245,0.9927513945876748,0.2072316028194299,0.7543900444817835
894a37fc3738,train,219234.0,0.8003346908872137,29.38175394427186,36.71183353516842,9.44972039008548,1.737412992510286,7.712307397575193,1.0933303728032004,86.90316395014382,1.292725274075804,1.0,1.1045045954972343,0.8446378462477051,1.2502620506106856,1083,5215.0,3.827889204025269,2.68982458114624,4.245072364807129,3.441116571426392,4.131032943725586,3.3037569522857666,0.2252779749231133,0,0,0,0,0,0,0,0,0.0,0.0,0.0
8958a4d17b7e,train,259861.0,0.7507409377439181,23.72806606976782,31.60619712716612,6.672798149780075,1.2575954067751605,5.415202743004914,0.995495472593952,71.78745707572746,1.2558732543191966,0.9925397398266405,1.013763423412312,0.833635813471956,1.2028875065324305,832,5533.0,3.0418577194213867,1.9044103622436523,3.2138266563415527,2.119161605834961,3.1718575954437256,2.075841188430786,0.2322342239909039,118391,29057,75809,12,30,161,14772,13525,3.393777162672608,0.8329432390619047,2.1731284719704007
895fe2bfc5b6,train,226846.0,0.4226771320472968,20.344458217586595,48.13238444920197,9.517910829373232,0.8512382850039234,8.666672544369307,1.039595943709967,82.00715243629861,1.219016778754984,1.0,1.0322510977887531,0.7203149605718324,1.203052938430056,1066,4474.0,3.415276050567627,2.3760876655578613,5.58624267578125,5.926308155059815,5.322666168212891,5.670629978179932,0.0982197355035605,0,0,0,0,0,0,0,0,0.0,0.0,0.0
896ad584a841,train,259990.0,0.6988095900578625,31.216504800245577,44.67097367347349,8.4095542136236,1.3804377091426594,7.029116504480942,0.9391506302175636,81.04655953852493,1.2240185813138047,1.0434983894999017,1.0350674347532944,0.8502326715476202,1.1708228061128798,933,4854.0,3.4876275062561035,2.393622636795044,5.353217124938965,5.437442779541016,4.968324184417725,5.035830020904541,0.1963885088919288,1,0,0,0,0,0,0,1,0.0001146694309644,0.0,0.0
898f0bc8acfa,train,215335.0,0.7917303221271699,31.133255963795904,39.32305621458211,7.747463254928367,1.610513850511993,6.136949404416375,1.0082646033524354,82.13364595545134,1.2394518763358453,0.953998092005724,1.121356001727143,0.8929863689068471,1.192320629161025,598,4265.0,3.935023307800293,2.751878261566162,3.996901512145996,3.2679481506347656,3.970595598220825,3.162558078765869,0.2624290578887627,91,64,27,0,1,1,0,0,0.0061056614913916,0.0042940915983414,0.0018115698930502
89b044cbaf85,train,260870.0,0.6705889114862401,20.69263434655025,30.85740606818078,7.474220876298539,1.1151148081419864,6.359106068156553,,75.81855388813096,1.2735440415275197,0.8315667549715153,1.008579315267019,0.7976127656891501,1.240808454503186,1026,5864.0,3.844216108322144,2.578299045562744,3.443392515182495,2.374871015548706,3.4754364490509038,2.38904333114624,0.1753571643860389,200780,38536,153219,18,51,300,8386,9025,5.75196533121643,1.1039831457503553,4.389433091361939
89b725411cee,train,261069.0,0.4622300016300342,15.621878934650912,33.79676541886296,6.695930960780483,1.814462843156407,4.881468117624077,0.992509930545726,79.01234567901234,1.2139659948990098,1.0644002897775875,1.0414603430312623,0.9327781970797188,1.1193542886801546,630,4617.0,3.4115235805511475,1.5970711708068848,3.9648938179016113,2.8797237873077397,3.791271209716797,2.572200059890747,0.3717043314500941,117473,111625,700,3,38,4,0,5148,3.368509612351709,3.20081963922569,0.0200723292045508
89d2a7403a06,train,236682.0,0.5702783446407091,10.027171394861918,17.582942591269724,6.000878816302042,1.6063747982525076,4.394504018049535,0.965775803766256,83.18122555410692,1.235084151211071,0.8572691638005766,0.9411764705882352,0.9044157029689988,1.1908786878156967,585,4602.0,2.9760565757751465,1.030806064605713,3.3020482063293457,1.8313392400741575,3.199266195297241,1.6510655879974363,0.3655417748293433,100667,1756,96508,1,5,190,0,2403,2.200186432398585,0.0383792839291119,2.109286978035728
89d9c071a56f,train,241972.0,0.6259286784923694,12.629215041989774,20.176763704786428,5.866381234192386,1.3423040682393004,4.524077165953085,0.984868739429355,82.39253148067738,1.22944163533053,1.0833333333333333,1.131370849898476,0.8726313874551155,1.1766206321977526,727,4606.0,3.343940734863281,1.18629252910614,3.132396936416626,1.9026257991790767,3.162193775177002,1.775347113609314,0.2967022928656253,1275,0,285,1,0,3,0,990,0.0365066121348551,0.0,0.0081603015360264
89ed6a0dd53f,train,261711.0,1.581762145077844,28.148586371638107,17.795713760903553,6.282884555865057,0.9013759452220196,5.381508610643038,1.1086692609059097,80.04346251358204,1.2537807327647268,1.1043152607484654,1.0802003888783425,0.7388798027141348,1.233524619024324,948,5522.0,3.32227110862732,2.37629508972168,3.0194785594940186,1.622753620147705,3.045261859893799,1.7231580018997192,0.1674950298210735,42102,600,38494,1,4,70,0,3008,1.206339946493772,0.0171916765924721,1.1029606645843726
89ee1fa16f90,train,253257.0,0.4210012004559538,19.716077939990495,46.83140551294757,7.714298124040007,1.7195970891229069,5.9947010349171,0.9785272427507908,82.27098571926157,1.27991246922269,1.0462287486943735,1.060759980269189,0.9064889987406825,1.2074612018076003,975,5742.0,3.195067405700684,1.4374818801879885,3.763812780380249,3.4545271396636963,3.627650499343872,3.112778186798096,0.2868528520616519,31731,3374,26194,5,6,34,11407,2163,0.9084748324900216,0.096599353465738,0.7499476777360822
89fc080f7e83,train,254487.0,0.8979687631932745,27.923788730976565,31.09661479946868,6.364568720602624,1.8189534239469995,4.545615296655625,0.9628291900505946,78.5191637630662,1.278699300955983,,0.9991519128846712,0.8878604274061319,1.2226037299991197,709,5740.0,3.6034750938415527,2.540776491165161,2.7666447162628174,1.6131917238235474,2.935894727706909,1.8697041273117063,0.400155601659751,23904,1911,5343,2,2,15,0,16650,0.4679700682397618,0.0374117637385452,0.1046002373914427
8a01daa423f7,train,258282.0,0.4634361717938628,9.364470323927,20.20660210375709,4.601946709410644,1.7697710254682866,2.8321756839423577,1.150792911137501,77.38722905682484,1.1318957643696026,0.820804103542363,1.150792911137501,0.9655695228738786,1.0169877557079563,401,3414.0,3.036602258682251,0.9736904501914978,3.7575159072875977,2.185295343399048,3.441577911376953,1.8015626668930051,0.6248803827751196,9124,2636,5139,3,3,7,283,1349,0.2773926790708987,0.0801410677368357,0.156238599051441
8a234d68b27e,train,213540.0,0.7015183768118342,13.61258676498717,19.40446211381064,5.869158003184415,1.5121288751521964,4.357029128032218,0.9560817298886372,82.0759137769447,1.2629595157014677,0.8348365735275822,0.935401078118858,0.932614305025656,1.2203032562875231,634,4268.0,3.39009165763855,1.3344088792800903,2.949354410171509,1.5744998455047607,3.0350687503814697,1.5327986478805542,0.347055030094583,274728,48403,225735,0,9,257,0,590,11.318781783191818,1.994201518053615,9.300272290515728
8a25a080f28f,train,250516.0,0.5514499442766985,23.00196015376824,41.71178253347806,7.712880614411854,1.1324625971993805,6.580418017212473,1.0044862486259911,80.99936346276257,1.2983974719347935,0.9357754408380656,1.0504514628777804,0.7863059325581766,1.278157762726217,1034,6284.0,4.071409702301025,3.0045456886291504,3.1414618492126465,2.1494669914245605,3.229508399963379,2.257460117340088,0.1720958447073096,19707,2515,14302,23,10,31,10899,2890,1.2210687806165632,0.1558323429872967,0.8861686558267665
8a3eb86ae4bd,train,217465.0,0.7569786711610056,28.31205022668281,37.40138435242778,6.769365185202217,1.1486905938886718,5.620674591313545,1.0932163332202425,74.37698232895333,1.2447204039105892,0.8677218312746247,0.9919349550499535,0.7521049324084015,1.2167595099161277,733,4414.0,4.174515247344971,3.099106788635254,3.374078750610352,2.6403982639312744,3.45474624633789,2.700861930847168,0.2043688128937249,84,0,0,0,0,0,0,84,0.0056321898423456,0.0,0.0
8a482c024fc2,train,259327.0,0.7491390925443647,26.98731655503922,36.024440352431625,7.438485001561735,1.1934738766113826,6.245011124950352,0.9910869501081224,80.3461753210497,1.2535843559972584,0.9692435141339464,0.9577042613611466,0.850763038481201,1.2185008040015506,1080,5373.0,3.076911211013794,2.09366512298584,3.944373607635498,3.2147583961486816,3.7813024520874015,3.0554003715515137,0.1911083667798703,49,0,0,2,0,0,0,49,0.0056115501735572,0.0,0.0
8a67f1efa315,train,257090.0,0.3337839213031643,13.121798282485114,39.31225396134956,8.183126531564822,1.394842273133922,6.7882842584309,1.0721397078371329,83.11975953171967,1.3031526156514,1.0909090909090908,1.1052508557156566,0.8959080778035547,1.2573922735050969,978,6321.0,3.345309972763061,1.264126539230347,3.4873433113098145,2.573352813720703,3.4419949054718018,2.3907594680786133,0.2054778821911529,180082,9149,168708,4,11,153,7219,2225,5.160562256614763,0.2621804738161974,4.834620546134335
8a759f94613a,train,254021.0,0.9153756410487688,23.23804296896005,25.386346246154904,7.674168671094122,0.8078072285362233,6.866361442557899,1.0629515891064831,79.14828897338403,1.307338767715369,0.9357604759733028,1.0303240565264298,0.7604024412409562,1.284407610446281,1079,6575.0,3.7556638717651367,2.9832406044006348,3.1145811080932617,1.9485621452331543,3.169783115386963,2.0569138526916504,0.1176470588235294,52991,18988,2380,25,7,9,0,31623,4.78719992483723,1.7153734062918102,0.21500888492598
8a7765e785fb,train,224319.0,0.4225873166119123,25.46963501202894,60.27070385413214,11.370414454415364,1.1131469024023823,10.257267552012982,0.9998714629864616,87.78979907264296,1.2754905521759616,1.019913119965239,1.0158730158730158,0.7945996937173179,1.2525385697771505,963,5176.0,3.604313135147095,2.4968128204345703,5.704814434051514,6.175600528717041,5.391228199005127,5.844205856323242,0.1085227519666217,0,0,0,0,0,0,0,0,0.0,0.0,0.0
8a81f62320d6,train,259759.0,0.6549856246074834,25.19900073694996,38.47260121479932,6.706986090953538,1.128738561512787,5.578247529440751,1.3643667276084503,70.4841228526809,1.273575923860195,1.088313479429616,1.5480095223563728,0.7781654857969246,1.234474610751752,1053,5763.0,3.4805312156677246,2.7061991691589355,3.018602132797241,2.387194871902466,3.068222761154175,2.4158852100372314,0.2023464458247067,73,0,6,3,0,1,0,67,0.0083724813740962,0.0,0.0006881491540353
8a8a251770cd,train,260722.0,0.4967084106449718,22.396222965123204,45.08927669664762,7.645691579536825,1.3224814169882098,6.323210162548615,1.0761146860415407,80.07861354296945,1.2687187415189645,1.0223623228098362,1.149442255794756,0.8153835661528273,1.2175253778480104,1018,5597.0,3.3080904483795166,2.2416481971740723,3.86666750907898,3.4020779132843018,3.760753631591797,3.222837448120117,0.2091471551619556,25,0,5,2,0,1,0,20,0.002859561228925,0.0,0.000571912245785
8a9bef2fbd4e,train,260272.0,0.4332369904070781,26.557430699545357,61.30000735761612,7.545567713776357,1.2694411999754105,6.276126513800946,1.0359255022244636,84.65510119785213,1.2322493487637571,1.1028219331407116,0.9749423960828072,0.916128217141706,1.1768401877599246,1021,4842.0,3.1585917472839355,1.853209137916565,4.641107082366943,4.812084674835205,4.295862674713135,4.387124061584473,0.2022650749923477,162706,4877,155124,3,12,319,8585,2705,4.666365720598535,0.1398710903061906,4.448915934520713
8aa3c4681542,train,261019.0,0.6008089319814676,21.256965286538684,35.380574680261866,7.800581566859117,0.902616284638283,6.897965282220834,1.0815636001919695,76.72609400324149,1.2828216060284234,,1.0689339534257976,0.7146788909382509,1.2553431037165117,1321,6170.0,3.5997061729431152,2.751495838165283,3.4722697734832764,2.646214723587036,3.4862060546875,2.6432318687438965,0.1308525409608442,5,0,0,1,0,0,0,5,0.0005733543869064,0.0,0.0
8aab201c0691,train,249948.0,1.2457417787673348,20.830309243278712,16.72120948202473,5.394722102197257,1.2674636324355466,4.127258469761711,0.9943955236138404,76.98046960719772,1.2120846841041264,1.0300524052492095,0.9987482407528128,0.8536570859190658,1.155323255258483,550,4557.0,3.30393648147583,1.7331180572509766,2.99418306350708,1.4983662366867063,3.048360109329224,1.548052430152893,0.3070957735556417,53973,30699,19974,19,27,81,0,3300,3.3442095166810826,1.9021341773218563,1.2376047447091685
8ab3faa3701f,train,217940.0,0.5709987734607,24.912918096610948,43.6304231366718,6.417362576856015,0.9456731210424888,5.471689455813527,1.0647902538189826,76.48944696767299,1.1874748285978265,0.9321699169354788,1.1256594778799738,0.6484723107365132,1.1629655494012048,749,3743.0,4.601704120635986,3.4509551525115967,3.8251349925994873,3.283837080001831,3.8738396167755127,3.291771411895752,0.1728301886792452,0,0,0,0,0,0,0,0,0.0,0.0,0.0
8ab8d9b3ce3f,train,255928.0,0.9899842514710436,20.583482537032687,20.79172724863769,6.198618361414148,0.7334093963927355,5.465208965021413,1.139287427668835,73.57079252003562,1.271123297275924,1.181757895737503,1.01500654079611,0.7347101496806918,1.2477560383889972,1097,5615.0,3.3930904865264893,2.1854405403137207,2.9072070121765137,1.4744887351989746,2.9390575885772705,1.552758812904358,0.1341960391792378,190426,18435,157810,10,20,233,11381,14181,3.724662938600352,0.3605818600038727,3.086705903293256
8ac0c44bbf24,train,258328.0,0.4082249119966522,11.582857193133288,28.37371471643132,4.551577839026354,1.133055650181165,3.418522188845189,1.0428053910412094,71.28851540616246,1.1357024167242276,1.0292417215604788,1.116312611302876,0.880622139611679,1.0430747185557925,527,3570.0,2.8320729732513428,1.0357131958007812,3.446758270263672,2.09372878074646,3.270047187805176,1.8817111253738403,0.3314460423508096,57314,47879,6850,7,22,19,300,2585,1.6451750592678092,1.374347221668064,0.196626463970138
8acdf12f412a,train,260423.0,0.6646164552267017,25.113725497864664,37.78679462472583,7.381068492414265,1.3927341287059898,5.988334363708274,1.0178147284582877,78.30188679245283,1.2724644121770468,0.9563890684173496,1.0666666666666669,0.7918682586710555,1.234422001445031,1070,5724.0,3.864814043045044,2.77803897857666,3.3948662281036377,2.765803337097168,3.451504230499268,2.7613141536712646,0.2325745431227957,1,0,0,0,0,0,0,1,0.0001144676852001,0.0,0.0
8acffaf1f4b9,train,255507.0,0.7136788036470387,18.152602486888632,25.435255179396208,8.515617967413808,0.5181854117499717,7.997432555663837,,81.77673570405106,1.354538978936425,1.1043152607484654,0.9617412705225878,0.6741233695794419,1.342345122208202,1297,7677.0,3.843367576599121,2.5755655765533447,2.9497530460357666,1.5970449447631836,2.978875160217285,1.6444587707519531,0.0647939708329255,139923,56325,20868,11,24,11,4811,62730,12.650339351277166,5.092303366570802,1.8866611034815717
8af50c9d0a86,train,262114.0,0.5528940955196785,11.049791899241082,19.985367882894675,8.934662017290186,0.7347947839489688,8.199867233341218,1.010608294415403,84.35869433321199,1.3590074692017284,1.0932163332202425,1.0764619281267451,0.8149867529566313,1.3355569348454754,1787,8241.0,2.746819496154785,1.0915430784225464,3.0722851753234863,1.869327425956726,3.03009033203125,1.78760826587677,0.0896105708835434,111,0,0,1,0,0,0,111,0.0127417049778742,0.0,0.0
8b079e79035f,train,256032.0,0.3531797549639011,13.754056731843606,38.94350267401206,7.850581177352831,1.94663167104112,5.903949506311711,1.4887744463292594,87.5,1.2436581841049117,1.052899465793327,1.0923705873318257,0.976923076051136,1.1544017607176285,1069,5120.0,3.563326120376587,1.3838934898376465,4.430190563201904,4.002945899963379,4.159029483795166,3.515352249145508,0.3297168563111934,5,0,0,1,0,0,0,5,0.0005727166930879,0.0,0.0
8b26d3cd61e8,train,230084.0,0.3231770448992923,9.959161272411448,30.816425329697843,5.307626779784775,0.7384259661688775,4.569200813615897,0.984957024646314,85.24723047824912,1.1819069939363052,0.9934800715262958,0.9370425713316364,0.8438574037041046,1.143995875318247,737,3701.0,3.135392427444458,1.144070029258728,3.642168283462525,2.435166120529175,3.5421559810638428,2.289980888366699,0.1616094359364596,120578,22883,96853,3,27,140,7493,842,5.309913779626556,1.0077025412529192,4.265131941964296
8b568d47a1fd,train,258547.0,0.4858976429384982,18.25653498024804,37.57280004455349,7.22615230499677,0.848201680932287,6.377950624064484,1.0761659596980315,78.08336180389477,1.2655655516753197,1.1094003924504583,1.0598483094595887,0.7529120033104882,1.2342329177823617,1294,5854.0,3.272878170013428,2.104968786239624,3.44903564453125,2.8118538856506348,3.4155964851379395,2.7276766300201416,0.1329896907216494,0,0,0,0,0,0,0,0,0.0,0.0,0.0
8b58f9a338e8,train,218230.0,0.6701763963641844,23.069551834071536,34.42310406517985,8.483251615268294,1.604728955688952,6.878522659579343,,82.70440251572327,1.254753400672246,0.9642101587457328,1.116312611302876,0.8562924982483507,1.202781168907353,965,4770.0,3.404421329498291,2.20613956451416,4.229825019836426,3.30651330947876,4.037662506103516,3.115818500518799,0.2332955832389581,8,0,0,1,0,0,0,8,0.0033532713257577,0.0,0.0
8b8fe3fc8950,train,258831.0,0.776957321771867,23.74986194040386,30.567781877956712,9.292936317519926,2.4004079882239764,6.89252832929595,1.0313096087058802,86.90153568202349,1.3635115860230256,1.006997986006042,1.0490994977110422,0.965934258396386,1.2927001213642997,1528,7749.0,3.5203969478607178,2.001694202423096,3.168296337127685,2.118337392807007,3.213669776916504,2.069918394088745,0.348262331838565,1321,0,480,0,0,0,480,841,0.3305830624354036,0.0,0.120121021929594
8bad12d70368,train,250272.0,0.6428815089013243,10.754494252186271,16.728579222266877,7.1773909985935305,1.1571410305587522,6.020249968034778,0.990946930168468,87.72591544868773,1.304244049712621,1.0,,0.8465501796707254,1.267358390497996,1078,6363.0,2.8643338680267334,1.074416160583496,2.9900248050689697,1.549143671989441,2.954206705093384,1.4750818014144895,0.1922081369881197,42178,18775,22034,0,6,82,0,1369,1.491921206695358,0.6641097409954324,0.7793871655442534
8bbd7835e9aa,train,257083.0,0.8892528520890169,17.77204538991233,19.985367882894675,6.756961759431779,1.5559177386291587,5.2010440208026205,1.0864289525102224,84.47968927010844,1.2910628706503195,0.8546257450202136,1.1466075247228102,0.8965329393880926,1.232387219557205,1169,6179.0,2.98316502571106,1.429402470588684,2.9249203205108643,1.5425220727920532,2.9271240234375,1.514033317565918,0.2991548874429736,6256,4279,0,7,4,0,0,1977,0.1791875494441347,0.1225613049986337,0.0
8bdb891661a8,train,195385.0,0.6867895969960266,10.027171394861918,14.600063015980613,6.390459861299486,1.277477800240551,5.112982061058935,1.1094003924504583,77.52782382192754,1.2713229775302364,0.9299811099505544,1.0169503597462533,0.8966503709322005,1.2206732677634646,810,4223.0,2.9218928813934326,1.0687624216079712,3.0297293663024902,1.3938119411468506,2.9897243976593018,1.3332456350326538,0.2498498498498498,16170,5628,8781,1,3,17,0,1761,0.5973097788143789,0.2078948321068227,0.3243646980685875
8be6629a6039,train,262144.0,0.4386677260179278,16.72599724672902,38.12908097562082,11.2579345703125,0.6175994873046875,10.640335083007812,1.0868353199361342,87.70529406367557,1.443933744146644,0.953998092005724,1.1942341287334703,0.7423219868001892,1.4300596424730287,2493,10899.0,3.2729909420013428,1.9910281896591189,2.891290664672852,1.7744580507278442,2.9029040336608887,1.7740472555160522,0.0580432366543577,0,0,0,0,0,0,0,0,0.0,0.0,0.0
8bed09514c3b,train,261885.0,0.5291766360659361,21.32465855375515,40.29780814264458,7.728583156729099,1.2138915936384291,6.514691563090669,1.300024352631359,81.39870223503965,1.259288777655829,1.1,1.7143187827498387,0.8666076547672515,1.2033290596812038,988,5548.0,3.278328895568848,2.101412057876587,3.769542217254639,3.141321897506714,3.6760568618774414,2.989787578582764,0.1863313990973565,18789,12184,1471,4,6,10,0,5134,0.5382176342543484,0.3490150436827389,0.0421373218366143
8bf05909e1e1,train,258038.0,0.6466045899148246,23.458017611813094,36.278767546180205,7.770948464954774,0.8115083824863004,6.959440082468474,1.0638930447136443,82.14224507283633,1.2734839676459428,,1.0550054563686184,0.7569988319952551,1.2463345156905987,1273,5835.0,3.1669182777404785,2.183958053588867,3.6246495246887207,2.6624341011047363,3.559555768966675,2.6060593128204346,0.1166054126294687,0,0,0,0,0,0,0,0,0.0,0.0,0.0
8bf2d925dc0c,train,258532.0,0.580995653590621,19.74157274327001,33.97886476648282,6.838998653938391,1.8175699719957297,5.021428681942661,1.071749194749951,80.81220074481291,1.263673518414975,,1.0050921401594035,0.900780243126378,1.1898064098977696,1049,5639.0,3.430478811264038,2.0163285732269287,3.200268030166626,2.230259895324707,3.2414379119873047,2.1693410873413086,0.361962717608997,84,0,1,4,0,0,0,83,0.0096111599297012,0.0,0.0001144185705916
8c29a76fa08c,train,259495.0,0.2840752435991026,13.499866274199958,47.522149776808654,7.8313647661804655,1.2108133104684098,6.620551455712056,1.0641560249860025,82.28826662085552,1.2670856419449223,1.0291165933949735,0.9859135364147824,0.8366818832810168,1.2117975428931709,1310,5821.0,2.8482413291931152,1.1286401748657229,4.045690059661865,3.929122924804688,3.815118074417114,3.6002848148345947,0.1828870779976717,0,0,0,0,0,0,0,0,0.0,0.0,0.0
8c2f0f04e1ed,train,260900.0,0.951103455257314,21.466976859089076,22.57060127416038,9.324262169413569,1.5461862782675355,7.778075891146033,1.041472541671434,83.03628670342351,1.360916087374224,1.070481562861578,0.9412730028094428,0.8627957891075805,1.3190873501247868,1275,7799.0,3.480273962020874,1.9195419549942017,3.141193389892578,1.7808254957199097,3.181657075881958,1.8001433610916138,0.1987877593258759,13060,8242,1941,4,7,2,1245,2877,0.3744408832102829,0.2363048820382199,0.0556500577573628
8c7c26c52a6c,train,257311.0,0.3114306066541739,10.58205846764588,33.97886476648282,7.047502827317915,0.926893914368216,6.120608912949699,0.970196443402075,82.40705970709726,1.2492931730886392,,1.0994280849897269,0.8380286507468117,1.2084365378006954,913,5326.0,2.799588441848755,1.0450363159179688,3.5848073959350586,2.563332319259644,3.4547290802001958,2.4009881019592285,0.151438186551527,231526,196925,31844,3,34,29,12654,2757,6.635307968382224,5.643677261619298,0.9126177921493204
8c84e96d9b01,train,260851.0,0.5349140050795252,21.294989905482502,39.81011845505259,10.86482321325201,1.2896251116537794,9.57519810159823,0.9947691211279304,86.37976929902396,1.3980669583837178,1.0,1.0233360896824308,0.7949858037755494,1.3736991021726184,1632,9016.0,4.136734962463379,2.3343868255615234,3.242417573928833,2.135622501373291,3.3081960678100586,2.158541440963745,0.1346839091964607,1428,0,1064,1,0,1,0,364,1.6711918359704148,0.0,1.2452017601348189
8c87bd748996,train,252693.0,0.5923974487873136,14.268943356293414,24.086773812924275,5.841871361691855,1.6838614445196345,4.158009917172221,1.026231939777362,84.21753185016163,1.2572525323117036,0.9778024140774094,1.0760309641590096,0.9217243847634355,1.191871966130135,804,5259.0,3.083096742630005,1.293931007385254,2.883872032165528,1.728142499923706,2.9301490783691406,1.6272435188293457,0.4049681164937661,205738,8519,192813,5,7,317,0,4406,4.024972522947105,0.1666621670424831,3.772113207414285
8cb6b0efaaac,train,260924.0,1.1749220866726968,24.727762671008925,21.046299964482195,5.66793395778081,1.1328969355061245,4.535037022274685,0.9466509492190276,70.66781189607043,1.2111678565259831,1.025229189260113,1.012881401710312,0.7613463178568814,1.182214460243804,708,4657.0,4.191478252410889,3.069265127182007,3.0196428298950195,1.5650591850280762,3.1690449714660645,1.87113618850708,0.2498098537986985,103290,10094,85456,6,14,80,0,7740,2.9614087922503924,0.2894032369926949,2.450093423860485
8cb6b5b2f19c,train,247845.0,0.9396992901681286,27.01200433629253,28.745370587073246,5.237951138816599,1.4440476910972584,3.793903447719341,,75.39986483442216,1.2144352382584271,0.9583148474999098,1.00275482615608,0.9102667781348872,1.1507813268996618,721,4439.0,3.442657709121704,2.217919111251831,3.015634298324585,1.8292046785354612,3.1026885509490967,1.921665072441101,0.3806232053599915,90119,32060,44124,7,19,113,0,13935,1.763847688926781,0.6274920594657353,0.8636138375504088
8ceff4c4c860,train,258488.0,0.4485062628153899,17.66244497660141,39.38059831256239,7.3821608740057565,1.078193184983442,6.303967689022314,0.9651089632621288,77.04320666319626,1.2723605353452243,1.0269382571933736,0.961384362005646,0.8337241948246347,1.2314092246595028,1113,5763.0,3.036460399627685,1.669022560119629,3.6778080463409424,3.146212100982666,3.5621516704559326,2.969224691390991,0.1710340595274624,29,0,0,2,0,0,0,29,0.0033204028450127,0.0,0.0
8d13c46e7d75,train,260027.0,0.936538092720982,26.16226910061254,27.935082730699914,7.1381048891076695,0.9187507451149304,6.21935414399274,1.1938175082003295,78.16675122611196,1.274654653525405,,1.173001955433045,0.7265630212667746,1.2409786339342452,1208,5913.0,3.4587931632995605,2.4393832683563232,3.286186456680298,2.2691240310668945,3.2746589183807373,2.262462615966797,0.1477244620331437,12,0,12,0,0,1,0,0,0.0013757854875267,0.0,0.0013757854875267
8d3d67661620,train,261124.0,0.2635619931482939,12.474231117756544,47.32940045243125,8.80692697722155,1.3376786507559626,7.469248326465587,0.9787878732976648,81.63533012680367,1.3163879846237652,1.028591269649903,0.848528137423857,0.8559891069782605,1.270385763339094,1289,6861.0,3.1161460876464844,1.2345104217529297,3.644587278366089,3.188232421875,3.538827657699585,2.9617934226989746,0.179091468416735,41890,4130,34165,4,7,97,0,3595,1.1999124628196138,0.1183012287286943,0.9786347408028672
8d4d14a4ab07,train,260222.0,0.7636810306568734,26.48932593042673,34.68637411046098,7.542406099407429,1.0859958035830943,6.456410295824335,1.030892182034247,74.43724420190996,1.2758765950797393,0.8249579113843055,1.0329390684826505,0.7625420795332071,1.2386087359779108,1183,5864.0,3.419370412826538,2.309435606002808,3.622605800628662,3.05422043800354,3.5793004035949707,2.961303472518921,0.1682042735551455,0,0,0,0,0,0,0,0,0.0,0.0,0.0
8d4ff745a409,train,259340.0,0.4598686274171171,16.665840941324795,36.2404390030466,8.203516619110049,0.9948330377111128,7.208683581398936,1.108116050033463,78.99184581171238,1.314975109217129,1.0261953630166738,0.9816354755678992,0.7765860655758177,1.2862024087660937,1445,6745.0,3.2611804008483887,1.7439783811569214,3.3330841064453125,2.312514543533325,3.312575340270996,2.240527868270874,0.1380048141214228,7,0,7,0,0,1,0,0,0.0008008887576956,0.0,0.0008008887576956
8d62ba9cb22a,train,257603.0,0.9572839048598406,13.869452777984163,14.488338002522712,4.958793181756423,1.4052631374634612,3.5535300442929625,1.0588235294117647,80.3461875547765,1.2140218580198523,1.0536089137432665,1.060430864638069,0.8777309308715515,1.157688476262495,832,4564.0,3.0816378593444824,1.2081446647644043,2.835667848587036,1.343029499053955,2.898301362991333,1.3141084909439087,0.3954555385623771,46641,4839,41512,2,8,39,19941,290,2.060319598900067,0.2137579927333767,1.833751145763161
8d7bb0649a02,train,255230.0,0.6581212531251112,25.425926461569507,38.63410631526277,7.4771774477921875,1.4837597461113503,5.993417701680837,1.1586154817152334,80.58173545661359,1.2921750013976765,0.9177999171377654,,0.8358915046795548,1.2445471379718471,982,6154.0,3.655762195587158,2.654135704040528,3.230609655380249,2.6246132850646973,3.2901079654693604,2.6226065158843994,0.2475648820030071,28429,495,23689,7,3,42,12935,4245,1.2520892745069974,0.0218011252904064,1.043326983847348
8d8aca52c07b,train,261488.0,0.7400104827280599,10.71946267093123,14.48555516594004,7.645857553692712,0.9155295845316036,6.730327969161109,0.9628779680062356,80.86471408647141,1.3318597692565028,0.9910512741843184,0.982973929224593,0.8118773467480503,1.296636205527252,1289,7170.0,2.7695045471191406,1.0191247463226318,2.9110970497131348,1.2893269062042236,2.892969846725464,1.2571990489959717,0.1360304562759247,14516,7027,1839,2,7,10,0,5650,0.4408757013586479,0.2134219863217979,0.0558535694956292
8d9516ea3587,train,255664.0,0.7967583886169015,29.6093146283222,37.16222515048912,8.211950059453033,0.8929688966768884,7.318981162776144,1.050887898447474,86.57707509881423,1.3075414660569455,1.0219193204465873,1.034855511015116,0.7692099212071967,1.2834517649328778,1142,6325.0,3.812588930130005,2.8692569732666016,3.528783082962036,2.7284491062164307,3.549582004547119,2.737205266952514,0.1220072680632749,2,0,0,0,0,0,0,2,0.0002294446292748,0.0,0.0
8dafa62f9322,train,260637.0,0.8642927766968521,27.370451839278573,31.66803261260932,6.144561209651738,1.5604077701937944,4.584153439457944,1.0347581527777974,74.8283752860412,1.2231713669882254,,0.9806406232088328,0.839801072321036,1.1598291697727066,848,4807.0,3.557480812072754,2.600838661193848,3.3025190830230717,2.270282030105591,3.346989870071411,2.338686227798462,0.3403916973552058,9,0,9,0,0,1,0,0,0.0010314536046438,0.0,0.0010314536046438
8db2ce991101,train,261736.0,0.3013687077763481,9.777099591532838,32.44231845991331,5.382522847449338,1.372757282146896,4.009765565302442,0.9207338730881488,81.61148783406462,1.248083281241014,,0.9207338730881488,0.9371660039570876,1.1928347513693822,837,5014.0,2.9166619777679443,0.9907130599021912,3.010068655014038,2.068817377090454,2.987447500228882,1.875064253807068,0.3423535016674607,78015,54328,21522,2,37,47,10,2165,1.7057686311739684,1.1878612855786626,0.4705704349179792
8dba09a4e5ed,train,250083.0,0.8658587466441999,20.20660210375709,23.33706529162131,5.188277491872698,1.1216276196302828,4.066649872242415,1.0302042296151677,80.65229408512991,1.1622131415752284,0.8483187018690381,,0.8502089562776645,1.0932721216714318,662,3618.0,3.0066041946411133,1.6451396942138672,3.8939249515533447,2.3642001152038574,3.6183929443359375,2.213327646255493,0.2758112094395281,123476,47628,67151,1,19,39,25775,8697,1.8771637186680767,0.724072318448307,1.0208738610926822
8dc22e65c06f,train,233858.0,0.6276226237520598,14.068462922309571,22.415480879585488,6.386354112324573,1.2811193117190771,5.105234800605496,0.9645011908375304,84.82438701126574,1.2326780299708644,0.9307339847058176,1.0,0.9245895314043328,1.1763994293648723,846,4527.0,2.9749388694763184,1.2527276277542114,3.501136541366577,1.91204845905304,3.3633780479431152,1.789385199546814,0.2509422899740346,3002,1768,145,3,4,2,0,1089,0.0807687940804706,0.0475680306243411,0.0039012242310687
8dfa629ca74e,train,249470.0,0.3945634398786934,14.598484108839658,36.999079573434095,6.646891409788752,1.57453802060368,5.072353389185072,1.0823117459700458,77.00318809776833,1.223985270085137,1.0434983894999017,1.1141720290623112,0.9218735201546584,1.1570703348132698,945,4705.0,3.2541654109954834,1.327102541923523,3.66339921951294,2.7678492069244385,3.5439460277557373,2.494589328765869,0.3104156788367315,4621,1882,2385,6,5,4,2348,354,0.530525600357281,0.2160677731816496,0.2738159612317929
8dfff47b06b7,train,258441.0,0.5892882653688131,20.991412594746965,35.62163685986389,8.317565711322894,1.1909874981136894,7.126578213209204,0.9652753170967886,81.8347594333006,1.3265332474545817,,,0.8473875981144594,1.2800522964171512,1433,7129.0,2.9771270751953125,1.6953550577163696,3.296217679977417,2.537359952926636,3.251961708068848,2.4387025833129883,0.167119122597459,57926,1405,49894,8,2,70,0,6627,1.1324390233412327,0.0274674037184413,0.9754154029380152
8e20b8fac7c3,train,254573.0,0.2689550948930669,13.680565323382034,50.86561133493771,7.226610834613254,0.8445514646093655,6.382059370003889,1.015346165133619,81.2997123032662,1.283239777268075,0.7660323462854266,1.0020457825703342,0.8460451859093722,1.254144577403661,1150,5909.0,2.679174423217773,1.119731903076172,3.475343704223633,3.2246017456054688,3.3684818744659424,3.0420501232147217,0.1323321228534498,16823,1082,11031,8,3,30,0,4710,0.3288907761220174,0.0211531724284623,0.2156567884088435
8e2a3978c244,train,261263.0,0.4119491400382024,21.680017232288787,52.62789777951296,10.174039186566793,0.9128732350160568,9.261165951550735,1.125,82.53946275270009,1.3357094982700148,,1.0523710172959235,0.7463569799086488,1.3064591305068396,1442,7222.0,3.322115182876587,2.112578630447388,4.123286247253418,4.389483451843262,4.028115749359131,4.215487003326416,0.0985700115721606,0,0,0,0,0,0,0,0,0.0,0.0,0.0
8e3b79e1f1f7,train,255092.0,0.9864218557633062,16.726214408587147,16.956451553523397,5.732833644332241,1.6774340238031769,4.055399620529064,1.072280531162795,81.2137611132586,1.2511971072388,1.0333047928055918,0.9146779490189896,0.9548493414287024,1.1639565058940509,843,5174.0,2.9830360412597656,1.308709979057312,2.886113166809082,1.3694313764572144,2.89741849899292,1.3466691970825195,0.4136297728371194,80656,58964,14357,4,34,11,11804,7335,34.992060668639205,25.5811330250154,6.228687450650331
8e4a354e3da2,train,224804.0,0.5304123415823994,24.022401443107213,45.290049947631815,9.518958737389015,1.519545915553104,7.99941282183591,1.102097225912721,84.40349544072949,1.2747600191488029,1.0293004709313307,1.0388873586839074,0.8308445517489281,1.2273421685974233,996,5264.0,3.67246150970459,2.645051956176758,4.390214920043945,4.315154075622559,4.256539821624756,4.084768295288086,0.1899571817827949,0,0,0,0,0,0,0,0,0.0,0.0,0.0
8e63fc4ab532,train,258188.0,0.8144449125578106,30.15435688065968,37.02442782282009,8.216106093234387,1.1615566951213845,7.054549398113003,1.0021960783671375,79.21984798508532,1.3249378097639275,1.0515712281065748,1.0252038002751132,0.7758642133248738,1.295248063901412,1260,6973.0,3.57079553604126,3.018354892730713,3.1926307678222656,2.5067715644836426,3.2327327728271484,2.565945625305176,0.1646535631931481,79628,39636,5753,9,25,15,0,34239,1.5581306111379296,0.7755822688383857,0.1125725298371993
8e67f2d7e0ee,train,257210.0,1.0857331025677877,27.21654488881174,25.06743584076408,7.585241631351813,1.404688775708565,6.180552855643248,1.0424933826313665,79.82731554160125,1.297251078596018,1.0151294522759395,1.0464724227545734,0.8508193480965267,1.2522593608572918,1170,6370.0,3.203613519668579,2.244786024093628,3.134340763092041,1.77073872089386,3.1384167671203613,1.854519009590149,0.2272755865886645,2,0,2,0,0,0,0,0,0.0002292447531607,0.0,0.0002292447531607
8e6df9eedcd8,train,262137.0,0.5078388046878268,12.629215041989774,24.86855066097808,11.499330502752375,0.273139617833423,11.226190884918957,0.9733559844406424,88.12154696132596,1.4481150293789933,0.9647638212377322,1.0331893874526972,0.6308768907351182,1.4417073651773151,2271,10860.0,2.734471082687378,1.2418444156646729,2.9925320148468018,1.809662103652954,2.9857137203216557,1.7959671020507812,0.0243305695256218,372,37,0,0,1,0,0,335,0.0115566927230736,0.0011494559966498,0.0
8e76054f0831,train,257872.0,0.4775185489678129,18.58338958339352,38.916581614604745,7.278029409939815,0.711981137928895,6.56604827201092,1.0123842254210142,80.25895140664962,1.2952995342067446,1.0123788974630348,1.0198161811685582,0.7153571467848413,1.2755471603803743,1142,6256.0,3.386583089828491,2.0808067321777344,3.161238193511963,2.450542449951172,3.163315773010254,2.411052227020264,0.108433734939759,0,0,0,0,0,0,0,0,0.0,0.0,0.0
8e7981855125,train,259589.0,1.4190320941108137,26.687629293440324,18.8069243847252,7.586993285539834,1.453451417432942,6.133541868106892,0.9232341411407976,80.67805588663754,1.3430821146569192,1.0243599749610106,1.050054121212506,0.881041914690885,1.2886824518133777,1226,7551.0,2.9038069248199463,1.5896906852722168,2.7604494094848637,1.4468194246292114,2.784311056137085,1.4782603979110718,0.2369677176234141,0,0,0,0,0,0,0,0,0.0,0.0,0.0
8ead17dfb6a6,train,229635.0,0.6299314499819024,31.898405851305235,50.63790012742126,9.747642998671806,1.482787902540989,8.264855096130816,1.087126364198853,86.47284474056127,1.257834517492016,1.2004900959975615,1.1043152607484654,0.8465089583330349,1.220835591581776,1117,4953.0,3.491440534591675,2.7638373374938965,5.553242206573486,5.710479736328125,5.141451358795166,5.333816051483154,0.1794088202750408,27,0,27,0,0,1,0,0,0.0018080954460102,0.0,0.0018080954460102
8ed586c43023,train,259768.0,0.4716217284983606,21.691915467974063,45.99430890735448,9.561608820178003,0.786855963783068,8.774752856394937,1.013017246296731,84.7457627118644,1.335371651574019,1.0468478451804275,0.9695232812226782,0.7250079487479252,1.318015725017093,1454,7080.0,3.838072061538696,2.8410086631774902,3.713335275650024,3.2040743827819824,3.707772254943848,3.171060800552368,0.0896727208914626,5,0,5,0,0,1,0,0,0.0005728472686069,0.0,0.0005728472686069
8ee50c26fc13,train,220498.0,0.905365037043974,23.875659111099356,26.371306748329516,6.566952988235721,0.914747526054658,5.652205462181063,1.1766968108291045,81.6826923076923,1.2087641251890535,1.1766968108291045,1.2,0.7120494190765869,1.1854924967437086,820,4160.0,4.031479358673096,3.035306453704834,3.4772708415985107,2.2182979583740234,3.5227229595184326,2.3039982318878174,0.1618390435689641,12,0,0,1,0,0,0,12,0.0050414660583297,0.0,0.0
8ef2eb8c51c4,train,242226.0,0.3632667845448715,14.48555516594004,39.87580418090978,5.674452783763923,1.1584222998356906,4.516030483928232,0.943433364214464,76.09354699003897,1.2205786107505792,0.8808303292720552,1.0274936706584832,0.8809653839644153,1.1693265661804668,754,4618.0,2.7328197956085205,1.1733744144439695,3.179198980331421,2.6087002754211426,3.0789289474487305,2.375453233718872,0.2565133924490355,8501,5765,692,1,6,3,184,2044,0.166237758518194,0.1127350520947404,0.0135321172679202
8f10e41a2f02,train,257653.0,0.5576566707299913,22.700198420363712,40.70640523433243,7.127415555029439,1.4550577714988764,5.672357783530562,,78.3022319795097,1.2612586716013907,1.0540925533894598,1.0184777356819164,0.9137998257911726,1.188054116453709,926,5466.0,2.817709445953369,1.6676467657089231,3.688212633132935,3.1980130672454834,3.474484920501709,2.921128273010254,0.2565172767704413,4,0,4,0,0,1,0,0,0.0004573686665873,0.0,0.0004573686665873
8f1e7433a95d,train,255839.0,0.2656496276447082,10.027171394861918,37.74585149531137,5.916220748204926,0.9853853399989836,4.930835408205942,0.982880779138393,81.3198859899145,1.2047535102918618,1.131370849898476,1.125785921869339,0.8354093651089269,1.152729029563901,756,4561.0,2.827463865280152,0.961339831352234,3.6546549797058105,2.820188045501709,3.499484777450561,2.599376916885376,0.1998414585810543,44432,0,41475,1,0,36,0,2957,0.6721838835623567,0.0,0.6274492836412663
8f2996b8d855,train,260914.0,1.0167451446324982,32.17868789251856,31.648725408125284,10.774048153797803,0.8658025249699135,9.90824562882789,1.105481043998548,83.94893285254848,1.4264365080722574,0.9441175904999112,0.9772976267470292,0.6915424522617759,1.4129884601070115,2001,10261.0,4.800048351287842,4.203513622283936,2.9120802879333496,1.8146027326583865,2.98636531829834,1.9915796518325808,0.0873820207334055,8444,3546,2453,3,1,8,0,2445,0.2420145793434652,0.1016323659819904,0.0703057511996115
8f9819752ca0,train,259968.0,0.5626011910621865,20.20769504354096,35.91832965264256,6.614275603151157,0.8497199655342196,5.764555637616938,1.0504514628777804,74.41207441207442,1.2726709486702503,1.116312611302876,1.0328988140056996,0.7659973883581348,1.2414931522541204,1161,5698.0,3.585580348968506,2.5093915462493896,3.1025872230529785,2.1547627449035645,3.117523670196533,2.164454698562622,0.1474042439610303,0,0,0,0,0,0,0,0,0.0,0.0,0.0
8fbb2ca39911,train,258967.0,0.7822138372012536,25.4730413044347,32.56531666018178,7.266562921144393,1.6681662142280678,5.598396706916326,0.8770580193070293,79.35046891281695,1.2757884394298609,1.1766968108291045,,0.9011388372496496,1.208228116596744,1160,5758.0,3.1581947803497314,2.1624722480773926,3.440712213516236,2.4289820194244385,3.353239059448242,2.3556900024414062,0.2979721340874603,1,0,1,0,0,0,0,0,0.0001441778116115,0.0,0.0001441778116115
8fd7ad26e691,train,255601.0,1.0497874292114784,31.95883983632385,30.443153487110184,7.408421719789828,1.4432650889472265,5.9651566308426025,1.0323263367863331,75.18382352941177,1.2843628282222328,1.0434983894999017,1.0857319930770326,0.8535094951760193,1.2293786696337874,1197,5984.0,3.600135803222656,2.806658983230591,3.29276704788208,2.128859043121338,3.327808380126953,2.23938536643982,0.241949235915262,200829,40942,144307,4,19,172,0,15580,3.9307720326809807,0.8013467604879012,2.824482120212192
8ff2733f6aef,train,204387.0,0.9394912638293584,12.475393347330977,13.278881696548597,3.349038833193892,1.2730750977312648,2.0759637354626275,0.9707253433941512,79.21903052064631,1.0832196651107535,1.0786387432600122,0.9707253433941512,0.9180451234827208,0.9743702675519088,328,2228.0,3.1200437545776367,1.2170432806015017,3.0080008506774902,1.2863587141036987,3.0463545322418213,1.262625217437744,0.6132453452745699,41431,26167,8797,1,5,19,0,6467,0.6265883624040328,0.3957408143425533,0.1330428380697612
901a3552fe26,train,258138.0,0.4525285257487894,20.058139141269624,44.324585081304754,8.296725007554098,0.7499864413608225,7.546738566193277,1.037694296732519,81.40209508460919,1.2973624201235747,1.027635384150731,1.028991510855053,0.7661213504255777,1.2676941756089355,1250,6205.0,2.9639275074005127,1.634921669960022,3.823302984237671,3.371013879776001,3.7317826747894287,3.2433226108551025,0.0993788819875776,0,0,0,0,0,0,0,0,0.0,0.0,0.0
9039cbfcbb2f,train,259133.0,0.4357514368286471,15.621878934650912,35.85043585477376,7.136103854005472,0.9979431411668912,6.138160712838581,1.1262232123301776,86.08636052090473,1.2170493726713936,1.0852714081573256,0.9877934787376216,0.8253870900345792,1.1721103488636415,735,4377.0,3.2783637046813965,1.4304536581039429,4.529828071594238,3.513425588607788,4.306122303009033,3.2857046127319336,0.1625801584307808,0,0,0,0,0,0,0,0,0.0,0.0,0.0
904b03ad5594,train,212615.0,0.4830502162749677,9.63374741789548,19.94357334561598,7.363544434776474,1.136796557157303,6.226747877619171,0.8485106063940849,84.99440089585666,1.3191328728999805,0.8485106063940849,1.024803111320498,0.8706691613556956,1.2826993620757936,1128,5358.0,2.7736852169036865,0.9120137691497804,3.053624391555786,1.599669098854065,3.00446891784668,1.512249231338501,0.1825666591132261,0,0,0,0,0,0,0,0,0.0,0.0,0.0
907aaff827e5,train,256378.0,0.4176694693880943,14.701717655965444,35.199407027533425,8.807307959341285,0.9560102660914744,7.851297693249811,1.072742352482026,84.1651350205005,1.3274706467266573,1.0043010951179792,1.0672455399783192,0.7943897641902044,1.2960574612955773,1434,7073.0,2.8518991470336914,1.2952723503112793,3.4598488807678223,2.7046751976013184,3.3817505836486816,2.580937623977661,0.1217646182125291,90040,28219,38710,10,30,18,30845,23111,1.7586782489939947,0.5511788261701637,0.7560910153105013
9095d43fb132,train,262144.0,0.3853725265657358,13.680565323382034,35.49958645287196,10.460281372070312,0.8052825927734375,9.654998779296877,1.0540925533894598,85.29911115549785,1.418541583133449,0.8551223223094413,1.7811235395703873,0.7927223217184525,1.3988771802362103,1766,10013.0,3.0529346466064453,1.3267196416854858,3.011976718902588,2.133142471313477,2.99270248413086,2.0519301891326904,0.0834057684709601,207,0,207,0,0,1,0,0,0.0045216725732379,0.0,0.0045216725732379
90960ddf4d14,train,216544.0,1.0252219602968553,27.22760224697117,26.557763393097197,8.476337372543224,1.307817348899069,7.168520023644155,0.941458446234716,88.14180929095355,1.3113992858156605,,0.9,0.7430927951669462,1.2791153680893637,1319,5726.0,4.224539756774902,3.217989206314087,3.218772649765014,1.97804057598114,3.312746286392212,2.146965742111206,0.1824389615409392,0,0,0,0,0,0,0,0,0.0,0.0,0.0
90a786abe58e,train,258629.0,0.7481095083944496,28.02988614669805,37.46762450173132,7.07190608941766,1.1031245529310325,5.968781536486628,1.061874997210388,77.85406354782053,1.2877586465259236,0.9216353751380651,1.125,0.7874836063635953,1.256055909781661,1134,6263.0,3.6792168617248535,2.770500421524048,3.07928729057312,2.4993796348571777,3.1325442790985107,2.5198416709899902,0.1848157025328755,0,0,0,0,0,0,0,0,0.0,0.0,0.0
90a9a41eec6d,train,259566.0,0.478474640659382,14.593979686007296,30.50105156230527,7.932086636924713,1.379995839208525,6.552090797716188,1.073312629199899,87.36805066854328,1.283124146135929,1.0197759257106722,1.036250322455875,0.8777068372851932,1.222593601753471,1030,5684.0,3.249314785003662,1.3497339487075806,3.824651718139648,2.523879289627075,3.68575382232666,2.3444273471832275,0.2106191568177809,33,0,33,0,0,2,0,0,0.008235094478993,0.0,0.008235094478993
90b8bf342032,train,260589.0,0.9014460617733911,19.59404091836269,21.73623220430499,6.862914397768133,1.2218474302445614,5.641066967523572,0.9565710938291976,76.83016105417276,1.259944762161996,0.9867967802605516,,0.8303596425382888,1.2071564644040684,893,5464.0,3.207329273223877,1.5920616388320925,3.3245227336883545,1.7466628551483154,3.2971887588500977,1.716908574104309,0.2165986394557823,267248,81740,180304,11,70,316,13713,5204,7.65926957678099,2.342650628652331,5.167473439546487
910bfd38e2f5,train,238957.0,0.4722691292591281,13.346410249100844,28.260179254227385,5.069949823608432,1.064626690157643,4.005323133450788,1.015601988346658,81.03500761035008,1.1346384090467,0.9181248595863029,1.116312611302876,0.8767551268568959,1.0663068988345077,585,3285.0,3.1921091079711914,1.241207242012024,3.9751064777374263,2.5218138694763184,3.742929220199585,2.2975776195526123,0.2658029464005851,337637,32844,302466,4,13,165,0,2327,6.60096145292824,0.6421155796313055,5.913351933648839
9122b31414d3,train,257780.0,0.34001614029512,14.839684958241673,43.64406038302016,8.679494142291876,1.0590425944603925,7.620451547831484,1.0617227904475202,83.87426900584795,1.3171567556332078,0.970196443402075,1.1785178259621016,0.8395088006174644,1.2751746785318914,1564,6840.0,2.7295491695404053,1.1814121007919312,3.5822699069976807,2.880048990249634,3.4453279972076416,2.7059571743011475,0.1389737324373854,21,0,21,0,0,3,0,0,0.002399281586542,0.0,0.002399281586542
912fbe06407e,train,259090.0,0.8000493534524198,24.76473425099392,30.954008204778475,8.354239839438033,0.8217221814813386,7.532517657956695,1.103111417560178,79.05735882614495,1.3200228815610868,,1.150792911137501,0.730928959010544,1.2930883616596212,1272,6747.0,3.458822250366211,2.6424732208251958,3.296510696411133,2.123635053634644,3.2968192100524902,2.1608383655548096,0.1090899774543964,0,0,0,0,0,0,0,0,0.0,0.0,0.0
913490237ad4,train,262127.0,0.7970352925738113,16.05081524501936,20.13814870504362,7.9182991450709,1.0948891186333345,6.823410026437567,0.8631128193464779,80.60277103270961,1.318131541120261,0.8304547985373997,0.9966704697447446,0.8266325718065398,1.2762607017128436,1354,7001.0,2.950432062149048,1.330292582511902,3.1541073322296143,1.7171472311019895,3.1154274940490723,1.6636402606964111,0.160460695516046,285381,90001,178988,1,29,171,2785,16392,10.54564602849066,3.325794948543133,6.614119690334978
916915f01e17,train,260370.0,0.5174442373160345,23.334700082202023,45.09606716897324,7.959442332065906,1.1111111111111112,6.848331220954795,0.9547241858131268,78.3222732686745,1.2747123420013589,0.8877545314489294,0.9922778767136676,0.7719203293935134,1.237584652459899,1103,5877.0,3.578252077102661,2.6645100116729736,3.6636500358581534,3.2293930053710938,3.6377158164978023,3.142035007476806,0.16224552745219,0,0,0,0,0,0,0,0,0.0,0.0,0.0
916ec976ff30,train,258501.0,0.5025545795196728,28.45650065505024,56.62370181214575,8.45025744581259,1.5326826588678577,6.917574786944732,1.11531359182852,81.61974058842138,1.297056513204366,1.041161079488963,1.1766968108291045,0.9004745825166091,1.2512374888348594,1002,6322.0,3.652488231658936,2.762619972229004,3.5721912384033203,3.39327073097229,3.581339120864868,3.2970876693725586,0.2215635834917794,159654,100787,52266,8,57,209,0,6601,4.576119759771913,2.888830735391108,1.498086332721002
917f76f360b6,train,247767.0,0.808123033585273,19.26636043555666,23.840875256432938,5.2468649981635975,1.6124019744356592,3.634463023727938,0.8068331339801146,80.2910705476073,1.1937569875181315,0.8285293040085848,1.0846522890932808,0.8652518056635757,1.1656638701788131,556,4054.0,3.395665645599365,1.760365009307861,3.258669137954712,2.0090906620025635,3.2828190326690674,1.9413331747055051,0.4436424208772904,86095,36957,47990,1,21,75,0,1148,3.641529209636528,1.563156919687986,2.029815747377397
91b6ebaa3678,train,258335.0,0.9851974744647124,25.22554427485124,25.604556374403053,9.382778175624674,1.523603073528558,7.859175102096115,1.049114831026219,83.04226103186242,1.3448508309540577,0.973417168333576,0.9411764705882352,0.789736191057773,1.3158689002690287,1272,7501.0,4.597302436828613,3.0692145824432373,3.2195515632629395,1.8761630058288572,3.349328756332397,2.067854404449463,0.1938629759148894,614262,56138,554709,2,21,460,20239,3415,12.012524462145691,1.0978362624677007,10.847904366332893
91b7a4179ecf,train,258150.0,0.8257550553304004,19.932862825334052,24.13895343015313,9.66569823745884,1.8961843889211696,7.769513848537672,0.948911217661009,89.99181892555222,1.34226914389491,0.8377558489114362,0.9301689668317492,0.9279131043276376,1.289090140536666,1375,7334.0,3.2904019355773926,1.718234300613403,3.508004665374756,2.0893261432647705,3.4367988109588623,2.003436088562012,0.2440544448322281,1355,1318,0,1,1,0,0,37,1.0401074649779312,1.0117060065246593,0.0
91e82fe4e434,train,260519.0,0.3053779567964281,17.71707256353245,58.01686784925034,10.34319953631021,1.030635001669744,9.312564534640469,1.0505859951785264,80.12591214766061,1.3245959199955015,,1.028599679544711,0.8086028127043354,1.2864454270597017,1408,6989.0,3.0692920684814453,1.6485973596572876,4.575412750244141,4.948868751525879,4.36775016784668,4.679413795471191,0.1106714480029677,0,0,0,0,0,0,0,0,0.0,0.0,0.0
91e8af9ceee9,train,255311.0,0.4352953379446428,17.86652705928955,41.044609261497904,7.069025619734363,0.8534689065492673,6.215556713185096,1.023538267185071,80.6131650135257,1.2683351906221962,0.8729434821372646,1.0298239861550722,0.7861364231379746,1.2386241933178388,873,5545.0,3.361928701400757,1.816533207893372,3.445059537887573,2.42850112915039,3.4324581623077397,2.362776756286621,0.1373117398701871,62942,12370,24915,5,9,26,0,25657,1.2316443083560518,0.2420552269448756,0.4875348406896989
91f3c4c1e72b,train,235727.0,0.7908590060211932,13.521777348792588,17.097582812922074,7.261365902081645,0.8467422060264628,6.414623696055182,1.042068095894758,78.6425070548047,1.3551907846547246,1.0644002897775875,0.9550661764213032,0.831537802251626,1.3414918594774892,1290,6733.0,3.090214252471924,1.2893959283828735,2.6853511333465576,1.2524421215057373,2.715487241744995,1.2559551000595093,0.1320018517293829,175,0,175,0,0,1,0,0,0.0061167530876495,0.0,0.0061167530876495
9232dc06cfdc,train,259228.0,0.6865846521462072,20.47183398678538,29.816911757045705,7.488002839199469,0.9127100467542086,6.575292792445261,0.9402228800702566,78.90897032001327,1.2838885312771289,1.011267961283464,1.0877686086797538,0.7195585844009531,1.256684891935589,1215,6031.0,3.608348846435547,2.376558303833008,3.269235610961914,2.0679256916046143,3.30447769165039,2.102308988571167,0.1388090349075975,0,0,0,0,0,0,0,0,0.0,0.0,0.0
9274e75dc4d5,train,259894.0,0.4390933349095032,25.297135225874666,57.61220500212872,7.53230163066481,1.0246485105466074,6.507653120118202,0.994161116250718,78.32104979327701,1.2525436031813226,1.028991510855053,0.9562626620982492,0.7531149263389658,1.216906342535316,1238,5563.0,3.7252607345581055,2.839858293533325,3.8822855949401855,3.923694133758545,3.843485355377197,3.792733907699585,0.1574528469224856,60,0,60,0,0,1,0,0,0.0068784148463706,0.0,0.0068784148463706
92889b863ae6,train,261027.0,0.3826161106422329,14.374515515399228,37.56902836963964,8.676113965221989,1.2569580924578685,7.41915587276412,1.0264586251563357,84.43184814131294,1.345163881678961,0.8557169633109855,1.0631000355464126,0.8876230305108452,1.302188259778705,1303,7586.0,2.8247323036193848,1.177692413330078,3.332747459411621,2.562241315841675,3.2415802478790283,2.4002671241760254,0.1694206341010017,785,0,785,0,0,2,0,0,0.0171405463663788,0.0,0.0171405463663788
92e3d608fd3c,train,260769.0,0.6461154039297899,25.76306828179177,39.873787445859,9.299034777906884,1.0626263091088282,8.236408468798055,1.0937489175864918,83.11736393928174,1.3677024082759002,1.044301698617717,1.0044474237127452,0.7522072224186465,1.348925260434909,1592,8103.0,4.442567348480225,3.4070253372192383,3.0787699222564697,2.255150079727173,3.167893648147583,2.3659842014312744,0.1290157370332433,0,0,0,0,0,0,0,0,0.0,0.0,0.0
92f313287a29,train,255912.0,0.356716942346107,14.201254172716643,39.810988733295936,5.877020225702585,1.7560723998874612,4.120947825815124,,86.03168072413084,1.2249546196495766,0.937752089249456,,0.948914384784214,1.129976854127215,893,4861.0,3.064817428588867,1.278993844985962,3.369171142578125,2.905982494354248,3.25781774520874,2.5237746238708496,0.4261331310449459,52913,14923,32352,5,11,59,0,5638,1.5162443287338516,0.4276248581198433,0.9270602030351248
930fee99213a,train,257739.0,0.5635993335953429,20.574678745008484,36.50586066835352,8.191620204936001,1.241566080414683,6.950054124521318,1.0606601717798212,78.27371695178849,1.3083785304070896,0.9747403576571586,1.1414189196210336,0.8291229534413838,1.2645540320147632,1281,6430.0,3.2874557971954346,2.022472620010376,3.4024524688720703,2.5495779514312744,3.3805973529815674,2.4750680923461914,0.1786412102941997,25,0,0,1,0,0,0,25,0.0028668442581123,0.0,0.0
932181b93b2f,train,261358.0,0.5592767072082623,27.79945397906438,49.70608219646895,7.470978504579925,1.5997214548626788,5.871257049717246,1.1,78.99777663759193,1.2772320363881589,0.9245003270420484,1.085263909688434,0.8857959848537654,1.2239791796410984,1044,5847.0,3.3778626918792725,2.2113161087036133,3.787046432495117,3.984705209732056,3.6791608333587646,3.681408166885376,0.2724666014988595,29475,3408,24438,4,7,11,22295,1629,0.8453425996457448,0.0977413937096759,0.7008815080625178
93802d1e3c41,train,259675.0,0.3710104998694408,19.64136359158067,52.94018255141701,7.240974294791567,1.006257822277847,6.234716472513719,0.99871308274335,71.11964430072757,1.2391057073545442,0.807207352795575,,0.8390212969755545,1.201294400071815,943,4948.0,2.720106363296509,1.2883867025375366,4.75912618637085,4.878269195556641,4.355856418609619,4.490858554840088,0.161395923409512,6,0,6,0,0,1,0,0,0.0006877279531611,0.0,0.0006877279531611
941d874c8afb,train,255740.0,0.2609095038937478,11.208879897207575,42.96079571625055,7.2006725580667865,1.15273324470165,6.047939313365137,0.8838834764831843,81.63226299694189,1.2450094647301615,1.1766968108291045,0.9462403714540653,0.8823320806832594,1.1933877086393545,917,5232.0,2.794135570526123,1.0098252296447754,4.041459560394287,3.4655210971832275,3.7893805503845215,3.178946256637573,0.190599340531454,0,0,0,0,0,0,0,0,0.0,0.0,0.0
94b9ccc73bb9,train,213790.0,0.7006159058967426,22.86411884443318,32.63431311221603,7.645820665138688,1.0089340006548482,6.636886664483839,1.1766968108291045,85.25318902203324,1.2908358071485733,1.019130320146575,0.9947372463752572,0.825791974741645,1.290226196283361,1042,5174.0,3.769728899002075,2.748339891433716,3.2953875064849854,2.2544875144958496,3.3367936611175537,2.3070428371429443,0.1520191697794065,0,0,0,0,0,0,0,0,0.0,0.0,0.0
0005cfc8afb6,test,260469.0,0.8553016709318494,12.22306116498893,14.290935678486315,4.6212793077103225,0.9098971470693248,3.711382160640998,1.0232166435699437,67.78305423644089,1.176954518414454,0.9302605094190636,1.0,0.8775738985083891,1.1124353767917692,800,4001.0,2.9970703125,1.146208882331848,3.0221097469329834,1.3125278949737549,3.0057339668273926,1.276527762413025,0.2451639598634529,1326,363,832,13,2,31,0,131,0.7393364928909952,0.2023975466964036,0.4638974073041539
003f0afdcd15,test,262144.0,0.5141659987867165,12.22306116498893,23.77259716479081,7.637405395507812,1.2210845947265625,6.41632080078125,1.0406118047460329,81.88901256161552,1.2935286064415612,0.9938586931957764,1.0455316338119065,0.8795223248395732,1.2426076994153894,867,6289.0,2.912113904953003,1.1162868738174438,3.3872759342193604,2.0080525875091557,3.288881063461304,1.884851098060608,0.1903091557669441,19008,2651,15978,27,30,246,0,379,16.30720131775364,2.274326109709854,13.707726360220311
006efc72b638,test,262129.0,0.735660762478912,14.004094153721148,19.03607595779934,5.949360810898451,0.7336082615811299,5.215752549317321,1.0844482839793128,79.92007992007991,1.2307133598896336,0.9931270663228416,1.039750489820073,0.8014540013215492,1.1889672489300842,571,5005.0,2.734007835388184,1.1702439785003662,3.2445766925811768,1.7500540018081665,3.1694817543029785,1.6894029378890991,0.1406524283206553,13444,8121,4934,35,47,25,2988,389,145.75021682567217,88.04206418039895,53.4908933217693
00836aaacf06,test,261905.0,0.5497276438681157,11.949200804349594,21.73658344752317,7.786029285427922,0.6135812603806724,7.17244802504725,0.9961176332086652,75.54769127064375,1.277502693399925,1.2,1.1410083141017973,0.767394231636653,1.2499544385372512,975,5934.0,2.8917272090911865,1.138131856918335,3.482305765151977,1.9533698558807373,3.42195463180542,1.9017555713653564,0.0855469789725845,5073,256,4567,24,6,65,923,250,1.9987392143729563,0.1008628501635081,1.7993774870966472
009245722fa4,test,261915.0,0.6393974092748869,12.156881418749704,19.013028896279547,10.543115132772083,0.3848576828360346,10.158257449936048,1.0338652968580648,74.07715133531157,1.3829318491181892,0.8466487815452375,1.0577569994823977,0.6781503017002983,1.3714253018692424,1670,8425.0,2.916743278503418,1.2437657117843628,3.286282539367676,1.448293685913086,3.263707637786865,1.4429795742034912,0.0378861910847177,2832,654,2046,8,1,6,0,132,1.5990062672915135,0.3692620405397775,1.1552142736152675
009c019a7309,test,262139.0,0.5433350558227568,9.59236815312726,17.654609343403788,7.148116075822369,0.7797389934347808,6.368377082387588,1.0586305060177943,75.51969763046955,1.3207566729196614,1.0524696231684352,1.03004270184186,0.804803504993409,1.290067122456991,1043,6879.0,2.685112714767456,0.929299771785736,2.889806270599365,1.4553605318069458,2.858975887298584,1.403492093086243,0.1224391997124715,3347,2205,756,34,37,19,126,386,2.7944295089084443,1.8409671548082225,0.6311887387913905
010d915e229a,test,251460.0,0.6199560553689023,14.762928345330604,23.81286256901868,7.374930406426469,1.1982024974150958,6.176727909011373,1.0629592433114152,80.7442748091603,1.255084680811131,1.0597880635788075,1.0155774286471644,0.8759719243025653,1.2040132052577055,757,5240.0,3.2816786766052246,1.467754364013672,3.5764546394348145,1.986853837966919,3.507354497909546,1.90887188911438,0.1939866082925573,113413,70148,38041,4,57,81,8444,5224,3.2520033800901,2.011423144670896,1.0907873046476813
0111b949947e,test,258744.0,0.6683289057617858,18.79989306082429,28.12970215525166,8.679621556441889,0.7702594069814179,7.9093621494604704,1.0803834661706349,78.35655684333898,1.3571506937435351,1.0714285714285714,1.0201371524573957,0.72090059577931,1.33932269521603,1140,7679.0,3.308855533599853,2.2003560066223145,3.024700403213501,1.8888109922409055,3.041867971420288,1.9091272354125977,0.0973857806010261,1434,555,0,11,3,0,0,879,0.1642756577613374,0.0635794909745762,0.0
01499815e469,test,262144.0,0.7499714270607111,12.547246972822393,16.730300008891778,9.23614501953125,0.927734375,8.30841064453125,0.9767094245764104,79.92369425075648,1.3437907639968607,1.0073108022903865,1.0206806570725364,0.7910932207059536,1.3112950043252696,1323,7601.0,3.103623867034912,1.270530343055725,3.2199268341064453,1.6115761995315552,3.20877742767334,1.583295226097107,0.1116620752984389,22533,13572,7496,114,145,248,0,1465,228.1129783356955,137.3962340554768,75.88580684349058
0167076e7089,test,262144.0,0.980648175151962,17.964987931540193,18.319503759598923,9.737777709960938,1.6590118408203125,8.078765869140625,1.0630677697279145,85.58275058275058,1.3789799040165658,1.006230589874905,1.05134180239354,0.910142949206447,1.328926470369433,1680,8580.0,3.0816049575805664,1.3985960483551023,3.078209638595581,1.644176721572876,3.066513776779175,1.6039924621582031,0.2053546132779299,63,0,0,6,0,0,0,63,0.0311298658945142,0.0,0.0
01c31b10ab99,test,260010.0,0.3545880253665672,12.401954465036347,34.975671985018145,6.981269951155725,1.2626437444713663,5.718626206684358,1.1490187582825713,77.41491245327562,1.233534854304603,,0.9821133722324832,0.8623616961695079,1.167951406738892,811,5083.0,2.8571510314941406,1.0911184549331665,3.9498908519744873,3.5068576335906982,3.699030876159668,3.161316156387329,0.2207949424978142,6351,817,2805,1,3,9,0,2729,0.1819251062089139,0.0234030564907388,0.0803495391144707
01c5ba195207,test,262144.0,0.7195334987221004,14.114935817756145,19.616787603112893,8.136749267578125,1.9641876220703125,6.1725616455078125,1.1141720290623112,79.7645429362881,1.3328224984414316,,1.043146382922863,0.9464452286457342,1.2641319521769043,1340,7220.0,3.1462433338165283,1.4221841096878052,3.0289814472198486,1.5595430135726929,3.020191192626953,1.515709400177002,0.3182127186206044,11937,4889,6838,19,42,85,0,210,10.118502695554875,4.144203709354763,5.796290645237853
01e4d86b3a30,test,262144.0,0.6888278926329002,13.933574875767029,20.227948119970662,11.219024658203123,0.9517669677734376,10.267257690429688,1.0989027222242045,85.53122310414076,1.4311880316764929,1.0013879257199867,1.0959128484038407,0.7923112760828415,1.4045188423576118,2189,10457.0,2.8039865493774414,1.246769905090332,3.0474953651428223,1.735166311264038,3.024528741836548,1.699183225631714,0.0926992383429314,1830,169,1325,27,4,47,0,336,1.6948210713491887,0.1565162628732311,1.227124546195451
020921b796d5,test,262144.0,0.7399218556471664,14.808608682455004,20.01374681587528,9.24835205078125,0.5229949951171875,8.725357055664062,0.9408083046354332,84.06474410121965,1.3855024013518416,1.0213243599737851,1.0275784004719617,0.7532593922848063,1.3705514608180762,1703,8773.0,3.0905520915985107,1.681225061416626,2.8999574184417725,1.420374870300293,2.9073596000671387,1.4336167573928833,0.0599396668561185,4674,1440,2434,51,18,58,1147,800,2.02292124716514,0.6232363277530599,1.0534425151048248
020f6983114d,test,257187.0,0.7597148130275744,31.316319999881937,41.22115228355471,7.503878500857353,1.061484445170246,6.442394055687107,0.942319931892621,79.28485214242608,1.3085773089107744,0.8666666666666667,1.1292697508788343,0.7752245801075288,1.2900974948543285,977,6628.0,3.3066556453704834,2.5402088165283203,3.071263074874878,2.3390040397644043,3.101412296295166,2.361051321029663,0.164765525982256,69359,15019,44409,13,17,114,0,9931,1.9860294443991076,0.4300548771670611,1.2716097636401902
021c207614d6,test,257228.0,0.3996107587917771,12.84435104448665,32.142155239567465,6.30646741412288,1.2137092384965866,5.092758175626293,0.910924975749478,79.1324526954659,1.267404973194225,0.9417419115948374,1.025229189260113,0.8903493894765787,1.209672971734289,829,5602.0,2.7706410884857178,1.0335255861282349,3.134608507156372,2.1827335357666016,3.066944122314453,2.0139567852020264,0.2383206106870228,41131,31871,5159,1,16,19,0,4101,1.5541300578373216,1.2042420333406256,0.1949322158076084
0229c0a80d42,test,262144.0,0.8288118170790214,14.748902346529343,17.795236557447804,7.4115753173828125,1.956939697265625,5.454635620117188,1.125053449964431,79.8294179260811,1.3128453116253156,0.913081729531204,1.176407409208649,0.9428605294643037,1.2398445562642342,1211,6683.0,3.190807342529297,1.3261032104492188,2.8983726501464844,1.4195928573608398,2.962482452392578,1.4040623903274536,0.3587663472970138,3590,661,2810,10,8,74,74,119,1.539794465318167,0.2835109029457683,1.2052430216000136
024d0a225db1,test,262144.0,0.5794617503830021,15.281440937944136,26.371785416110185,7.8399658203125,1.422119140625,6.4178466796875,1.0368134217691256,79.33354192740926,1.294993957708745,1.034792955221957,1.1141720290623112,0.9003842437630831,1.240185485762746,1042,6392.0,3.0193612575531006,1.217252254486084,3.336034774780273,1.994478702545166,3.272871255874634,1.885226011276245,0.2215882073228721,8199,984,7144,5,11,48,1002,71,150.21986075485526,18.028581898131183,130.8904360571638
0268f4382c67,test,262144.0,0.6128698971836462,11.52619781400714,18.8069243847252,8.728790283203125,0.6084442138671875,8.120346069335938,1.1359076413221247,80.64823641563393,1.333469635951548,0.9200267041104794,1.027730580926394,0.7617171571439609,1.3060395201138746,1290,7343.0,2.5077931880950928,0.9652552604675292,3.2604219913482666,1.730818510055542,3.194047451019287,1.6917513608932495,0.0749283600319443,9184,8895,20,27,19,1,8,269,83.5060920167303,80.87834151663938,0.1818512456810329
0299d97f31f7,test,260058.0,0.7039879548511951,29.31258486941553,41.63790682414652,7.785570911104446,0.91018157487945,6.875389336224996,0.972965099646116,77.81042214318849,1.3037111434117152,0.9299811099505544,,0.7204795000156035,1.2831208669633944,1172,6467.0,3.790737390518189,3.360987901687622,3.2711939811706543,2.625166654586792,3.304829359054565,2.6867785453796387,0.1323825503355704,1866,0,1534,2,0,20,0,332,0.2139253233241656,0.0,0.1758635830542712
03042a663e54,test,262137.0,0.5950175765268878,12.22306116498893,20.54235311221364,8.997585232149602,1.3096205419303646,7.687964690219236,1.0317023523321431,79.12859223943849,1.346393129131097,,1.0411613934457125,0.8639871578140834,1.296708607552952,1101,7551.0,2.912445306777954,1.1255894899368286,3.217654228210449,1.7149169445037842,3.161860466003418,1.6423828601837158,0.1703468466233315,10992,1971,8273,47,29,107,1382,748,6.070915718546339,1.0885894178725286,4.569203578924114
030e06ddbb04,test,261125.0,0.7147290074202095,13.278881696548597,18.57890411427161,7.934897079942556,1.3836285303973193,6.551268549545237,1.0300524052492095,78.62834748530372,1.347840856953304,1.0051414220648334,1.0684144485929905,0.8939926901214227,1.2974000677806394,1472,7655.0,2.9401333332061768,1.174452543258667,2.787919044494629,1.3157857656478882,2.7971856594085693,1.2833846807479858,0.2112000935289647,7870,2598,4920,31,34,64,2075,352,4.234278827529806,1.3977962381095854,2.647096801962725
033cdbbbdfaa,test,262144.0,0.9434196902870908,13.278881696548597,14.075264522524131,6.465911865234375,1.28173828125,5.184173583984375,1.101631267152968,79.1106845809341,1.293534389856969,0.9302605094190636,,0.9203605443399152,1.242219958795529,929,6252.0,2.8999969959259038,1.1168290376663208,2.7604775428771973,1.2612922191619873,2.780188798904419,1.235204815864563,0.2472406181015452,6213,614,5339,20,8,76,0,260,5.571098079302739,0.5505640142752103,4.787396208819785
03be80919be4,test,262065.0,0.6593088151440427,13.413598844593302,20.34494084788289,8.348310533646233,1.595787304676321,6.752523228969912,1.131370849898476,83.15325561558146,1.3227683359883853,0.974190327277392,0.9408384082109532,0.9153769596590304,1.2665244237643187,1365,7034.0,3.219896078109741,1.2944482564926147,3.1874659061431885,1.5472513437271118,3.150429010391236,1.4900484085083008,0.2363245931283905,12784,8079,4483,24,32,121,0,222,17.31686172518422,10.943595578673602,6.0725509319462505
03eaa4eef484,test,262144.0,0.7907024946530031,17.57945764709028,22.23270796028658,8.3404541015625,1.458740234375,6.8817138671875,1.119955082415241,83.50158638592443,1.3171699008972146,1.05999788000636,1.0569963951264665,0.8920670599817223,1.2733579873731564,1292,6934.0,3.220097780227661,1.4639461040496826,3.2461297512054443,1.7186638116836548,3.2159416675567627,1.6752800941467283,0.2119733924611973,10120,1285,7933,60,29,129,250,902,8.545998074617035,1.0851390835852657,6.699150466989816
0434995d0654,test,262144.0,0.8522127996840819,16.07035268913096,18.85720643375492,8.82110595703125,1.27716064453125,7.5439453125,1.018127039720719,78.68237121408232,1.3584728781554585,1.0179731971185753,1.118006233933999,0.8716238657099438,1.3153307758055912,1200,7726.0,3.049666404724121,1.337754726409912,3.0963728427886963,1.736400127410889,3.081449031829834,1.680688738822937,0.1692961165048543,157,9,17,12,1,1,0,131,0.118520978968188,0.006794196246584,0.0128334817991031
04a0773c71fb,test,262121.0,0.5701800077007589,11.673245559291228,20.47291276725641,7.276029009503245,0.9716886476093102,6.304340361893934,0.9886213098141716,74.2902458366376,1.2998922285093484,,0.9875455878495684,0.8190910205433424,1.2595496168835911,957,6305.0,2.7541284561157227,1.032633662223816,3.1367902755737305,1.855949878692627,3.0803873538970947,1.7636563777923584,0.1541301059001512,2156,358,1505,23,5,48,308,293,1.374772040350452,0.2282784742325889,0.9596623008939844
04e1b77ef107,test,181805.0,0.713732506655874,11.940702347989491,16.729940470186122,4.153351117956052,1.838783311790105,2.314567806165947,0.8922646486588466,82.47114151346729,1.137108577113225,0.8924086289691683,1.1428571428571428,0.9351081877026612,1.0186642770481316,330,2339.0,3.2941091060638428,1.3582932949066162,3.2017009258270264,1.5428718328475952,3.225978136062622,1.457355260848999,0.7944391634980987,192519,3990,171635,0,2,1,118621,16894,9.178760775040049,0.1902319017468914,8.183070791059578
051d9d12a6ee,test,261855.0,0.5333057975941119,11.297957460592732,21.18476399761807,6.092302992113956,0.4162609077542915,5.676042084359665,1.1322915864040082,67.76371308016877,1.2165770141844836,1.0733381547865275,1.3273525575485496,0.8517530004885523,1.1968438825829686,666,4740.0,3.2288641929626465,1.2791783809661863,3.31865668296814,1.7115700244903564,3.3051180839538574,1.6847031116485596,0.0733364731211733,3427,402,2633,30,8,35,525,392,1.4152151110450373,0.1660100597140662,1.087324595092379
052e00f47cfa,test,260818.0,0.4831360239728239,8.014912778111094,16.589350370118392,6.246117982654571,0.7246432378133411,5.52147474484123,1.0608779806595268,79.5243793000299,1.3069926443092952,1.0174201540995986,1.0460529161240335,0.8038311517561424,1.2797366724140868,1122,6686.0,2.3374342918396,0.6634448766708374,2.701331615447998,1.3050684928894043,2.654746055603028,1.247054934501648,0.1312408860495799,3284,1717,865,46,20,22,413,702,1.995503433189524,1.0433250288630975,0.5256122014948046
06035cfbcc18,test,260329.0,0.3606712507144773,7.115437503806193,19.7283190432028,6.939296044620461,0.6438007290774366,6.295495315543024,1.152157630374233,75.65799256505576,1.3084575789883173,1.3151918984428583,1.025262471271459,0.772680465795192,1.2818470035041494,1318,6725.0,2.454340696334839,0.7051361203193665,2.9477362632751465,1.5548397302627563,2.890221357345581,1.4948108196258545,0.1022637134663493,96,0,20,10,0,2,0,76,0.6911447084233262,0.0,0.1439884809215262
061e7dab2b76,test,262144.0,1.0583509926280248,21.72303849663663,20.52536318097597,7.746505737304687,1.19171142578125,6.5547943115234375,0.9190988419512904,77.38914093370408,1.3166453169901442,1.0289915108550531,1.0434983894999017,0.8736951550332193,1.270092352034662,1134,6833.0,2.9693315029144287,1.403416395187378,3.0802667140960693,1.6929755210876465,3.052002429962158,1.6504429578781128,0.1818076005354129,10517,7073,2710,61,57,13,2227,734,6.092573282354304,4.097439462402966,1.5699223728420808
0622a0f615db,test,262144.0,0.4644141286314303,10.027171394861918,21.59101279801871,11.339187622070312,0.836181640625,10.503005981445312,1.126804456871633,83.93271461716937,1.4315643992691434,,1.0362643570875718,0.7734301220838243,1.4063309646872726,1760,10344.0,2.600701332092285,0.9619296789169312,3.090906381607056,1.8334734439849851,3.0487914085388184,1.7809455394744873,0.0796135546435186,5066,3083,930,74,33,34,114,1053,1.9521857081201064,1.1880356372156111,0.3583759787903077
062ed40f5272,test,217112.0,0.6987654290972233,22.136683808248417,31.67970664611745,6.162717859906408,1.0869965731972435,5.075721286709164,1.0,74.96175420703723,1.2114185739718968,1.1008422775540745,1.116312611302876,0.7837847771712446,1.1712938487354316,652,3922.0,3.4963748455047607,2.341865539550781,3.4571399688720703,2.7280194759368896,3.4522817134857178,2.6655049324035645,0.2141560798548094,2842,515,1779,0,1,1,0,548,1.2991584269303382,0.2354210379553568,0.8132311194613201
0654cdd3c01a,test,261009.0,0.6569513102511695,12.132132960549168,18.467324398684493,5.899030301637108,0.9658670773804736,4.933163224256635,1.0945502459805858,77.03025477707007,1.2349451578731374,0.8677218312746247,1.0524931286808277,0.8293991291586862,1.182208119178626,836,5024.0,2.9000840187072754,1.1585980653762815,3.162713050842285,1.696980595588684,3.099449872970581,1.6085985898971558,0.1957906182044113,2094,98,1701,25,1,46,0,295,2.507183908045977,0.1173371647509578,2.0366379310344827
065cb18bb0b2,test,261949.0,0.7330944766878253,11.454979319036378,15.6255157872568,6.5604373370388895,0.9551477577696422,5.605289579269247,1.0204994304894437,73.34783336121801,1.2781026564587707,,0.9357754408380656,0.8254037663985893,1.2338434531222775,890,5977.0,2.8685781955718994,1.0713361501693726,2.932081699371338,1.3807120323181152,2.923640251159668,1.3408232927322388,0.1704011441803446,3055,1609,978,35,28,26,56,468,1.5227034840253202,0.8019737825848576,0.4874644868663709
069037e82135,test,257422.0,0.7216045257561354,13.751948305601063,19.05745850359107,7.1753773958713705,1.786560589227028,5.388816806644343,1.0343395827783524,80.95990519454868,1.2365908937282788,,1.056821899974167,0.9720759766334828,1.1571483207827722,1049,5063.0,3.4107534885406494,1.3973445892333984,3.734053134918213,1.8818899393081665,3.588463544845581,1.774394392967224,0.3315311418685121,2433,413,1804,22,5,27,292,216,1.20362125259721,0.2043138418917582,0.8924507766894232
069ebdb1023d,test,261393.0,0.7658523827723649,13.413598844593302,17.514600915696622,6.492140187380687,1.3837401919714758,5.108399995409211,1.0095089302501377,83.59261939218524,1.2507154614623348,1.0095089302501377,0.9312649100736078,0.9115321969785146,1.1960021904300495,882,5528.0,3.3054916858673096,1.4105956554412842,3.12634801864624,1.7476125955581665,3.151902198791504,1.6819026470184326,0.2708754586984198,2122,112,1787,20,2,23,153,223,21.29666800481734,1.1240465676435163,17.93456443195504
06cdd3f3f262,test,260645.0,0.6759832658991651,15.455876436157876,22.86428853471558,12.028237641236164,0.5992825490609833,11.42895509217518,0.9927520761203796,86.4691401441885,1.462558916149759,1.0914103126634984,1.0414515379057916,0.7541990060118284,1.4507240791132212,2218,11374.0,3.1572039127349854,1.7193292379379272,2.90910005569458,1.5221507549285889,2.9138638973236084,1.5289502143859863,0.0524354627547081,141,0,7,15,0,2,0,134,0.0670974864615355,0.0,0.0033310808881613
06daa7390238,test,260897.0,0.76570657826958,16.588309675408656,21.664055326384386,5.785808192505089,0.5024971540492992,5.283311038455789,1.5109662034355793,70.45979964038017,1.1658988978672815,,1.250670670189928,0.7947094262912893,1.1383164828159456,532,3893.0,3.41761326789856,1.803166151046753,3.8463094234466553,2.192146778106689,3.7878339290618896,2.1565263271331787,0.0951102727800348,8740,5312,3118,23,23,21,1457,310,4.704185325525319,2.8591112642094387,1.678220806062694
06e60df1823e,test,262002.0,0.7000569691603341,19.251368400858013,27.49971680726011,6.501095411485409,1.4622025786062702,5.038892832879139,1.0262737338116152,84.25986842105263,1.2862639327575387,0.8582723940361219,1.0366945026096244,0.8736749251936102,1.2243001721419862,912,6080.0,3.0443379878997803,1.6230467557907104,2.9479451179504395,1.6959867477416992,2.9496395587921143,1.6699321269989014,0.2901833055597637,122670,63356,48610,9,48,8,40312,10704,3.94168352011907,2.0357813736093893,1.561956761335192
0737dfb0a164,test,262144.0,0.8193351526790377,14.28682104248063,17.43709029908702,7.738494873046875,1.4339447021484375,6.3045501708984375,1.131370849898476,79.59752321981424,1.3068036017998617,,1.071649850576179,0.8892687641208235,1.250750801280848,823,6460.0,3.075701236724853,1.2183942794799805,3.2544217109680176,1.7576706409454346,3.213709592819214,1.6724860668182373,0.2274459974587039,2775,966,1733,7,15,58,0,76,2.0869996841297778,0.7265015116646362,1.3033407036385245
0749255f718d,test,258374.0,1.1602738936308312,22.030279276416337,18.987136914265346,6.018020389048433,1.2876682638345964,4.730352125213837,0.8304598958382216,80.41743400859423,1.233920999069788,1.1766968108291045,0.8304598958382216,0.91093602110743,1.1592674971150667,852,4887.0,2.89754581451416,1.5451292991638184,3.2462007999420166,1.87629497051239,3.150765895843506,1.8072353601455688,0.2722140402552774,36746,32879,104,1,16,3,0,3763,0.982776143353838,0.8793527681198182,0.002781492377641
07685fac659a,test,262139.0,0.7256565139608898,14.07018131366138,19.389588659325,8.003387515783611,1.5461262917765002,6.457261224007111,0.9653580668953714,74.51731535396874,1.302253441239476,,1.0464724227545734,0.907843408780917,1.246450474580473,1158,6526.0,3.2762811183929443,1.4962550401687622,3.250673294067383,1.6168029308319092,3.241496086120605,1.5896695852279663,0.2394399480120517,9742,8334,1278,12,37,5,770,130,6.5481871832443845,5.601785258176832,0.8590210655087582
079e029f3b2e,test,260070.0,0.6950165919001663,26.052653896421024,37.48493805765616,5.698465797669858,1.2054446879686238,4.4930211097012345,1.0637996393602542,78.77751656336824,1.21697807114599,1.1428571428571428,1.0772794689358798,0.8505114097248759,1.1647251812632962,912,4679.0,3.4081547260284424,1.994077205657959,3.351043462753296,2.4809975624084477,3.344210386276245,2.380791187286377,0.2682926829268292,2832,1453,815,2,3,1,0,564,0.0811481314439267,0.0416342637669581,0.0233530109911017
07d8d154e752,test,262144.0,0.5576332910092521,12.22306116498893,21.91953271453108,8.545303344726562,1.5239715576171875,7.021331787109375,1.1315290693084905,80.20580248678004,1.3169217561337474,0.8930343629692999,0.9430737920399238,0.9209729371466658,1.2615313199750726,1594,6997.0,3.151107788085937,1.2078697681427002,3.3675801753997803,1.9796240329742432,3.291499376296997,1.854819774627685,0.2170487884385526,12991,418,12530,7,6,101,1407,43,7.520464044644614,0.2419793680749325,7.2535920621504895
081c7ec32f27,test,259624.0,0.6928155777722627,16.59039099954663,23.94633078674814,5.390487782331372,1.1813237605152067,4.209164021816165,,77.49339833434897,1.228279489942343,1.8,,0.8531094906388001,1.1634765352039675,843,4923.0,2.7731635570526123,1.2956173419952393,2.9586849212646484,1.5676884651184082,2.912708044052124,1.5062612295150757,0.2806551976573938,46719,23840,15604,6,13,69,2239,7275,1.3392350373400022,0.6833914101368962,0.4473003172724886
082fc6f323a1,test,261836.0,0.7472642340324946,19.11390408615252,25.578507863285957,8.683679860676149,1.5788508837592996,7.104828976916849,1.0355593069265527,85.247403787416,1.312289257832566,1.0213243599737851,0.9912088250294292,0.8895126465469089,1.2611091607939866,902,6548.0,3.3331422805786133,1.4595121145248413,3.6023290157318115,2.318330764770508,3.5336625576019287,2.179237604141236,0.2222222222222221,3706,377,3106,21,7,30,0,223,2.0837784649985944,0.2119763845937587,1.74641551869553
086727c22b75,test,261931.0,0.419368057002661,16.727718298962703,39.88791711634003,8.282333897095036,1.143812683492981,7.138521213602056,1.1064970436476846,84.6957766642806,1.3187309911031295,0.9922778767136676,1.033820224015679,0.8602891822987272,1.279335127323335,1349,6985.0,3.0576679706573486,1.413522720336914,3.344254970550537,2.480992317199707,3.2884867191314697,2.35400915145874,0.1602310407530217,51833,4296,44814,2,10,152,2636,2723,1.4851028423618615,0.1230876432154526,1.2839966580673403
08a5afa9d62c,test,261979.0,0.6313621677639113,12.629215041989774,20.003122909183062,7.015447803068185,1.0130582985659156,6.002389504502269,1.0668663827012377,77.19442165709599,1.2777912638140116,,1.0786387432600122,0.8463058595934622,1.2303423677012622,1164,6095.0,2.817305326461792,1.1533044576644895,3.137657642364502,1.6010711193084717,3.0798254013061523,1.5437700748443604,0.1687758346581876,2541,571,1842,13,15,12,1637,128,1.7487715241359376,0.3929746321454626,1.267704505099723
08cfae721bd8,test,262144.0,0.6357712089775913,12.916767635165224,20.31669168526393,8.642196655273438,1.2386322021484375,7.403564453125,1.019000350924761,84.01283250902286,1.348437337744446,,1.049085540428407,0.8543774684282148,1.3177545911011077,1098,7481.0,3.109158992767334,1.313283920288086,3.112839937210083,1.6150439977645874,3.0963730812072754,1.5689311027526855,0.1673021434460016,151,47,0,10,2,0,0,104,0.1553625812824101,0.0483578895382336,0.0
08dc27511636,test,262133.0,0.9787687643394464,18.722284658135194,19.12840431802146,10.877302743263916,1.0227632537681253,9.85453948949579,0.981516109103488,84.75755373273803,1.4099650216871675,1.0864289525102224,1.0591625833678735,0.8185027915343669,1.3829038835742091,1945,9631.0,3.029705762863159,1.725622296333313,3.096021175384521,1.634595513343811,3.084242343902588,1.6425327062606812,0.1037860018581604,54,19,5,4,2,1,0,30,0.0480632298490458,0.0169111364283679,0.0044502990600968
0904fcd03369,test,261328.0,0.6336212476720209,12.916767635165224,20.385628926780065,7.617247290761036,1.3324251515337049,6.284822139227331,0.9422072029042824,78.43939393939394,1.3138191163482529,0.8176235608718829,1.0994422557947563,0.8967991758021225,1.2584858767909497,1021,6600.0,2.8260979652404785,1.1074634790420532,3.081103801727295,1.5879732370376587,3.03188705444336,1.5210902690887451,0.2120068192888455,4979,4309,425,20,43,7,124,245,51.724496156243504,44.76418034489923,4.415125701225847
0928150bb29a,test,262141.0,0.4835773476742495,10.433226866162476,21.57509427672897,6.7150884447682735,1.2813714756562309,5.433716969112043,1.0857571122374428,79.21785776085828,1.2721016607331477,1.0291165933949735,1.301582746911937,0.8898193082900159,1.2129445222751407,907,5779.0,2.68196702003479,0.9216862320899964,3.326261281967163,1.953986406326294,3.1841909885406494,1.802316427230835,0.2358185902836282,141,7,0,14,1,0,0,134,0.9496228448275862,0.0471443965517241,0.0
0946ae407745,test,261545.0,0.6009138817822693,11.297957460592732,18.801292170325247,6.93341489992162,1.5087269877076603,5.424687912213959,1.0611546998726609,80.97251585623678,1.2415418324967054,1.039555396378104,1.006230589874905,0.9511340249914644,1.1713976564467563,811,5203.0,3.204228162765503,1.1729822158813477,3.5417938232421875,1.8576184511184688,3.443603754043579,1.728916049003601,0.278122356921342,459,76,135,23,2,5,0,248,0.7953285278624896,0.1316883836983643,0.2339201552536734
0952ca2ece1c,test,255378.0,0.7744755584588116,25.8809098164534,33.41733581361278,8.485069191551347,1.817306110941428,6.66776308060992,0.9938586931957764,82.89907651715039,1.2881538101622094,1.1043152607484654,1.1766968108291045,0.8779396841785329,1.2230306445467678,1347,6064.0,3.4104931354522705,1.9826242923736568,3.7243812084198,2.337408781051636,3.6147983074188232,2.250762939453125,0.2725510923185341,13177,13174,3,0,3,0,0,0,1.665289141308826,1.6649100058892368,0.0003791354195891
096d6bb6546b,test,260094.0,1.0297399134581284,34.99626850316241,33.98554144185403,8.279698878097918,1.4025698401347204,6.877129037963198,0.9805138718889964,77.25228294943437,1.3426686334854991,1.0462287486943735,1.0654576668477884,0.8126283760957334,1.30507874062812,1198,7337.0,3.9056785106658936,3.411677360534668,2.981358528137207,1.9526958465576167,3.08245587348938,2.1854374408721924,0.2039470006149717,10736,665,9032,5,4,19,1087,1039,1.229930289439165,0.0761832751934654,1.034717806838165
097614f1dcae,test,262144.0,0.7597282820610252,13.937693637516498,18.345629571280003,6.8134307861328125,1.5499114990234375,5.263519287109375,1.0905509167600902,77.01487374610862,1.2674682737818233,1.0051414220648334,1.0283410263763428,0.9324541766596756,1.2021688417400325,1111,5782.0,3.2704927921295166,1.2373709678649902,3.06624174118042,1.5743039846420288,3.092594861984253,1.5024479627609253,0.2944629656471952,8297,2542,5706,8,19,86,866,49,4.227469123221783,1.2951942281824482,2.90730852321363
09855c888f9f,test,261896.0,0.5785001556781404,11.561538431539477,19.985367882894675,6.483871460427039,0.7239514921953752,5.759919968231665,1.05260706443759,76.43243243243244,1.2960483456321716,1.1766968108291045,0.9911798330545082,0.7662158141195475,1.2649637643590104,1148,6475.0,2.590848684310913,0.9727370142936708,2.798425674438477,1.403857707977295,2.774498462677002,1.3649237155914309,0.1256877693072588,577,0,535,4,0,21,0,42,0.5532967665221894,0.0,0.5130221318706609
09b5e952f996,test,262144.0,0.7030248870026337,12.22306116498893,17.386384736822468,7.962799072265625,0.8693695068359375,7.093429565429688,1.0424283523201532,73.1798382078407,1.2998141059668529,1.0,0.9252614859377908,0.8558379142256461,1.2667209744328711,1092,6428.0,3.158761501312256,1.323948860168457,3.270293474197388,1.584208607673645,3.253495216369629,1.5540716648101809,0.1225598279107287,2790,401,2332,8,2,31,197,57,1.4523685580426862,0.2087454450806871,1.2139510671525249
09d32c9008ca,test,257111.0,1.0632725273765669,21.17860515333549,19.918322544822896,5.259207112881207,1.0462407287125015,4.2129663841687055,1.0131237999453722,82.0671834625323,1.170919950709674,1.030419674638617,1.0758876551830785,0.8617386175342776,1.1217757681741454,544,3870.0,3.649682283401489,1.940000295639038,3.514586925506592,1.806068420410156,3.521685838699341,1.8371516466140747,0.2483382570162481,280917,76731,202741,2,56,155,2808,1445,8.04975588565167,2.198748451898384,5.809600551098385
0a0780ad3395,test,262030.0,0.5593783338837931,13.346410249100844,23.859362153760976,6.311872686333626,1.5082242491317788,4.803648437201847,1.1766968108291045,78.9040583504769,1.255414362592871,1.0112600311850204,1.0226506070224453,0.9049969426073888,1.1780038883258623,763,5347.0,3.082733154296875,1.3116000890731812,3.184109687805176,1.8693103790283203,3.1505143642425537,1.747933268547058,0.3139747358385636,5111,2320,2545,18,18,63,183,246,4.158462564886987,1.887621434266838,2.0706881681935787
0a262e8b2a5a,test,261961.0,0.4705706163704217,9.59236815312726,20.38454552711889,6.676566359114525,0.9741908146632514,5.702375544451273,0.9503288904374104,75.59630292188432,1.3049955482296285,,,0.8174683978227896,1.2585075342305012,1270,6708.0,2.6178157329559326,0.8548054695129395,2.7820281982421875,1.392586350440979,2.7579004764556885,1.3283050060272217,0.1708394698085419,1670,155,1476,5,2,29,0,39,19.25738007380074,1.7873616236162362,17.02029520295203
0a2b5e1a0be8,test,261450.0,0.683811210029374,12.401954465036347,18.13651821312436,6.216867469879518,1.265251482118952,4.951615987760566,1.053338960389829,78.52059925093633,1.2622135208310716,1.0960155108391487,1.1302216993549872,0.8423366548058989,1.2215984386193215,759,5340.0,3.069545269012451,1.3530678749084473,3.1081137657165527,1.6233406066894531,3.095144510269165,1.5688591003417969,0.2555229414490962,24006,5067,18691,18,31,329,0,248,22.84197305320849,4.821306234300068,17.784692091040572
0ad36156ad5d,test,261547.0,0.6756183017592317,12.895479700520829,19.08693069288161,6.647753558633821,0.9512630617059268,5.696490496927894,1.105004796579244,75.91334679640168,1.2560139351944426,1.131370849898476,1.1153385008824814,0.8053402788521894,1.211793083985407,747,5447.0,3.0249388217926025,1.1983323097229004,3.2903969287872314,1.840285301208496,3.257868528366089,1.7772372961044312,0.166991073226391,1844,963,756,8,9,21,0,125,0.9658091008128716,0.5043786139277633,0.3959607810274029
0aebb1b2aef1,test,262144.0,0.5562124006664546,13.71667492688283,24.660857813395545,8.382034301757812,1.3980865478515625,6.98394775390625,0.9912647531211952,74.24122040362307,1.2905497550789309,1.0509877084907764,1.1766968108291045,0.9202906969756132,1.2377088685178528,1129,6293.0,3.3250715732574463,1.3297243118286133,3.5237338542938232,1.781077265739441,3.456953287124634,1.7033092975616455,0.2001857111645182,9091,2809,6148,12,13,69,238,134,6.658024637107996,2.057242460195398,4.502643875144644
0af338c60d2d,test,262144.0,0.766135767471208,12.474231117756544,16.282011162238728,6.6585540771484375,1.3416290283203125,5.316925048828125,1.1055234198479458,72.52909359121456,1.2856382668124982,1.1141720290623112,1.1821214708743053,0.9004297251840585,1.2237942829352333,1061,6101.0,2.8621721267700195,1.2059643268585205,2.9435184001922607,1.3691685199737549,2.9200565814971924,1.331664800643921,0.2523317549146219,19733,3027,16370,34,26,303,0,336,119.5794449157678,18.343231123500185,99.2000969579445
0b121d798018,test,222020.0,0.7419371559210091,13.82029046454405,18.6273060383236,7.269164940095487,1.5579677506530942,5.711197189442393,0.9475648400133002,87.15483739005931,1.275967942464583,0.8524176765723144,0.878275310689946,0.8802687640035816,1.206293632462699,825,4889.0,3.1609017848968506,1.4356781244277954,3.3919942378997803,1.7959381341934204,3.3193881511688232,1.7236980199813845,0.2727917981072555,68906,19527,48723,0,14,110,3296,656,2.0048408763388568,0.5681439612264368,1.417610397031581
0b65c09c7bac,test,262144.0,0.8108370538848767,15.621878934650912,19.26636043555666,8.280181884765625,0.7656097412109375,7.514572143554687,0.9044499309551404,80.90974729241877,1.3224941504953165,0.8962581595302719,1.0746452818451495,0.7687749305481322,1.2949625363794866,1223,6925.0,2.972608089447021,1.3074675798416138,3.2854533195495605,1.9185744524002075,3.231492519378662,1.8592263460159304,0.1018833443321996,15230,2404,12371,35,24,175,0,455,8.32649937127549,1.3143075829642994,6.763435569405718
0b88274d5d7d,test,262144.0,0.6688625493858937,13.413598844593302,20.05434278972384,7.869720458984375,1.5224456787109375,6.3472747802734375,1.5116737781158025,79.344688221709,1.3221233199749154,0.8941478134541343,1.7637279700804704,0.9229869677839222,1.2618660035844336,1218,6928.0,2.917912244796753,1.1570390462875366,3.0560057163238525,1.5741647481918335,3.015684127807617,1.5011268854141235,0.2398581645531582,5316,807,4171,30,18,138,0,338,3.448768019099272,0.5235432263756796,2.705946464947905
0ba16f32500e,test,258938.0,0.5426922279995887,19.04379093036888,35.091327916314505,5.733805003514354,0.995991318385096,4.737813685129259,1.0312155532133296,75.0,1.2511435371898978,0.882009737174476,1.030419674638617,0.8811061345715496,1.1993551724575815,772,5168.0,2.869555711746216,1.4714614152908323,3.1388189792633057,2.352257251739502,3.079410552978516,2.2210257053375244,0.2102217150309748,702,487,0,2,1,0,0,215,0.0153372557673106,0.0106399480892881,0.0
0bab4b301d71,test,262144.0,0.6413289141902676,12.401954465036347,19.33790008625273,7.325363159179687,0.763702392578125,6.5616607666015625,1.0079337376044752,75.03690339511235,1.2879972520447458,0.9592347424006524,0.9955418815586788,0.778499299745285,1.260886670377546,941,6097.0,3.2841274738311768,1.3125686645507812,3.143737554550171,1.5923027992248535,3.1521451473236084,1.5638375282287598,0.1163885820591826,15001,4320,10354,26,30,191,1170,327,133.1055900621118,38.3318544809228,91.87222715173026
0bfa8ea173d6,test,262144.0,0.6524897621513943,12.700198423772418,19.46421102746076,8.168411254882812,1.3347625732421875,6.833648681640625,1.0849937033168515,80.37731314587839,1.3618645988071698,1.0300524052492095,1.125,0.8642132866755616,1.3137902829192571,1746,8322.0,2.7890067100524902,1.0689889192581177,2.7628045082092285,1.4062888622283936,2.7639434337615967,1.3654494285583496,0.1953220944512671,3172,7,2951,24,1,103,0,214,1.4814261295173687,0.0032692253803977,1.3782120139362406
0c39fa1f2cfa,test,261846.0,0.7337211274749827,12.22306116498893,16.659001229872167,6.979293172322663,1.1178326191731018,5.861460553149561,0.9932960042789106,83.99106478034251,1.2688374112882774,1.0242950394631678,1.1141720290623112,0.8835948610005886,1.218271732572094,854,5372.0,2.996793031692505,1.2335429191589355,3.4627788066864014,1.7883481979370115,3.3640832901000977,1.706072449684143,0.1907088871514204,9627,1973,7509,12,7,112,0,145,12.81959092361777,2.6273037179077448,9.999201022690956
0c7e40a82c60,test,260586.0,0.4765064982912361,9.84636731768568,20.66365800465469,6.149601283261572,1.165066427206373,4.984534856055198,0.9147438775591736,73.86656837449318,1.2500996653566745,1.1111111111111112,0.9109452816077932,0.8555445181282061,1.188663152538917,965,5426.0,2.7313923835754395,0.929803192615509,3.0673513412475586,1.6315860748291016,2.99341344833374,1.517244577407837,0.2337362383555316,20853,9040,11528,23,37,226,3070,285,13.97391910365347,6.057844372369797,7.725091805827325
0c7e66a53ce3,test,261626.0,0.683868153791104,12.629215041989774,18.467324398684493,7.5126325365216,1.4780641067783784,6.034568429743222,1.0533703247651751,82.52523581002814,1.2798496535731705,1.034792955221957,1.1371139963778094,0.9087952498566568,1.2237922269624335,1225,6043.0,3.3939075469970703,1.369882106781006,3.3120031356811523,1.7213629484176636,3.280691146850586,1.6517531871795654,0.244932860400304,6953,9,6713,17,1,18,371,231,5.075256573088658,0.0065694389699119,4.900071533891006
0ca261d6e31d,test,214078.0,1.2555671512700126,27.686365342978245,22.05088378982625,6.044992946496137,2.1417427292855877,3.903250217210549,1.0846522890932808,85.6907894736842,1.1866005072819683,1.0846522890932808,1.0586635570330811,0.9199659510040198,1.0967770619582156,575,3648.0,3.902627944946289,2.73801589012146,3.3779184818267822,1.88265597820282,3.5288405418396,2.184611558914185,0.548707515557683,2171,684,942,1,2,1,0,545,0.9480390744064384,0.2986912606605268,0.4113555081026555
0cad3584e761,test,262144.0,0.6542300547908733,11.595977512100552,17.724617551859865,6.2343597412109375,1.09710693359375,5.137252807617188,1.2982440634512338,78.81150381150381,1.270551598794165,0.834765917050874,1.7038400797241715,0.8488671005601784,1.2154030977510482,1048,5772.0,2.7315502166748047,1.00756573677063,3.031464099884033,1.6119000911712646,2.97651481628418,1.5345672369003296,0.2135590703200416,43,0,0,5,0,0,0,43,0.6460336538461539,0.0,0.0
0ccfca342907,test,254991.0,0.7417058108037375,13.413598844593302,18.08479676066967,6.166099979999294,1.0725868756152177,5.093513104384076,1.011729262912504,73.35574700567346,1.2255012927731737,1.0077420510481725,1.0507518555041302,0.8420617512275616,1.1722316227990892,668,4759.0,3.3754141330718994,1.4393320083618164,3.234569311141968,1.5004791021347046,3.236201524734497,1.4846898317337036,0.2105789959963042,6057,3397,2512,12,29,31,0,148,12.925736235595393,7.249253094323517,5.360648740930432
0d1610cda7fc,test,262144.0,0.6553448664766672,13.41681828384611,20.47291276725641,6.7714691162109375,2.019882202148437,4.7515869140625,0.939417443021608,76.88827010093978,1.273527307583718,0.9707253433941512,0.9670517041903148,0.9417983775650128,1.20695038812834,929,5746.0,3.190131902694702,1.2853740453720093,3.1183650493621826,1.6692110300064087,3.1230435371398926,1.5641013383865356,0.4250963391136801,2979,2427,0,1,5,0,0,552,1.450927102967606,1.1820745481377577,0.0
0d1c7806f918,test,260456.0,0.5861414091860637,28.99690948581911,49.47084275462678,8.098488804251007,0.8300826243204227,7.268406179930583,0.9602765994967198,80.67372807779128,1.27213134762999,0.8077923917220193,0.9872057880794692,0.8079000912701519,1.2398775863365925,1021,5759.0,3.308891534805298,2.790572166442871,3.963977098464966,3.743061065673828,3.8836941719055176,3.643868923187256,0.1142042153082246,3376,1310,0,3,2,0,0,2066,0.0967342172938201,0.0375360855020451,0.0
0d2c1ae24459,test,261872.0,0.5407658180310893,13.278881696548597,24.55569722379379,7.6949807539561315,1.4319973116637137,6.262983442292418,1.0666666666666669,81.90635451505017,1.2759045784782743,0.9307514934403472,1.2,0.927533510041162,1.2182010101215937,974,5980.0,3.2323169708251958,1.3221311569213867,3.5270183086395264,1.912440299987793,3.449822425842285,1.810271382331848,0.2286445948417779,17667,3886,12947,60,30,167,0,834,108.61305791220953,23.890323373908767,79.59547522439445
0d38fb1ec22d,test,262144.0,0.5887786758460014,14.376197324235632,24.416980291582117,8.406829833984375,1.1474609375,7.259368896484375,1.050725765087558,83.82398512550357,1.2996863702698398,1.2,1.0187564749039544,0.8452839102196646,1.2573838696485644,1196,6454.0,3.164845466613769,1.421832799911499,3.586647748947144,1.9943186044692995,3.507683038711548,1.9208606481552124,0.158066211245402,25169,981,24132,9,14,302,0,56,47.72460085706701,1.8601387993477188,45.758276764382416
0d564d76c97c,test,260233.0,0.5096349374139202,12.057805884408358,23.659692456710705,5.857058866477349,1.0725004130913451,4.784558453386004,1.0107155029071933,81.7995146537241,1.2550470700596372,,1.1683114521286224,0.8887047778151899,1.210460769477761,727,5357.0,2.940426111221313,1.086022973060608,3.0041325092315674,1.7590395212173462,2.985388994216919,1.6525466442108154,0.2241587021122801,6689,4201,1510,63,27,24,579,978,99.71675611210496,62.626714370900416,22.510435301132976
0ddb0dbbef76,test,262144.0,0.7443471848103059,13.499866274199958,18.13651821312436,8.63189697265625,1.1051177978515625,7.526779174804687,1.0343662553363218,81.83185235816815,1.331807055808176,1.0524696231684352,1.0622446458275865,0.8051739340829597,1.2950280970143833,1336,7315.0,2.9994935989379883,1.2871001958847046,3.2098116874694824,1.7371448278427124,3.174588918685913,1.6883383989334106,0.1468247934722011,5787,3737,1650,34,23,16,1090,400,4.553824362606232,2.940667296191376,1.2983947119924455
0df488d86631,test,237322.0,0.5898240549584467,9.959161272411448,16.884969659491208,3.4809246508962506,1.009598772975114,2.471325877921137,1.0085972664249463,86.53629183903723,1.1111440731333813,1.0085972664249463,,0.8525243517523561,1.1033528478019088,302,2659.0,2.6623315811157227,0.9565067887306212,3.380914688110352,1.7147789001464844,3.1235547065734863,1.5309128761291504,0.4085251491901108,12404,8385,3342,0,1,7,0,677,0.2710187565343072,0.1832064070896618,0.0730203711978115
0e052b0dec40,test,260195.0,0.4656678847574887,14.26611772330715,30.635820485530544,8.413689732700474,1.5138646015488384,6.899825131151636,,85.69500674763833,1.309093531795435,1.0293004709313307,,0.945738474334077,1.260601978510519,934,6669.0,3.0387308597564697,1.2929755449295044,3.476476192474365,2.527893304824829,3.3886849880218506,2.3448615074157715,0.2194062273714699,45909,36103,8920,7,4,15,0,886,1.3139897013706603,1.0333261493080867,0.2553048015906748
0e428b886e07,test,260598.0,0.3585475533827297,13.933574875767029,38.86116288985998,7.44326510564164,1.6957152395643866,5.747549866077253,0.8176235608718829,83.04050305159979,1.256642786628381,1.01206467452552,0.8176235608718829,0.9416283494031013,1.1801221942232092,1001,5407.0,3.413099765777588,1.2934014797210691,3.7963321208953857,2.981050968170166,3.6560888290405273,2.67000675201416,0.2950327146481507,70279,2791,65461,0,6,125,8773,2027,2.013778590661585,0.0799734778032767,1.875723335894051
0e86fbc6cb8b,test,257368.0,0.2613803660437344,12.29638937531791,47.044043749102656,6.897904945447763,1.441515650741351,5.456389294706413,1.0685934174848224,89.21732664063953,1.2585699123570784,0.8867523304605713,1.0786387432600122,0.9010765133843563,1.2044659953593924,912,5379.0,3.0817482471466064,1.0911527872085571,3.731968641281128,3.276747226715088,3.5560531616210938,2.9281952381134038,0.2641885636972156,10190,6393,2388,0,7,13,0,1409,0.2227235262270613,0.1397322377987833,0.0521946791590012
0e9d6c70eaf7,test,255148.0,0.9363330625715108,21.54186524321354,23.00662670615491,6.729035696928841,2.144637622086005,4.584398074842836,0.8983877435640268,77.87906976744186,1.2558378006099975,0.9563890684173496,0.8945093352064537,0.9536819733892096,1.1699564166996672,962,5375.0,3.3387889862060547,1.8362619876861568,3.210853576660156,1.89017391204834,3.226704835891724,1.8610676527023315,0.4678122595537317,44148,7676,36372,2,9,178,2305,100,5.057681953052504,0.8793776993664724,4.16684805645614
0eb6e41a8658,test,262144.0,0.9227971863803838,17.181838943835977,18.61930139950979,7.0209503173828125,1.2004852294921875,5.820465087890625,0.9868194204399748,75.11627906976744,1.2600236707507928,1.0786387432600122,1.132482470099906,0.8618176320645066,1.2034186443054666,893,5590.0,3.2309885025024414,1.7007853984832764,3.3654625415802,1.782883644104004,3.3344550132751465,1.7650084495544434,0.206252457727094,5170,2216,2707,22,28,78,0,247,3.187894632991318,1.366416732438832,1.669174230465667
0ecaf177e85f,test,262144.0,0.6212584360944937,13.413598844593302,21.59101279801871,8.817672729492188,1.2195587158203125,7.598114013671875,0.9407208683835973,81.4828614008942,1.3570222855746574,1.0795912380986197,1.0068369268958286,0.8815358108743361,1.314634377273907,1523,8052.0,2.725153684616089,1.091855525970459,3.055161476135254,1.6506335735321045,2.999202013015747,1.5826997756958008,0.1605080831408776,3194,745,2087,28,9,57,0,362,1.7135744712812644,0.3996909771773769,1.1196712340525985
0ed192cd67a2,test,262144.0,0.9156210095681012,17.516684974076917,19.13093385912971,7.47222900390625,2.215576171875,5.25665283203125,0.9704565080150797,73.65918882781162,1.3123943631570163,1.0909090909090908,1.029883958629734,0.975896316632131,1.2315242033061833,1189,6731.0,2.996108055114746,1.257471203804016,3.001587152481079,1.5040791034698486,2.984098434448242,1.4328523874282837,0.4214804063860667,173,4,87,10,1,2,0,82,2.142680208075304,0.0495417389150359,1.0775328214020312
0edc0c33e929,test,261847.0,1.1875480516317214,24.070776140323872,20.26930708803741,6.260144282729991,1.911803457744408,4.348340824985583,1.0066826519245395,76.92743764172336,1.2461090268770825,0.9986876634765888,,0.9184768733242258,1.161511707162736,911,5292.0,3.282740592956543,1.9903656244277956,3.1378908157348637,1.6264818906784058,3.1707003116607666,1.7282403707504272,0.4396627437203583,256,0,0,2,0,0,0,256,0.0073376130343523,0.0,0.0
0ee72c039036,test,255478.0,0.7066768882562671,12.401954465036347,17.54968171612108,4.813330306327747,1.1100760143730577,3.7032542919546887,1.0004353050672117,78.38335966298051,1.1675023811343157,1.0606601717798212,1.0416666666666667,0.9004806467274508,1.097214063684304,501,3798.0,3.366921186447144,1.360409379005432,3.2035672664642334,1.6187069416046145,3.2380940914154053,1.5709389448165894,0.2997568967339604,4952,1550,2835,39,6,23,0,567,2.836456949090409,0.88782477202951,1.623860147550749
0ef1f5075178,test,262144.0,0.5792920779303855,13.413598844593302,23.15515670871169,11.29608154296875,1.2569427490234375,10.039138793945312,1.0357131430593738,80.79043161726469,1.4149299967273783,0.9411764705882352,1.1123937767650178,0.8652695284824286,1.3806748092272438,2083,9615.0,2.988855600357056,1.3130674362182615,3.1379101276397705,1.5560535192489624,3.111367464065552,1.5328911542892456,0.1252042406049321,9321,4340,4873,6,5,17,0,108,4.048243632952295,1.8849240818595605,2.1164136061985337
0f1613975335,test,262144.0,0.3619833239672935,6.639440848274298,18.341841760849167,5.690765380859375,0.463104248046875,5.2276611328125,0.992651212106715,71.69844947424701,1.2603647294690068,1.116312611302876,1.0308118513889708,0.7395964251410405,1.2365546248207298,878,5611.0,2.464434862136841,0.6944119334220886,2.797710657119751,1.308364748954773,2.770671129226685,1.266845464706421,0.0885872737886748,210,15,2,17,1,0,0,193,2.1337126600284497,0.1524080471448892,0.0203210729526519
0f1a967313c3,test,262096.0,0.6644301858418074,13.278881696548597,19.985367882894675,8.002029790611074,0.7642237958610586,7.237805994750015,1.043075923591554,81.18641828511032,1.34661100936977,1.0051414220648334,1.0033715393857514,0.789741180855027,1.3208893034120772,1121,7569.0,3.0990514755249023,1.4428937435150146,2.901581287384033,1.5574241876602173,2.9146556854248047,1.5437452793121338,0.1055877701634159,93,0,0,11,0,0,0,93,0.7477086348287505,0.0,0.0
0f23c3028206,test,209007.0,0.7115212787340331,18.94394549259941,26.624566346498074,5.791672049261508,1.1635973914749267,4.628074657786581,0.9754254819986958,83.0827067669173,1.1962142018411388,1.1141720290623112,1.0685934174848224,0.8117907203196945,1.137646978324594,599,3458.0,3.2621073722839355,1.7225648164749146,3.549438238143921,2.537001132965088,3.4847567081451416,2.3863272666931152,0.2514214824769978,320,320,0,0,1,0,0,0,0.1345634677005626,0.1345634677005626,0.0
0f61878bfd0e,test,261993.0,0.6011389096952992,11.940702347989491,19.86346608979596,8.328848480684599,1.3084319046692088,7.02041657601539,1.1620418121842029,75.59532196702833,1.3244177829821573,1.1763433953500924,1.009113540589762,0.8849123047767865,1.2737689698105503,1262,7097.0,2.9942445755004883,1.1380763053894043,3.149469375610352,1.4967501163482666,3.1101980209350586,1.4435678720474243,0.1863752514543576,1877,916,507,42,9,14,244,454,0.9467461590452844,0.462024231052467,0.2557273855279484
0f8fc606e17c,test,261360.0,0.8400189958187769,14.113609333513676,16.801535922121577,7.056550352004898,1.4447505356596266,5.611799816345271,1.1098785559592736,77.8343949044586,1.2932325317810265,,1.1067971810589328,0.902773098362793,1.235450797822662,977,6280.0,3.0737884044647217,1.2771586179733276,2.958778142929077,1.4219424724578855,2.975716590881348,1.3936028480529783,0.2574486943478557,4405,488,3775,9,9,63,191,142,2.138660970044181,0.2369277079186289,1.8327911831820167
0f96e3e4a5a0,test,262144.0,0.6043954350743409,12.29638937531791,20.34494084788289,7.057952880859375,1.0349273681640625,6.0230255126953125,0.9918977722428394,79.98219320373943,1.306973712313027,,0.9822681209950598,0.8346975888629586,1.262022437532136,1063,6739.0,2.830026149749756,1.1746917963027954,2.880664348602295,1.4946638345718384,2.8647356033325195,1.4429762363433838,0.1718284881879789,8400,597,7580,21,9,218,928,223,5.455395646074713,0.3877227619888814,4.922845118719801
0fa8a299f431,test,221301.0,0.7192504577492229,22.57060127416038,31.38072563038945,8.194721216804263,0.8689522415172096,7.325768975287052,0.9391952027485976,86.68744434550311,1.2353402470042123,0.8468756954711633,1.005000908165948,0.7913117082673856,1.2097824207645158,818,4492.0,3.6959965229034415,2.225534677505493,4.326605796813965,3.683382034301758,4.242796897888184,3.5522048473358154,0.1186158401184308,64927,53537,7842,5,36,7,4641,3548,2.120642813422496,1.7486231352472803,0.2561350584942968
0fd68a854aa1,test,262144.0,0.6395951368763746,10.65939081802652,16.665840941324795,9.089279174804688,0.5176544189453125,8.571624755859375,1.1216880186180156,85.95450049455984,1.3912788741554545,1.0358679029554034,1.145511280223012,0.7231959910356802,1.3730068383819314,1753,9099.0,2.708627700805664,1.0215240716934204,2.8059449195861816,1.3723119497299194,2.794304847717285,1.3499085903167725,0.0603916332888295,179,0,0,17,0,0,0,179,2.4163066954643626,0.0,0.0
100d678b8125,test,261904.0,0.6772112101334098,14.201254172716643,20.970199489047168,8.770007330930417,1.3917313214002076,7.378276009530209,0.9996605242806792,85.10818120351588,1.2796931996393448,0.9499679070317292,0.9280103539869686,0.8927082656158472,1.2193875289434668,1079,5916.0,3.298659563064575,1.46211838722229,4.047721862792969,2.2576234340667725,3.882519245147705,2.1556899547576904,0.1886255433657628,29816,513,29181,12,10,260,364,122,57.74266015957859,0.9934929119219148,56.512897978154776
10205b883f26,test,262025.0,0.7432668964160648,13.569478094080283,18.25653498024804,7.966415418376109,1.462455872531247,6.503959545844862,1.054295244008272,81.04756346658885,1.3172411717426105,,1.0457634969984604,0.912010957056088,1.2601485662847445,1354,6854.0,2.9863216876983643,1.2547495365142822,3.1225521564483643,1.658575177192688,3.075977563858032,1.580549240112305,0.2248562375308062,9026,5879,2953,17,65,42,1861,194,4.464206225950362,2.9077186353159963,1.4605363378275449
10249038e07f,test,262144.0,0.6191830232733188,12.082706584336604,19.5139500441424,8.690643310546875,1.3347625732421875,7.355880737304687,0.9519432502802204,76.47058823529412,1.298707884445697,0.9408058284983232,1.0421598690355731,0.9023787543592848,1.2473717790820282,1036,6358.0,3.1949965953826904,1.319557547569275,3.6229307651519775,1.887545228004456,3.5373480319976807,1.8118531703948972,0.181455167764352,16127,1562,14409,15,12,185,427,156,70.91284847418872,6.868349309647348,63.35854366370592
10407824638c,test,235284.0,0.7120706277582574,20.60628122114014,28.938535614104588,8.155250675779058,0.8606620084663641,7.294588667312694,0.9831538021136008,78.30802603036877,1.2986879246424992,,0.9511732832478448,0.6645604967651424,1.277487507419243,1063,5993.0,4.386951446533203,2.837360382080078,3.3438310623168945,2.5530242919921875,3.4160945415496826,2.582247257232666,0.1179863660199266,1300,29,0,4,1,0,0,1271,0.0423948526126643,0.0009457313275132,0.0
106dac320289,test,262144.0,0.7682752254566814,28.772362961805264,37.450593235910056,9.674072265625,1.560211181640625,8.113861083984375,0.9965003721297804,82.11519845111326,1.3693871097103012,0.9370425713316364,1.1961036160995036,0.8591892643571579,1.3273174881936352,1548,8264.0,3.374089002609253,2.638957262039185,3.2194201946258545,2.694474935531616,3.23294448852539,2.673757791519165,0.1922896097790315,93931,6908,81136,11,17,182,5547,5887,2.69126609929013,0.197924712969054,2.324669877165196
10c9d368f264,test,255986.0,0.4685838908364361,10.027171394861918,21.39888201654376,8.40124069285039,1.1512348331549382,7.250005859695452,1.0337284534988724,85.5074931880109,1.284948064981406,0.9357604759733028,1.0176599376179951,0.8547429919073485,1.2438842135953492,842,5872.0,2.8102498054504395,0.953491747379303,3.873716592788696,2.3159849643707275,3.6768834590911865,2.173003435134888,0.1587908831294789,4953,2572,2087,14,10,18,0,294,2.4185278865591764,1.2558961688330712,1.0190728243991525
10df48fe8c6c,test,259886.0,0.688047939220539,13.754056731843606,19.989968645825765,8.421384761010597,1.1755154182987926,7.245869342711805,0.951302988308988,78.45853022649503,1.2879928204718447,,1.028991510855053,0.9016280701899896,1.2430836794157378,1231,6137.0,3.45300841331482,1.5205869674682615,3.5898938179016118,1.800745129585266,3.532407283782959,1.758076310157776,0.1622324889809357,5276,0,5153,9,0,52,0,123,6.710589911220778,0.0,6.554145150212408
1136833be435,test,262010.0,0.6892916654969561,12.082706584336604,17.529163907161678,8.940880119079424,1.0583565512766688,7.882523567802756,1.0456608589633238,80.54431776388378,1.3655774526046869,0.9428090415820636,1.0012715556365002,0.8285033490528277,1.3350455543429829,1578,8157.0,2.898594379425049,1.1745731830596924,3.011804819107056,1.5245529413223269,2.9836618900299072,1.4840325117111206,0.1342662082990364,194,0,0,21,0,0,0,194,0.1317719936966798,0.0,0.0
113971387d87,test,262144.0,0.405730751781435,7.51973457948858,18.53380486066637,6.808853149414063,0.634002685546875,6.174850463867188,1.0349212046273462,73.02048303271171,1.305654568733907,0.8919529754965996,1.098329688252612,0.8148583460020384,1.2735408845637275,997,6542.0,2.372342348098755,0.6594031453132629,2.8614416122436523,1.3849636316299438,2.807247400283813,1.33360755443573,0.1026749860999567,5054,3682,516,65,26,15,274,856,2.512003340059843,1.8300744555006607,0.2564688807817331
119c13369239,test,261448.0,0.5034144503031028,10.027171394861918,19.918322544822896,8.670557816468284,0.8881307181542792,7.782427098314005,1.0632643641269988,83.19807253360385,1.3511514937814073,1.0540925533894598,1.1297377082782585,0.8086083870324217,1.3164409563615926,1341,7886.0,2.661540508270264,0.9047063589096068,3.0600709915161133,1.702073574066162,3.013178586959839,1.6376137733459473,0.114120017693026,4332,708,3291,27,7,55,1478,333,53.640416047548285,8.7667161961367,40.75037147102526
11dc8d4a66a7,test,212682.0,0.4522789304080834,22.09322890980854,48.84868037048333,9.079752870482691,1.0447522592414966,8.035000611241196,,81.82903533906399,1.235014310248011,1.299867367239363,1.0846522890932808,0.7981701859330362,1.2051649891953164,905,4188.0,3.57857346534729,2.1684136390686035,5.342443466186523,5.697016716003418,5.06820821762085,5.367026329040527,0.13002516238516,1056,0,653,0,0,4,0,403,0.0707236787028634,0.0,0.0437334869251608
12411c037cfb,test,261840.0,0.8766071391159813,16.193298014441584,18.472696937845832,7.522914757103575,1.3687748243201956,6.154139932783379,1.010877079292692,74.05956112852665,1.2979441713101174,0.8450434075571135,0.9762397883895408,0.8551116092837562,1.2438898493269923,1196,6380.0,3.0971438884735107,1.4626933336257937,3.1163315773010254,1.5340324640274048,3.1067731380462646,1.5183976888656616,0.2224152910512598,17784,11887,5541,28,84,76,3833,356,11.119864940911649,7.432626774213719,3.464640780341399
1248275c3f91,test,261124.0,0.2635619931482939,12.474231117756544,47.32940045243125,8.80692697722155,1.3376786507559626,7.469248326465587,0.9787878732976648,81.63533012680367,1.3163879846237652,1.028591269649903,0.848528137423857,0.8559891069782605,1.270385763339094,1289,6861.0,3.1161460876464844,1.2345104217529297,3.644587278366089,3.188232421875,3.538827657699585,2.9617934226989746,0.179091468416735,41890,4130,34165,4,7,97,0,3595,1.1999124628196138,0.1183012287286943,0.9786347408028672
1278c303e03e,test,235104.0,0.696698913788257,24.28454645172357,34.85658721595798,9.02068871648292,1.071440724105077,7.949247992377841,1.2551181200511914,81.50125104253544,1.3033945190870715,1.0643041683803829,1.0887855769611834,0.7215128373993773,1.2787693646382394,1145,5995.0,4.148237705230713,2.9004571437835693,3.7475156784057617,3.275075435638428,3.7682156562805176,3.2352819442749023,0.1347851677457328,68675,4296,57075,9,7,154,0,7304,2.242975575326909,0.1403104924878689,1.864111117026332
127976eab419,test,262144.0,0.6697694007173898,13.868102813305136,20.705787392572752,8.043289184570312,1.103973388671875,6.9393157958984375,0.9577042613611466,81.39500734214391,1.320253077192017,,1.4100479758212652,0.8134003871981459,1.2819072204371331,1011,6810.0,3.140044927597046,1.5270172357559204,3.1678478717803955,1.744853973388672,3.1666505336761475,1.7224963903427124,0.1590896597218404,26360,5829,19433,71,47,302,0,1098,15.33610267509105,3.391280064230111,11.306012264227784
1282d33e6fbc,test,250278.0,0.9444909188250276,13.680565323382034,14.484591699834478,5.930605167054236,2.028144703090164,3.902460463964072,0.8351754393009467,83.93335886633474,1.2548241407070606,0.8351754393009467,1.028991510855053,0.9571670178606982,1.1809027526172111,928,5222.0,3.142017602920532,1.230220913887024,2.8130195140838623,1.2510395050048828,2.8921751976013184,1.2460474967956543,0.5197092249411283,7837,590,6198,1,1,38,0,1049,0.1713897065577284,0.0129028871850274,0.1355459233437285
128b94971423,test,259930.0,0.4052985479286088,15.077660332921331,37.20136775712599,7.935598045627669,1.451159927672835,6.484438117954834,1.0483654452398703,82.03883495145631,1.2567425450152447,0.8642416214502248,0.9869273921755358,0.9267721091924136,1.1857982766477195,1139,5562.0,3.007432699203491,1.2584751844406128,4.296082019805908,3.976073026657105,3.983655214309693,3.578552722930908,0.2237911598932067,111131,3447,104479,5,10,219,0,3205,3.184042170057208,0.0987608620473782,2.993454048693947
13065b0ff1e0,test,262031.0,0.5357303499574656,13.278881696548597,24.786502570934942,9.689693204239193,0.4713182791349115,9.218374925104282,1.0121636356799772,84.97066666666667,1.3974691893852216,1.0434782608695652,1.029842776187052,0.7434414802880778,1.3822202151199674,1975,9375.0,2.678954601287842,1.1891319751739502,2.90217661857605,1.5671601295471191,2.8886258602142334,1.549350380897522,0.051128130821776,58,0,0,6,0,0,0,58,0.0366596718327307,0.0,0.0
130887394f97,test,260155.0,0.7531342038329638,27.65324445442463,36.71755221537885,7.163421806230901,1.6009686533028389,5.562453152928062,1.0524059483076151,79.32503276539974,1.291740243315628,1.0255299022850086,0.9818765039859751,0.8997888739105625,1.2257222781754558,987,6104.0,3.127136707305908,2.394936800003052,3.124849796295166,2.307737350463867,3.1143009662628174,2.311199188232422,0.2878170133370188,40279,2324,35193,1,4,53,11466,2762,1.1543387506638043,0.0666025287753589,1.0085812371734963
1326dad5651f,test,210658.0,0.5910648085643211,16.598602120685747,28.08254167762628,6.768791121153718,1.4264827350492266,5.342308386104492,1.125,81.94996492868833,1.252097272610099,0.971285862357264,1.043589330130855,0.8787752950448232,1.1977506825322983,705,4277.0,3.106408834457397,1.5057497024536133,3.439281463623047,2.58905291557312,3.371124744415283,2.4060466289520264,0.2670161720277235,325,325,0,0,1,0,0,0,0.1363237878717969,0.1363237878717969,0.0
132e1876157b,test,262144.0,0.5416488525535624,9.773823979174272,18.04457617346796,7.27691650390625,1.092529296875,6.18438720703125,1.0167536328079243,77.32038236201048,1.2973316618754125,1.0988845115895125,1.0318532240711196,0.8362703812448052,1.251509293665613,1055,6486.0,2.684211492538452,0.8955221772193909,3.0927364826202397,1.7548012733459473,3.014776468276977,1.6463381052017212,0.1766592647421662,4141,595,3348,16,8,85,0,198,1.6182355331853566,0.2325163347609966,1.3083440147559946
133f96f06473,test,261938.0,0.5109944254971449,13.346410249100844,26.118504592523024,8.60203559620979,0.7742290160266934,7.827806580183097,1.1289823579528724,78.60409961036761,1.2862923569932834,1.0213243599737851,0.8138705800684267,0.804225989142668,1.255223098711978,1000,5903.0,3.1855616569519043,1.3493130207061768,3.908858060836792,2.341498613357544,3.814906120300293,2.2680702209472656,0.0989075302380023,22776,2002,20722,6,16,292,0,52,15.475349241724194,1.36027613197804,14.07974126216231
1388399910c7,test,253451.0,0.6470588124839419,21.04395374445399,32.52247452386909,5.977486772591152,1.2570477133647135,4.720439059226438,1.1558957094198234,74.08084037451474,1.2011348182460877,0.9925238671906108,0.981928188058373,0.8556285182452924,1.1445201735613006,910,4379.0,3.290330171585083,1.834868669509888,3.635778427124024,2.863867998123169,3.551145315170288,2.677201509475708,0.2662988966900702,994,0,994,0,0,16,0,0,0.1138794275782978,0.0,0.1138794275782978
13a444b80681,test,261983.0,0.8783207361166813,16.802081925196614,19.129779400955105,9.44488764538157,0.7080612100785165,8.736826435303055,1.1113718318468595,82.58965804837365,1.4127453524882227,1.0786387432600122,0.9818870404078158,0.735461680099416,1.3918181907118694,1524,9592.0,2.7852883338928223,1.5077015161514282,2.7465133666992188,1.345805287361145,2.750570297241211,1.358101725578308,0.0810432959063305,1986,1424,222,32,7,14,0,340,23.87593171435441,17.119499879778793,2.6689107958643903
140c4f64fca3,test,262144.0,0.5628446531811667,13.499866274199958,23.985066213029587,10.96343994140625,1.4713287353515625,9.492111206054688,0.9748282877004272,83.27704542978537,1.403681798274656,1.0661134733903002,1.0360328752540175,0.8898505155448686,1.3621042740129312,1399,9179.0,2.965873956680298,1.3268139362335205,3.290964126586914,2.0488440990448,3.242425441741944,1.9699783325195312,0.1550054253908291,8470,2885,5200,31,29,45,1991,385,4.751113454569931,1.6182954328729933,2.916858319216487
148e913a3cb7,test,261951.0,0.6989334601082601,10.922483424996464,15.627358036778846,5.829334493855721,1.2116769930254132,4.617657500830308,0.9844813951249544,80.28477546549836,1.2528511194849836,1.150792911137501,,0.9099662848260048,1.1969643325858037,973,5478.0,2.857274055480957,1.0027318000793457,2.941129684448242,1.4622349739074707,2.9231865406036377,1.3844242095947266,0.2624007936507936,2643,335,2076,15,5,65,0,232,19.430966034406705,2.462873106896045,15.262461402734893
1491b52c49e4,test,225506.0,0.6438001510422535,14.153356588887997,21.98408398316621,4.36706783854975,1.4686970634927674,2.898370775056983,0.900998198005406,78.93934775982932,1.1563146867480072,0.9160444131083072,0.900998198005406,0.9089922102730464,1.0916421219997212,414,3281.0,2.962919950485229,1.145898938179016,3.2085447311401367,2.0097696781158447,3.1101672649383545,1.7634646892547607,0.5067319461444308,16257,12779,1874,6,14,4,1386,1604,0.4096931220344689,0.3220439445456405,0.0472267276061139
14a4f23b07a5,test,262144.0,0.5480759344887273,9.43321521401183,17.211511435567054,8.201980590820312,0.5580902099609375,7.643890380859375,1.012816886740024,77.35354456348301,1.38076054484761,1.0511766624552734,1.1266898649643884,0.7453117102837298,1.3617984423707326,1377,8774.0,2.600942611694336,0.8805107474327087,2.6687281131744385,1.2701833248138428,2.665933132171631,1.2482227087020874,0.0730112785707156,1268,209,553,43,13,16,360,506,0.7520134745632036,0.1239517477789507,0.3279680216352141
15586b5a4a6a,test,261809.0,0.7401996189848913,13.755417889075684,18.58338958339352,8.30987475602443,1.0901076739149531,7.219767082109477,1.1503873813390129,80.35542085686734,1.33553654648914,0.9718253158075502,1.1944399321458787,0.8236574996865428,1.298732742897369,1235,7259.0,3.065940618515014,1.3047391176223757,3.08666467666626,1.5526244640350342,3.076584577560425,1.518584966659546,0.1509893133001799,8625,4303,4135,19,51,80,0,187,115.70968607459082,57.72739468741615,55.473571236919774
156350bc41c9,test,262144.0,0.5676814971249168,10.243572017138892,18.04457617346796,9.415435791015623,0.856781005859375,8.55865478515625,1.0774682284322046,79.45648270082604,1.372363598928166,1.116312611302876,,0.8517261760027182,1.3407689557014577,1394,8353.0,2.717103958129883,0.9512787461280824,3.1193060874938965,1.6545460224151611,3.0805909633636475,1.6028367280960083,0.1001069709395614,5642,1287,3698,48,27,79,1275,657,2.47338979781507,0.5642064285338524,1.6211619057639364
15a5df617fb1,test,224213.0,0.5234230817678996,22.70705706041269,43.38184128930263,10.017706377417902,1.0989550115292157,8.918751365888687,1.0115004142496349,87.04854368932038,1.2815254576352029,1.0846522890932808,1.0365707976625902,0.7674067202168949,1.2465599389299924,1052,5150.0,3.962919235229492,2.90857195854187,4.780698299407959,4.658683300018311,4.675964832305908,4.491325378417969,0.1232184827724158,784,441,0,0,1,0,0,343,0.0525488187910286,0.0295587105699536,0.0
1620fa014ccb,test,259030.0,0.7910792178432157,34.3899697371627,43.4722199262457,7.3308111029610465,1.6086939736710033,5.722117129290044,0.8356716504931926,83.21372308769473,1.2626500503314846,1.0358679029554034,1.103673706535217,0.9085916066076164,1.1947347590563375,988,5713.0,3.4168148040771484,2.4145007133483887,3.506498098373413,3.1665968894958496,3.478535890579224,3.014035224914551,0.2811361489677506,13086,3640,3004,1,4,5,1420,6442,0.3749904361104958,0.1043072892742018,0.0860821694999181
163a8bffdc88,test,215905.0,0.3851529505913246,18.21143702890661,47.283649264393866,7.212431393436928,1.0226720085222667,6.1897593849146615,,84.58333333333333,1.2345069893335603,1.150792911137501,1.131370849898476,0.8215890708145107,1.1770486458744789,1057,4320.0,2.8489787578582764,1.368640661239624,4.105623245239258,3.980252265930176,3.89540433883667,3.709625244140625,0.1652199940137683,1467,51,1018,2,1,4,0,398,0.0982716383496527,0.0034163964252435,0.0681939521744693
167d9edb5cc1,test,259196.0,0.707861327992741,12.773057653217204,18.04457617346796,6.46383431843084,1.1628265868300436,5.301007731600796,0.9343783542471206,74.77678571428571,1.255099189924874,1.299867367239363,0.9647638212377322,0.8574412026082978,1.1978294184648963,685,5376.0,2.806583404541016,1.107204556465149,3.2463197708129883,1.8029426336288448,3.1580560207366943,1.7008671760559082,0.2193595342066957,8642,233,8075,23,3,83,1127,334,3.986125589247332,0.1074713332902833,3.7245966365623935
16ae04d67de3,test,237662.0,0.7786955110861117,23.369538637805952,30.01113824993097,7.897770783718053,1.3334062660416894,6.564364517676364,1.0812156868177878,84.80870817992637,1.305337417225388,1.0666666666666669,1.15,0.7181924030886399,1.2861532584526196,1166,6247.0,5.24681568145752,3.4167628288269043,3.010638475418091,2.135183334350586,3.1736199855804443,2.329463005065918,0.2031280046150887,6134,846,1232,1,3,7,0,4056,0.2001095480701695,0.0275990671123839,0.0401915492700438
16ae52b6ac9b,test,262144.0,0.5433274055031796,9.927485267287924,18.27164462299487,8.975601196289062,0.8838653564453125,8.09173583984375,1.1115548961809043,80.37263910158244,1.352186110378099,1.0509877084907764,1.0767743154670573,0.8183246996637966,1.3173311142418924,1278,7836.0,2.634714841842652,0.9097761511802672,3.18569016456604,1.7887871265411377,3.1231510639190674,1.7203176021575928,0.1092306241749952,5847,317,5239,22,9,110,0,291,3.3243123386739137,0.1802303764938653,2.978633887859181
16cfea326456,test,262138.0,0.7875067038416822,16.052966257372105,20.38454552711889,7.058114428278235,1.2707047433031458,5.787409684975089,1.26014955187664,81.68927250308262,1.306339282085064,1.150792911137501,0.9530026807907724,0.8587064461234731,1.2624523601262845,927,6488.0,2.996525526046753,1.319904327392578,2.971358060836792,1.7138936519622805,2.972916841506958,1.651477336883545,0.2195636411574715,7205,1567,5342,19,27,82,0,296,4.707304325101267,1.023781523585522,3.4901345877433685
1719183e95b6,test,262138.0,0.4429278959565999,10.027171394861918,22.638383101172806,8.13807994262564,0.7347275099375138,7.403352432688126,1.0206949831478005,77.45243556874915,1.3368009607284652,1.059336827319673,0.918940784244454,0.7814527155139434,1.307814464333874,1245,7411.0,2.546374797821045,0.8688174486160278,3.084023952484131,1.7347924709320068,3.024076223373413,1.6689597368240356,0.0992425413510589,6107,4673,1170,5,4,26,0,264,4.662721893491124,3.567856461156709,0.8933002481389578
172eb75bc414,test,261688.0,0.2368764807588769,14.48339976993051,61.14325796942905,7.753890128702883,1.1097184433371037,6.644171685365779,0.9880711044907462,78.4725462746928,1.2960582611721452,1.0666666666666669,1.0340334659139592,0.8636080854095499,1.2455846716411043,1151,6429.0,2.86403489112854,1.2863428592681885,3.465293407440185,3.33741307258606,3.3642890453338623,3.104801893234253,0.1670213377811008,1345,184,0,1,1,0,0,1161,0.0385466011212045,0.0052732896701127,0.0
17403c0714f1,test,262144.0,0.5465209302163825,10.89433225014936,19.9339707737012,6.9080352783203125,1.220703125,5.6873321533203125,1.047744161728131,76.45240032546786,1.285220512701538,1.0833333333333333,1.1070967856907934,0.8827184611765801,1.2355087404420846,1186,6145.0,2.909651041030884,1.0717376470565796,3.016443252563477,1.494175672531128,2.9853224754333496,1.4230996370315552,0.2146354550942383,12788,397,12207,18,12,104,0,184,176.92307692307693,5.4925290536801326,168.88489208633092
174be0d1e02d,test,262101.0,0.4536418315969779,12.474231117756544,27.497973619061728,10.355931492058405,1.2945391280460583,9.061392364012349,1.3519112599016474,81.59144893111639,1.34488064673092,1.0914103126634984,0.98284599362319,0.8826517408371413,1.3033839722425156,1542,7578.0,3.0835366249084477,1.3463395833969116,3.7868669033050537,2.3601317405700684,3.6787497997283936,2.2487120628356934,0.1428631578947368,45850,2744,42982,10,28,340,0,124,165.35631852279283,9.896133871898442,155.0129832660127
1784c33b4f27,test,260458.0,0.7317926773691502,14.836968020792272,20.27482438623504,6.280091223920939,0.9621512873476722,5.317939936573267,1.154700196225229,76.24594233339698,1.2397763421499153,,1.0979146724803404,0.8401148315373324,1.1949036620421942,874,5237.0,2.8351571559906006,1.2511928081512451,3.3675551414489746,1.8485788106918333,3.265254259109497,1.7687493562698364,0.1809255649411595,4885,3667,294,54,31,7,0,924,8.39779955303421,6.3039367371497335,0.5054151624548736
178bf0bd8902,test,259167.0,0.6700364605291884,12.401954465036347,18.50937254256493,7.882176357329444,1.3666863450979485,6.515490012231496,1.0050616901742635,78.33894500561168,1.330462645303376,0.980522479265118,0.9788529615998898,0.8891384558642254,1.2797469764643743,1394,7128.0,2.8907058238983154,1.113395094871521,3.0260426998138428,1.642123460769653,2.9939098358154297,1.5734764337539673,0.2097595641359706,53,0,0,6,0,0,0,53,0.0232244268386734,0.0,0.0
17b08e34f0ed,test,262034.0,0.4913927539866124,12.700198423772418,25.845310743264285,8.240152041338147,1.8539578833281176,6.38619415801003,1.025294926025248,79.43988151339707,1.340974610158667,0.9192388155425116,1.0013879257199867,0.9335519015271988,1.2763441019814878,1313,7427.0,3.066704034805298,1.147810935974121,2.989142417907715,1.6359875202178955,2.992732286453247,1.560063362121582,0.2903071590773275,3161,144,2865,15,2,69,480,152,1.7740088896870652,0.0808153369550577,1.6078884748350022
17bed9f69d84,test,262144.0,0.6733458964319903,12.401954465036347,18.41840060324624,8.230209350585938,1.2332916259765625,6.996917724609375,1.0649100975656154,75.83370719306116,1.3082143545533589,0.848528137423857,1.0969872353766117,0.8557315127705593,1.2579561327912885,1158,6687.0,3.14859676361084,1.272094964981079,3.2590584754943848,1.5367581844329834,3.2225217819213867,1.4920512437820437,0.1762621306291571,3127,552,2522,5,3,37,0,53,1.3626934876586252,0.2405522242365081,1.0990447636312928
17f0a333f224,test,262144.0,0.679733629250306,12.986179329087618,19.104806309804587,7.771682739257812,0.7427215576171875,7.028961181640625,1.066543583205421,80.84406294706724,1.3243245507637589,,0.9375604389392936,0.7429793994175996,1.301065791308911,1241,6990.0,2.788480758666992,1.1435471773147583,3.0481724739074707,1.5743590593338013,3.0213122367858887,1.5370808839797974,0.1056659068707261,9603,1948,6955,54,30,151,0,700,6.960410535929142,1.4119420726845744,5.041097081889741
17fb965efdf3,test,261907.0,0.6642849667748375,12.082706584336604,18.18904113245136,6.826087122528226,0.6593943651754248,6.166692757352801,0.980098193402784,78.00653594771242,1.2857873887368727,1.2298373876248845,0.9481996460700348,0.7461907765638705,1.259947693949829,971,6120.0,2.8192214965820312,1.1997432708740234,3.0628137588500977,1.588321328163147,3.037981510162353,1.553473711013794,0.1069283635688192,15707,5056,10229,33,57,218,144,422,49.71828310964801,16.004051658647757,32.37845024056723
18009c3e5653,test,262144.0,0.4988943791919427,10.754494252186271,21.5566554780699,7.44476318359375,1.1692047119140625,6.275558471679688,1.1009808720991716,75.95430884904569,1.3242570863086551,1.2935483472729858,0.85146931829632,0.8637731352527352,1.2787542972545067,852,6916.0,2.821239471435547,1.047106385231018,2.943542718887329,1.557981252670288,2.917323112487793,1.483978271484375,0.1863108625615464,21879,12327,8198,1,11,5,0,1354,13.867040189634738,7.812925838366809,5.195941106751935
1822b6c60784,test,258391.0,0.7111806150260925,12.474231117756544,17.54017313491999,7.595465786347048,0.9164405881009788,6.679025198246069,1.0230868418613572,77.76614310645724,1.272593060697696,1.0737509843863184,0.9771667823277992,0.8300584731256117,1.2358014451513508,1027,5730.0,2.676942586898804,1.0250542163848877,3.600271224975586,1.8357402086257932,3.4477312564849854,1.7644578218460083,0.1372117278943098,5392,2977,1215,68,49,44,56,1200,56.014959484728855,30.926656970704343,12.622065239975068
1876ac30fdc5,test,261929.0,0.6646477614484875,11.873728666105622,17.864693684108463,9.833962638730345,0.7005715289257776,9.133391109804563,0.9770233081319516,85.22276135862373,1.3899056310350828,,1.0382848302555192,0.7434033235316474,1.3721120418924526,1784,9068.0,3.070082664489746,1.31462824344635,2.991966009140014,1.672810196876526,2.9908580780029297,1.6480811834335327,0.0767044267023366,53,0,8,5,0,2,0,45,0.0437084563492718,0.0,0.0065975028451731
18b0e7e82204,test,260695.0,0.3613233723078434,13.82029046454405,38.24909076949863,5.52791576363183,1.0809566735073552,4.446959090124475,0.9270129883142582,78.96033505789603,1.1802413688591868,0.9855618748238182,1.0374120036798635,0.8805973638615956,1.1196174698073225,681,4059.0,3.183738470077514,1.3670908212661743,3.857573747634888,2.9806432723999023,3.688441276550293,2.7130250930786133,0.2430777193133787,77703,14627,61430,2,10,109,0,1646,2.226112755563348,0.4190488304907802,1.75990768148278
18c7998ba166,test,262144.0,0.8926550868456187,15.695503145811402,17.582942591269724,8.291244506835938,1.34124755859375,6.949996948242188,1.093188788999897,77.12256869404138,1.3013842886715503,1.024268830705389,1.01870951259956,0.8548090918758581,1.2542066747319187,1059,6478.0,3.222763776779175,1.45815908908844,3.3625779151916504,1.7022743225097656,3.33817458152771,1.6635810136795044,0.1929853449695373,13124,5436,7242,33,56,127,963,446,5.958304579958595,2.467947553844477,3.287872734536738
18e65ae600f3,test,262144.0,0.6141264257998347,13.346410249100844,21.73234970587458,10.870361328125,0.76904296875,10.101318359375,1.0505349548353728,87.78091254013036,1.4280420556325972,1.028991510855053,1.084938904827046,0.745344477674023,1.409756640909535,1703,10279.0,2.9962046146392822,1.2932389974594116,2.9182965755462646,1.6407506465911863,2.924180030822754,1.6201180219650269,0.0761329305135951,72,0,5,6,0,1,0,67,0.0517821696729093,0.0,0.0035959840050631
1a0a62061725,test,262007.0,1.153882713657721,22.180197554413084,19.22222882090289,6.818520115874767,1.1194357402664814,5.699084375608285,0.9589270286209426,79.52492472398795,1.2774008622681146,1.027027027027027,0.8081220356417685,0.8221058214219303,1.2317831927483869,939,5978.0,3.34169340133667,1.812554955482483,2.9901301860809326,1.5220797061920166,3.0290420055389404,1.5676332712173462,0.1964237878381998,5703,30,5611,8,2,74,0,62,66.33709433523322,0.3489589391648249,65.26695358846109
1a495e43fc7d,test,261063.0,0.7821383801966356,20.860106332253583,26.67060824583137,9.078651513236268,1.584674963514554,7.493976549721714,1.041161079488963,80.54548092267518,1.3282897286137525,1.006230589874905,0.9707253433941512,0.8815529684395992,1.2796940840254696,1152,6893.0,3.6094350814819336,2.0366640090942383,3.49900221824646,2.123093605041504,3.494070529937744,2.103299379348755,0.211459824166837,295007,256446,29032,7,93,26,18079,9529,8.453087338091402,7.348166096072932,0.831878672707663
1a7fe0c18772,test,262144.0,0.9479789159071774,17.321133861547885,18.27164462299487,7.1624755859375,1.1867523193359375,5.9757232666015625,1.1,77.59532931946725,1.2581850429883932,1.073312629199899,1.1,0.8644931694409083,1.1974764183819524,878,5481.0,2.8001861572265625,1.2782188653945925,3.57452130317688,1.81258237361908,3.409610748291016,1.744781494140625,0.1985955952760932,68,0,0,5,0,0,0,68,0.0418327673605984,0.0,0.0
1b4843340486,test,262053.0,0.6916754002229267,13.346410249100844,19.295771173587063,6.75359564668216,1.5161055206389549,5.237490126043205,1.3643820804812932,77.69473509383823,1.2854855107906622,,1.032759737211793,0.921437636360358,1.2290986682724698,874,6021.0,3.1747488975524902,1.3323882818222046,2.9717984199523926,1.3943697214126587,2.9984517097473145,1.3750914335250854,0.289471766848816,2999,906,1724,31,10,57,0,369,1.9384404571074,0.585604219452919,1.114328558870676
1c241074f213,test,262144.0,0.7861098872586453,13.413598844593302,17.06326184418028,6.4655303955078125,0.8152008056640625,5.65032958984375,1.0820905434077457,72.04527081649151,1.28805216120146,1.0685934174848224,1.035092548561158,0.7764003708362442,1.2498653065558156,1110,6185.0,2.7150354385375977,1.131392478942871,2.836066484451294,1.3454217910766602,2.8106985092163086,1.317432165145874,0.1442749122333243,6892,113,6700,9,2,146,0,79,4.109425682121732,0.0673774088914329,3.994943713031864
1ca7ecbd29fc,test,262083.0,0.3101958050391039,14.674890125542625,47.308473832174094,9.60230156095588,0.8428627572181332,8.759438803737748,1.0470356089721404,84.0447712059695,1.397615420889446,0.903876907577734,1.1178430553234708,0.7877644996526911,1.3821418989922831,1646,9113.0,2.767202138900757,1.2015395164489746,3.059276580810547,2.726608991622925,3.0335447788238525,2.629086494445801,0.0962233741342509,1588,808,474,1,1,4,0,306,0.0603677414253477,0.0307160800199502,0.0180190865463569
1d1539c0fb03,test,260697.0,0.2355684015968391,10.027171394861918,42.56585911731408,7.081401013437056,0.7004300011124025,6.380971012324653,1.035677741617831,72.39881088497599,1.1997775727462872,0.9188458377475331,1.096885940735563,0.8726655542619021,1.1664049558571337,735,4373.0,3.556457996368408,1.0964962244033811,4.447385311126709,3.9875168800354,4.331480503082275,3.783555030822754,0.1097685602645025,31444,18395,11873,3,9,11,2570,1176,0.8999525467077203,0.5264796812329384,0.339814800504413
1d2354eba61d,test,262144.0,0.7404071821515901,15.157492915630916,20.47183398678538,8.82568359375,1.19781494140625,7.62786865234375,1.0975923711122355,78.10689836756187,1.3468315528431618,0.953998092005724,1.2857142857142858,0.8283528918305093,1.3069614921227224,1553,7596.0,2.966810941696167,1.3200300931930542,3.1536519527435303,1.7419641017913818,3.1174755096435547,1.6912710666656494,0.1570314062812562,218,0,0,6,0,0,0,218,0.1599248793227401,0.0,0.0
1d5a1d9fe2cb,test,261592.0,0.3083624414873132,11.940702347989491,38.7229465767502,7.81904645402,1.4346769014342946,6.384369552585706,1.055056461431218,84.9321199462927,1.3098386932263624,1.0197759257106722,,0.95276619457416,1.2547859131848575,957,6703.0,2.847967624664306,1.0334843397140503,3.330301523208618,2.2898240089416504,3.2335686683654785,2.1063449382781982,0.2247170828094126,114272,60045,51740,3,32,94,2940,2487,2.5014589946968333,1.3144086507330874,1.1326089364464975
207265d7e694,test,261061.0,0.5075609006558873,11.940702347989491,23.52565442404904,9.431129123078517,0.6837482427478635,8.74738088033065,1.0343904325549766,84.83848953594176,1.3823214301351876,,1.0533703247651751,0.778465951697726,1.3602722094344848,1869,8792.0,2.743820905685425,1.088978886604309,3.074120283126831,1.7051045894622805,3.034820318222046,1.660016417503357,0.0781660535995796,59,0,1,6,0,0,0,58,0.0352942584018281,0.0,0.0005982077695225
213e9ca67626,test,262135.0,1.003877325724465,16.662960307678443,16.598602120685747,7.538863562668091,0.8823697713010472,6.656493791367044,1.0790663270113572,76.97746354396818,1.3158246625354155,1.0539303728279354,1.106656739714808,0.8017149722030129,1.2809435128880813,1081,6789.0,2.9180328845977783,1.3860070705413818,3.027501106262207,1.4959887266159058,3.0047712326049805,1.475291132926941,0.13255773969855,17156,3092,13865,17,26,174,756,199,140.140499918314,25.25731089691227,113.25763764090834
26978370afb3,test,261697.0,1.2517917792410775,30.07934193387722,24.029029773716356,7.687134357673186,1.8567274366920523,5.830406920981135,1.0273089141371432,84.91484184914842,1.270101455443905,0.953998092005724,1.093188788999897,0.916830586680101,1.2037231200140963,1065,5754.0,3.859410047531128,2.5756494998931885,3.482820749282837,2.051016330718994,3.53440260887146,2.163315296173096,0.3184558919910866,112438,30286,77061,11,36,139,0,5091,3.220325876196832,0.8674183949065017,2.2070966429997334
2febc332f628,test,260870.0,0.6705889114862401,20.69263434655025,30.85740606818078,7.474220876298539,1.1151148081419864,6.359106068156553,,75.81855388813096,1.2735440415275197,0.8315667549715153,1.008579315267019,0.7976127656891501,1.240808454503186,1026,5864.0,3.844216108322144,2.578299045562744,3.443392515182495,2.374871015548706,3.4754364490509038,2.38904333114624,0.1753571643860389,200780,38536,153219,18,51,300,8386,9025,5.75196533121643,1.1039831457503553,4.389433091361939
326808142745,test,262108.0,0.5654925720540066,11.07229570113631,19.579913598014272,8.687258687258687,1.0671173714651976,7.620141315793489,1.0555892148134156,85.24067138299348,1.3380203702616864,1.218415398160343,1.021862342986848,0.8336434943538807,1.302979275007368,977,7209.0,3.090245485305786,1.2681522369384766,3.2953155040740967,1.7857784032821655,3.2604730129241943,1.7279127836227417,0.1400390527211736,6018,458,5131,35,3,83,0,429,3.194267515923567,0.2430997876857749,2.7234607218683653
